"DT_GERACAO";"HH_GERACAO";"ANO_ELEICAO";"CD_TIPO_ELEICAO";"NM_TIPO_ELEICAO";"NR_TURNO";"CD_ELEICAO";"DS_ELEICAO";"DT_ELEICAO";"TP_ABRANGENCIA";"SG_UF";"SG_UE";"NM_UE";"CD_MUNICIPIO";"NM_MUNICIPIO";"NR_ZONA";"CD_CARGO";"DS_CARGO";"QT_APTOS";"QT_SECOES_PRINCIPAIS";"QT_SECOES_AGREGADAS";"QT_SECOES_NAO_INSTALADAS";"QT_TOTAL_SECOES";"QT_COMPARECIMENTO";"QT_ELEITORES_SECOES_NAO_INSTALADAS";"QT_ABSTENCOES";"ST_VOTO_EM_TRANSITO";"QT_VOTOS";"QT_VOTOS_CONCORRENTES";"QT_TOTAL_VOTOS_VALIDOS";"QT_VOTOS_NOMINAIS_VALIDOS";"QT_TOTAL_VOTOS_LEG_VALIDOS";"QT_VOTOS_LEG_VALIDOS";"QT_VOTOS_NOM_CONVR_LEG_VALIDOS";"QT_TOTAL_VOTOS_ANULADOS";"QT_VOTOS_NOMINAIS_ANULADOS";"QT_VOTOS_LEGENDA_ANULADOS";"QT_TOTAL_VOTOS_ANUL_SUBJUD";"QT_VOTOS_NOMINAIS_ANUL_SUBJUD";"QT_VOTOS_LEGENDA_ANUL_SUBJUD";"QT_VOTOS_BRANCOS";"QT_TOTAL_VOTOS_NULOS";"QT_VOTOS_NULOS";"QT_VOTOS_NULOS_TECNICOS";"QT_VOTOS_ANULADOS_APU_SEP";"HH_ULTIMA_TOTALIZACAO";"DT_ULTIMA_TOTALIZACAO"
"12/02/2026";"18:27:56";1996;2;"Eleição Ordinária";1;1996001;"Eleições Municipais 1996";"03/10/1996";"M";"SP";"61000";"EUCLIDES DA CUNHA PAULISTA";"61000";"EUCLIDES DA CUNHA PAULISTA";-3;11;"Prefeito";7503;0;0;0;0;6120;0;1383;"N";0;0;0;5902;0;0;0;0;0;0;0;0;0;92;0;126;0;0;"15:16:04";"27/10/2005"
"12/02/2026";"18:27:56";1996;2;"Eleição Ordinária";1;1996001;"Eleições Municipais 1996";"03/10/1996";"M";"SP";"61018";"ADAMANTINA";"61018";"ADAMANTINA";-3;11;"Prefeito";23715;0;0;0;0;18946;0;4769;"N";0;0;0;17100;0;0;0;0;0;0;0;0;0;555;0;1291;0;0;"15:16:04";"27/10/2005"
"12/02/2026";"18:27:56";1996;2;"Eleição Ordinária";1;1996001;"Eleições Municipais 1996";"03/10/1996";"M";"SP";"61000";"EUCLIDES DA CUNHA PAULISTA";"61000";"EUCLIDES DA CUNHA PAULISTA";-3;13;"Vereador";7503;0;0;0;0;6120;0;1383;"N";0;0;0;5193;69;0;0;0;0;0;0;0;0;623;0;235;0;0;"15:16:04";"27/10/2005"
"12/02/2026";"18:27:56";1996;2;"Eleição Ordinária";1;1996001;"Eleições Municipais 1996";"03/10/1996";"M";"SP";"61026";"BOREBI";"61026";"BOREBI";-3;11;"Prefeito";1259;0;0;0;0;1080;0;179;"N";0;0;0;901;0;0;0;0;0;0;0;0;0;106;0;73;0;0;"15:16:04";"27/10/2005"
"12/02/2026";"18:27:56";1996;2;"Eleição Ordinária";1;1996001;"Eleições Municipais 1996";"03/10/1996";"M";"SP";"61018";"ADAMANTINA";"61018";"ADAMANTINA";-3;13;"Vereador";23715;0;0;0;0;18946;0;4769;"N";0;0;0;15856;55;0;0;0;0;0;0;0;0;2119;0;916;0;0;"15:16:04";"27/10/2005"
"12/02/2026";"18:27:56";1996;2;"Eleição Ordinária";1;1996001;"Eleições Municipais 1996";"03/10/1996";"M";"SP";"61026";"BOREBI";"61026";"BOREBI";-3;13;"Vereador";1259;0;0;0;0;1080;0;179;"N";0;0;0;941;0;0;0;0;0;0;0;0;0;88;0;51;0;0;"15:16:04";"27/10/2005"
"12/02/2026";"18:27:56";1996;2;"Eleição Ordinária";1;1996001;"Eleições Municipais 1996";"03/10/1996";"M";"SP";"61034";"ADOLFO";"61034";"ADOLFO";-3;11;"Prefeito";2776;0;0;0;0;2475;0;301;"N";0;0;0;2404;0;0;0;0;0;0;0;0;0;21;0;50;0;0;"15:16:04";"27/10/2005"
"12/02/2026";"18:27:56";1996;2;"Eleição Ordinária";1;1996001;"Eleições Municipais 1996";"03/10/1996";"M";"SP";"61042";"TARUMA";"61042";"TARUMA";-3;11;"Prefeito";6757;0;0;0;0;6103;0;654;"N";0;0;0;5869;0;0;0;0;0;0;0;0;0;133;0;101;0;0;"15:16:04";"27/10/2005"
"12/02/2026";"18:27:56";1996;2;"Eleição Ordinária";1;1996001;"Eleições Municipais 1996";"03/10/1996";"M";"SP";"61034";"ADOLFO";"61034";"ADOLFO";-3;13;"Vereador";2776;0;0;0;0;2475;0;301;"N";0;0;0;2215;12;0;0;0;0;0;0;0;0;157;0;91;0;0;"15:16:04";"27/10/2005"
"12/02/2026";"18:27:56";1996;2;"Eleição Ordinária";1;1996001;"Eleições Municipais 1996";"03/10/1996";"M";"SP";"61050";"AGUAI";"61050";"AGUAI";-3;11;"Prefeito";17355;0;0;0;0;14919;0;2436;"N";0;0;0;13688;0;0;0;0;0;0;0;0;0;231;0;1000;0;0;"15:16:04";"27/10/2005"
"12/02/2026";"18:27:56";1996;2;"Eleição Ordinária";1;1996001;"Eleições Municipais 1996";"03/10/1996";"M";"SP";"61042";"TARUMA";"61042";"TARUMA";-3;13;"Vereador";6757;0;0;0;0;6103;0;654;"N";0;0;0;5577;12;0;0;0;0;0;0;0;0;369;0;145;0;0;"15:16:04";"27/10/2005"
"12/02/2026";"18:27:56";1996;2;"Eleição Ordinária";1;1996001;"Eleições Municipais 1996";"03/10/1996";"M";"SP";"61050";"AGUAI";"61050";"AGUAI";-3;13;"Vereador";17355;0;0;0;0;14919;0;2436;"N";0;0;0;12375;142;0;0;0;0;0;0;0;0;1652;0;750;0;0;"15:16:04";"27/10/2005"
"12/02/2026";"18:27:56";1996;2;"Eleição Ordinária";1;1996001;"Eleições Municipais 1996";"03/10/1996";"M";"SP";"61069";"MOTUCA";"61069";"MOTUCA";-3;11;"Prefeito";2579;0;0;0;0;2256;0;323;"N";0;0;0;2136;0;0;0;0;0;0;0;0;0;73;0;47;0;0;"15:16:04";"27/10/2005"
"12/02/2026";"18:27:56";1996;2;"Eleição Ordinária";1;1996001;"Eleições Municipais 1996";"03/10/1996";"M";"SP";"61077";"AGUAS DA PRATA";"61077";"AGUAS DA PRATA";-3;11;"Prefeito";4583;0;0;0;0;3992;0;591;"N";0;0;0;3682;0;0;0;0;0;0;0;0;0;52;0;258;0;0;"15:16:04";"27/10/2005"
"12/02/2026";"18:27:56";1996;2;"Eleição Ordinária";1;1996001;"Eleições Municipais 1996";"03/10/1996";"M";"SP";"61069";"MOTUCA";"61069";"MOTUCA";-3;13;"Vereador";2579;0;0;0;0;2256;0;323;"N";0;0;0;2008;6;0;0;0;0;0;0;0;0;165;0;77;0;0;"15:16:04";"27/10/2005"
"12/02/2026";"18:27:56";1996;2;"Eleição Ordinária";1;1996001;"Eleições Municipais 1996";"03/10/1996";"M";"SP";"61085";"IARAS";"61085";"IARAS";-3;11;"Prefeito";1828;0;0;0;0;1528;0;300;"N";0;0;0;1494;0;0;0;0;0;0;0;0;0;13;0;21;0;0;"15:16:04";"27/10/2005"
"12/02/2026";"18:27:56";1996;2;"Eleição Ordinária";1;1996001;"Eleições Municipais 1996";"03/10/1996";"M";"SP";"61077";"AGUAS DA PRATA";"61077";"AGUAS DA PRATA";-3;13;"Vereador";4583;0;0;0;0;3992;0;591;"N";0;0;0;3379;42;0;0;0;0;0;0;0;0;387;0;184;0;0;"15:16:04";"27/10/2005"
"12/02/2026";"18:27:56";1996;2;"Eleição Ordinária";1;1996001;"Eleições Municipais 1996";"03/10/1996";"M";"SP";"61085";"IARAS";"61085";"IARAS";-3;13;"Vereador";1828;0;0;0;0;1528;0;300;"N";0;0;0;1387;9;0;0;0;0;0;0;0;0;77;0;55;0;0;"15:16:04";"27/10/2005"
"12/02/2026";"18:27:56";1996;2;"Eleição Ordinária";1;1996001;"Eleições Municipais 1996";"03/10/1996";"M";"SP";"61093";"AGUAS DE LINDOIA";"61093";"AGUAS DE LINDOIA";-3;11;"Prefeito";9519;0;0;0;0;8250;0;1269;"N";0;0;0;7446;0;0;0;0;0;0;0;0;0;190;0;614;0;0;"15:16:04";"27/10/2005"
"12/02/2026";"18:27:56";1996;2;"Eleição Ordinária";1;1996001;"Eleições Municipais 1996";"03/10/1996";"M";"SP";"61107";"GUATAPARA";"61107";"GUATAPARA";-3;11;"Prefeito";3401;0;0;0;0;2976;0;425;"N";0;0;0;2874;0;0;0;0;0;0;0;0;0;38;0;64;0;0;"15:16:04";"27/10/2005"
"12/02/2026";"18:27:56";1996;2;"Eleição Ordinária";1;1996001;"Eleições Municipais 1996";"03/10/1996";"M";"SP";"61093";"AGUAS DE LINDOIA";"61093";"AGUAS DE LINDOIA";-3;13;"Vereador";9519;0;0;0;0;8250;0;1269;"N";0;0;0;6661;92;0;0;0;0;0;0;0;0;942;0;555;0;0;"15:16:04";"27/10/2005"
"12/02/2026";"18:27:56";1996;2;"Eleição Ordinária";1;1996001;"Eleições Municipais 1996";"03/10/1996";"M";"SP";"61115";"AGUAS DE SAO PEDRO";"61115";"AGUAS DE SAO PEDRO";-3;11;"Prefeito";2530;0;0;0;0;2077;0;453;"N";0;0;0;1968;0;0;0;0;0;0;0;0;0;35;0;74;0;0;"15:16:04";"27/10/2005"
"12/02/2026";"18:27:56";1996;2;"Eleição Ordinária";1;1996001;"Eleições Municipais 1996";"03/10/1996";"M";"SP";"61107";"GUATAPARA";"61107";"GUATAPARA";-3;13;"Vereador";3401;0;0;0;0;2976;0;425;"N";0;0;0;2653;40;0;0;0;0;0;0;0;0;207;0;76;0;0;"15:16:04";"27/10/2005"
"12/02/2026";"18:27:56";1996;2;"Eleição Ordinária";1;1996001;"Eleições Municipais 1996";"03/10/1996";"M";"SP";"61115";"AGUAS DE SAO PEDRO";"61115";"AGUAS DE SAO PEDRO";-3;13;"Vereador";2530;0;0;0;0;2077;0;453;"N";0;0;0;1900;3;0;0;0;0;0;0;0;0;104;0;70;0;0;"15:16:04";"27/10/2005"
"12/02/2026";"18:27:56";1996;2;"Eleição Ordinária";1;1996001;"Eleições Municipais 1996";"03/10/1996";"M";"SP";"61123";"DIRCE REIS";"61123";"DIRCE REIS";-3;11;"Prefeito";1588;0;0;0;0;1404;0;184;"N";0;0;0;1353;0;0;0;0;0;0;0;0;0;16;0;35;0;0;"15:16:04";"27/10/2005"
"12/02/2026";"18:27:56";1996;2;"Eleição Ordinária";1;1996001;"Eleições Municipais 1996";"03/10/1996";"M";"SP";"61131";"AGUDOS";"61131";"AGUDOS";-3;11;"Prefeito";20817;0;0;0;0;17980;0;2837;"N";0;0;0;16268;0;0;0;0;0;0;0;0;0;399;0;1313;0;0;"15:16:04";"27/10/2005"
"12/02/2026";"18:27:56";1996;2;"Eleição Ordinária";1;1996001;"Eleições Municipais 1996";"03/10/1996";"M";"SP";"61123";"DIRCE REIS";"61123";"DIRCE REIS";-3;13;"Vereador";1588;0;0;0;0;1404;0;184;"N";0;0;0;1252;2;0;0;0;0;0;0;0;0;99;0;51;0;0;"15:16:04";"27/10/2005"
"12/02/2026";"18:27:56";1996;2;"Eleição Ordinária";1;1996001;"Eleições Municipais 1996";"03/10/1996";"M";"SP";"61140";"ESPIRITO SANTO DO TURVO";"61140";"ESPIRITO SANTO DO TURVO";-3;11;"Prefeito";2374;0;0;0;0;2048;0;326;"N";0;0;0;1974;0;0;0;0;0;0;0;0;0;24;0;50;0;0;"15:16:04";"27/10/2005"
"12/02/2026";"18:27:56";1996;2;"Eleição Ordinária";1;1996001;"Eleições Municipais 1996";"03/10/1996";"M";"SP";"61131";"AGUDOS";"61131";"AGUDOS";-3;13;"Vereador";20817;0;0;0;0;17980;0;2837;"N";0;0;0;15337;71;0;0;0;0;0;0;0;0;1632;0;940;0;0;"15:16:04";"27/10/2005"
"12/02/2026";"18:27:56";1996;2;"Eleição Ordinária";1;1996001;"Eleições Municipais 1996";"03/10/1996";"M";"SP";"61140";"ESPIRITO SANTO DO TURVO";"61140";"ESPIRITO SANTO DO TURVO";-3;13;"Vereador";2374;0;0;0;0;2048;0;326;"N";0;0;0;1838;4;0;0;0;0;0;0;0;0;139;0;67;0;0;"15:16:04";"27/10/2005"
"12/02/2026";"18:27:56";1996;2;"Eleição Ordinária";1;1996001;"Eleições Municipais 1996";"03/10/1996";"M";"SP";"61158";"ALFREDO MARCONDES";"61158";"ALFREDO MARCONDES";-3;11;"Prefeito";3412;0;0;0;0;3088;0;324;"N";0;0;0;2998;0;0;0;0;0;0;0;0;0;40;0;50;0;0;"15:16:04";"27/10/2005"
"12/02/2026";"18:27:56";1996;2;"Eleição Ordinária";1;1996001;"Eleições Municipais 1996";"03/10/1996";"M";"SP";"61166";"ROSANA";"61166";"ROSANA";-3;11;"Prefeito";14215;0;0;0;0;10912;0;3303;"N";0;0;0;10520;0;0;0;0;0;0;0;0;0;117;0;275;0;0;"15:16:04";"27/10/2005"
"12/02/2026";"18:27:56";1996;2;"Eleição Ordinária";1;1996001;"Eleições Municipais 1996";"03/10/1996";"M";"SP";"61158";"ALFREDO MARCONDES";"61158";"ALFREDO MARCONDES";-3;13;"Vereador";3412;0;0;0;0;3088;0;324;"N";0;0;0;2783;0;0;0;0;0;0;0;0;0;184;0;121;0;0;"15:16:04";"27/10/2005"
"12/02/2026";"18:27:56";1996;2;"Eleição Ordinária";1;1996001;"Eleições Municipais 1996";"03/10/1996";"M";"SP";"61174";"ALTAIR";"61174";"ALTAIR";-3;11;"Prefeito";2614;0;0;0;0;2263;0;351;"N";0;0;0;2171;0;0;0;0;0;0;0;0;0;40;0;52;0;0;"15:16:04";"27/10/2005"
"12/02/2026";"18:27:56";1996;2;"Eleição Ordinária";1;1996001;"Eleições Municipais 1996";"03/10/1996";"M";"SP";"61166";"ROSANA";"61166";"ROSANA";-3;13;"Vereador";14215;0;0;0;0;10912;0;3303;"N";0;0;0;9835;172;0;0;0;0;0;0;0;0;631;0;274;0;0;"15:16:04";"27/10/2005"
"12/02/2026";"18:27:56";1996;2;"Eleição Ordinária";1;1996001;"Eleições Municipais 1996";"03/10/1996";"M";"SP";"61174";"ALTAIR";"61174";"ALTAIR";-3;13;"Vereador";2614;0;0;0;0;2263;0;351;"N";0;0;0;2041;3;0;0;0;0;0;0;0;0;167;0;52;0;0;"15:16:04";"27/10/2005"
"12/02/2026";"18:27:56";1996;2;"Eleição Ordinária";1;1996001;"Eleições Municipais 1996";"03/10/1996";"M";"SP";"61182";"EMBAUBA";"61182";"EMBAUBA";-3;11;"Prefeito";1937;0;0;0;0;1831;0;106;"N";0;0;0;1801;0;0;0;0;0;0;0;0;0;13;0;17;0;0;"15:16:04";"27/10/2005"
"12/02/2026";"18:27:56";1996;2;"Eleição Ordinária";1;1996001;"Eleições Municipais 1996";"03/10/1996";"M";"SP";"61190";"ALTINOPOLIS";"61190";"ALTINOPOLIS";-3;11;"Prefeito";10412;0;0;0;0;9033;0;1379;"N";0;0;0;8251;0;0;0;0;0;0;0;0;0;356;0;426;0;0;"15:16:04";"27/10/2005"
"12/02/2026";"18:27:56";1996;2;"Eleição Ordinária";1;1996001;"Eleições Municipais 1996";"03/10/1996";"M";"SP";"61182";"EMBAUBA";"61182";"EMBAUBA";-3;13;"Vereador";1937;0;0;0;0;1831;0;106;"N";0;0;0;1669;10;0;0;0;0;0;0;0;0;128;0;24;0;0;"15:16:04";"27/10/2005"
"12/02/2026";"18:27:56";1996;2;"Eleição Ordinária";1;1996001;"Eleições Municipais 1996";"03/10/1996";"M";"SP";"61204";"ILHA SOLTEIRA";"61204";"ILHA SOLTEIRA";-3;11;"Prefeito";15615;0;0;0;0;12929;0;2686;"N";0;0;0;11939;0;0;0;0;0;0;0;0;0;199;0;791;0;0;"15:16:04";"27/10/2005"
"12/02/2026";"18:27:56";1996;2;"Eleição Ordinária";1;1996001;"Eleições Municipais 1996";"03/10/1996";"M";"SP";"61190";"ALTINOPOLIS";"61190";"ALTINOPOLIS";-3;13;"Vereador";10412;0;0;0;0;9033;0;1379;"N";0;0;0;8090;18;0;0;0;0;0;0;0;0;601;0;324;0;0;"15:16:04";"27/10/2005"
"12/02/2026";"18:27:56";1996;2;"Eleição Ordinária";1;1996001;"Eleições Municipais 1996";"03/10/1996";"M";"SP";"61204";"ILHA SOLTEIRA";"61204";"ILHA SOLTEIRA";-3;13;"Vereador";15615;0;0;0;0;12929;0;2686;"N";0;0;0;11503;122;0;0;0;0;0;0;0;0;700;0;604;0;0;"15:16:04";"27/10/2005"
"12/02/2026";"18:27:56";1996;2;"Eleição Ordinária";1;1996001;"Eleições Municipais 1996";"03/10/1996";"M";"SP";"61212";"ALTO ALEGRE";"61212";"ALTO ALEGRE";-3;11;"Prefeito";4046;0;0;0;0;3529;0;517;"N";0;0;0;3340;0;0;0;0;0;0;0;0;0;56;0;133;0;0;"15:16:04";"27/10/2005"
"12/02/2026";"18:27:56";1996;2;"Eleição Ordinária";1;1996001;"Eleições Municipais 1996";"03/10/1996";"M";"SP";"61220";"ALUMINIO";"61220";"ALUMINIO";-3;11;"Prefeito";10902;0;0;0;0;9721;0;1181;"N";0;0;0;9155;0;0;0;0;0;0;0;0;0;202;0;364;0;0;"15:16:04";"27/10/2005"
"12/02/2026";"18:27:56";1996;2;"Eleição Ordinária";1;1996001;"Eleições Municipais 1996";"03/10/1996";"M";"SP";"61212";"ALTO ALEGRE";"61212";"ALTO ALEGRE";-3;13;"Vereador";4046;0;0;0;0;3529;0;517;"N";0;0;0;3151;9;0;0;0;0;0;0;0;0;252;0;117;0;0;"15:16:04";"27/10/2005"
"12/02/2026";"18:27:56";1996;2;"Eleição Ordinária";1;1996001;"Eleições Municipais 1996";"03/10/1996";"M";"SP";"61239";"ALVARES FLORENCE";"61239";"ALVARES FLORENCE";-3;11;"Prefeito";4249;0;0;0;0;3856;0;393;"N";0;0;0;3746;0;0;0;0;0;0;0;0;0;54;0;56;0;0;"15:16:04";"27/10/2005"
"12/02/2026";"18:27:56";1996;2;"Eleição Ordinária";1;1996001;"Eleições Municipais 1996";"03/10/1996";"M";"SP";"61220";"ALUMINIO";"61220";"ALUMINIO";-3;13;"Vereador";10902;0;0;0;0;9721;0;1181;"N";0;0;0;8451;68;0;0;0;0;0;0;0;0;740;0;462;0;0;"15:16:04";"27/10/2005"
"12/02/2026";"18:27:56";1996;2;"Eleição Ordinária";1;1996001;"Eleições Municipais 1996";"03/10/1996";"M";"SP";"61239";"ALVARES FLORENCE";"61239";"ALVARES FLORENCE";-3;13;"Vereador";4249;0;0;0;0;3856;0;393;"N";0;0;0;3527;3;0;0;0;0;0;0;0;0;223;0;103;0;0;"15:16:04";"27/10/2005"
"12/02/2026";"18:27:56";1996;2;"Eleição Ordinária";1;1996001;"Eleições Municipais 1996";"03/10/1996";"M";"SP";"61247";"PEDRINHAS PAULISTA";"61247";"PEDRINHAS PAULISTA";-3;11;"Prefeito";1959;0;0;0;0;1766;0;193;"N";0;0;0;1699;0;0;0;0;0;0;0;0;0;39;0;28;0;0;"15:16:04";"27/10/2005"
"12/02/2026";"18:27:56";1996;2;"Eleição Ordinária";1;1996001;"Eleições Municipais 1996";"03/10/1996";"M";"SP";"61255";"ALVARES MACHADO";"61255";"ALVARES MACHADO";-3;11;"Prefeito";11376;0;0;0;0;9889;0;1487;"N";0;0;0;9286;0;0;0;0;0;0;0;0;0;185;0;418;0;0;"15:16:04";"27/10/2005"
"12/02/2026";"18:27:56";1996;2;"Eleição Ordinária";1;1996001;"Eleições Municipais 1996";"03/10/1996";"M";"SP";"61247";"PEDRINHAS PAULISTA";"61247";"PEDRINHAS PAULISTA";-3;13;"Vereador";1959;0;0;0;0;1766;0;193;"N";0;0;0;1641;7;0;0;0;0;0;0;0;0;72;0;46;0;0;"15:16:04";"27/10/2005"
"12/02/2026";"18:27:56";1996;2;"Eleição Ordinária";1;1996001;"Eleições Municipais 1996";"03/10/1996";"M";"SP";"61263";"ARACARIGUAMA";"61263";"ARACARIGUAMA";-3;11;"Prefeito";6196;0;0;0;0;5357;0;839;"N";0;0;0;4912;0;0;0;0;0;0;0;0;0;160;0;285;0;0;"15:16:04";"27/10/2005"
"12/02/2026";"18:27:56";1996;2;"Eleição Ordinária";1;1996001;"Eleições Municipais 1996";"03/10/1996";"M";"SP";"61255";"ALVARES MACHADO";"61255";"ALVARES MACHADO";-3;13;"Vereador";11376;0;0;0;0;9889;0;1487;"N";0;0;0;8482;33;0;0;0;0;0;0;0;0;973;0;401;0;0;"15:16:04";"27/10/2005"
"12/02/2026";"18:27:56";1996;2;"Eleição Ordinária";1;1996001;"Eleições Municipais 1996";"03/10/1996";"M";"SP";"61263";"ARACARIGUAMA";"61263";"ARACARIGUAMA";-3;13;"Vereador";6196;0;0;0;0;5357;0;839;"N";0;0;0;4538;28;0;0;0;0;0;0;0;0;561;0;230;0;0;"15:16:04";"27/10/2005"
"12/02/2026";"18:27:56";1996;2;"Eleição Ordinária";1;1996001;"Eleições Municipais 1996";"03/10/1996";"M";"SP";"61271";"ALVARO DE CARVALHO";"61271";"ALVARO DE CARVALHO";-3;11;"Prefeito";2823;0;0;0;0;2296;0;527;"N";0;0;0;2133;0;0;0;0;0;0;0;0;0;63;0;100;0;0;"15:16:04";"27/10/2005"
"12/02/2026";"18:27:56";1996;2;"Eleição Ordinária";1;1996001;"Eleições Municipais 1996";"03/10/1996";"M";"SP";"61280";"BERTIOGA";"61280";"BERTIOGA";-3;11;"Prefeito";13084;0;0;0;0;10314;0;2770;"N";0;0;0;9599;0;0;0;0;0;0;0;0;0;195;0;520;0;0;"15:16:04";"27/10/2005"
"12/02/2026";"18:27:56";1996;2;"Eleição Ordinária";1;1996001;"Eleições Municipais 1996";"03/10/1996";"M";"SP";"61271";"ALVARO DE CARVALHO";"61271";"ALVARO DE CARVALHO";-3;13;"Vereador";2823;0;0;0;0;2296;0;527;"N";0;0;0;1816;0;0;0;0;0;0;0;0;0;349;0;131;0;0;"15:16:04";"27/10/2005"
"12/02/2026";"18:27:56";1996;2;"Eleição Ordinária";1;1996001;"Eleições Municipais 1996";"03/10/1996";"M";"SP";"61298";"ALVINLANDIA";"61298";"ALVINLANDIA";-3;11;"Prefeito";1620;0;0;0;0;1567;0;53;"N";0;0;0;1527;0;0;0;0;0;0;0;0;0;14;0;26;0;0;"15:16:04";"27/10/2005"
"12/02/2026";"18:27:56";1996;2;"Eleição Ordinária";1;1996001;"Eleições Municipais 1996";"03/10/1996";"M";"SP";"61280";"BERTIOGA";"61280";"BERTIOGA";-3;13;"Vereador";13084;0;0;0;0;10314;0;2770;"N";0;0;0;8982;112;0;0;0;0;0;0;0;0;776;0;444;0;0;"15:16:04";"27/10/2005"
"12/02/2026";"18:27:56";1996;2;"Eleição Ordinária";1;1996001;"Eleições Municipais 1996";"03/10/1996";"M";"SP";"61298";"ALVINLANDIA";"61298";"ALVINLANDIA";-3;13;"Vereador";1620;0;0;0;0;1567;0;53;"N";0;0;0;1389;5;0;0;0;0;0;0;0;0;127;0;46;0;0;"15:16:04";"27/10/2005"
"12/02/2026";"18:27:56";1996;2;"Eleição Ordinária";1;1996001;"Eleições Municipais 1996";"03/10/1996";"M";"SP";"61301";"SUZANOPOLIS";"61301";"SUZANOPOLIS";-3;11;"Prefeito";2082;0;0;0;0;1842;0;240;"N";0;0;0;1771;0;0;0;0;0;0;0;0;0;26;0;45;0;0;"15:16:04";"27/10/2005"
"12/02/2026";"18:27:56";1996;2;"Eleição Ordinária";1;1996001;"Eleições Municipais 1996";"03/10/1996";"M";"SP";"61310";"AMERICANA";"61310";"AMERICANA";-3;11;"Prefeito";111545;0;0;0;0;100563;0;10982;"N";0;0;0;90738;0;0;0;0;0;0;0;0;0;2349;0;7476;0;0;"15:16:04";"27/10/2005"
"12/02/2026";"18:27:56";1996;2;"Eleição Ordinária";1;1996001;"Eleições Municipais 1996";"03/10/1996";"M";"SP";"61301";"SUZANOPOLIS";"61301";"SUZANOPOLIS";-3;13;"Vereador";2082;0;0;0;0;1842;0;240;"N";0;0;0;1608;2;0;0;0;0;0;0;0;0;153;0;79;0;0;"15:16:04";"27/10/2005"
"12/02/2026";"18:27:56";1996;2;"Eleição Ordinária";1;1996001;"Eleições Municipais 1996";"03/10/1996";"M";"SP";"61328";"SANTO ANTONIO DO ARACANGUA";"61328";"SANTO ANTONIO DO ARACANGUA";-3;11;"Prefeito";4461;0;0;0;0;3959;0;502;"N";0;0;0;3777;0;0;0;0;0;0;0;0;0;79;0;103;0;0;"15:16:04";"27/10/2005"
"12/02/2026";"18:27:56";1996;2;"Eleição Ordinária";1;1996001;"Eleições Municipais 1996";"03/10/1996";"M";"SP";"61310";"AMERICANA";"61310";"AMERICANA";-3;13;"Vereador";111545;0;0;0;0;100563;0;10982;"N";0;0;0;77363;3158;0;0;0;0;0;0;0;0;10409;0;8971;0;0;"15:16:04";"27/10/2005"
"12/02/2026";"18:27:56";1996;2;"Eleição Ordinária";1;1996001;"Eleições Municipais 1996";"03/10/1996";"M";"SP";"61328";"SANTO ANTONIO DO ARACANGUA";"61328";"SANTO ANTONIO DO ARACANGUA";-3;13;"Vereador";4461;0;0;0;0;3959;0;502;"N";0;0;0;3610;18;0;0;0;0;0;0;0;0;233;0;98;0;0;"15:16:04";"27/10/2005"
"12/02/2026";"18:27:56";1996;2;"Eleição Ordinária";1;1996001;"Eleições Municipais 1996";"03/10/1996";"M";"SP";"61336";"AMERICO BRASILIENSE";"61336";"AMERICO BRASILIENSE";-3;11;"Prefeito";15592;0;0;0;0;13799;0;1793;"N";0;0;0;11997;0;0;0;0;0;0;0;0;0;744;0;1058;0;0;"15:16:04";"27/10/2005"
"12/02/2026";"18:27:56";1996;2;"Eleição Ordinária";1;1996001;"Eleições Municipais 1996";"03/10/1996";"M";"SP";"61344";"CANITAR";"61344";"CANITAR";-3;11;"Prefeito";2211;0;0;0;0;1895;0;316;"N";0;0;0;1767;0;0;0;0;0;0;0;0;0;70;0;58;0;0;"15:16:04";"27/10/2005"
"12/02/2026";"18:27:56";1996;2;"Eleição Ordinária";1;1996001;"Eleições Municipais 1996";"03/10/1996";"M";"SP";"61336";"AMERICO BRASILIENSE";"61336";"AMERICO BRASILIENSE";-3;13;"Vereador";15592;0;0;0;0;13799;0;1793;"N";0;0;0;11125;52;0;0;0;0;0;0;0;0;1489;0;1133;0;0;"15:16:04";"27/10/2005"
"12/02/2026";"18:27:56";1996;2;"Eleição Ordinária";1;1996001;"Eleições Municipais 1996";"03/10/1996";"M";"SP";"61352";"AMERICO DE CAMPOS";"61352";"AMERICO DE CAMPOS";-3;11;"Prefeito";5112;0;0;0;0;4416;0;696;"N";0;0;0;4171;0;0;0;0;0;0;0;0;0;116;0;129;0;0;"15:16:04";"27/10/2005"
"12/02/2026";"18:27:56";1996;2;"Eleição Ordinária";1;1996001;"Eleições Municipais 1996";"03/10/1996";"M";"SP";"61344";"CANITAR";"61344";"CANITAR";-3;13;"Vereador";2211;0;0;0;0;1895;0;316;"N";0;0;0;1673;2;0;0;0;0;0;0;0;0;154;0;66;0;0;"15:16:04";"27/10/2005"
"12/02/2026";"18:27:56";1996;2;"Eleição Ordinária";1;1996001;"Eleições Municipais 1996";"03/10/1996";"M";"SP";"61352";"AMERICO DE CAMPOS";"61352";"AMERICO DE CAMPOS";-3;13;"Vereador";5112;0;0;0;0;4416;0;696;"N";0;0;0;3929;59;0;0;0;0;0;0;0;0;266;0;162;0;0;"15:16:04";"27/10/2005"
"12/02/2026";"18:27:56";1996;2;"Eleição Ordinária";1;1996001;"Eleições Municipais 1996";"03/10/1996";"M";"SP";"61360";"BARRA DO CHAPEU";"61360";"BARRA DO CHAPEU";-3;11;"Prefeito";3317;0;0;0;0;2743;0;574;"N";0;0;0;2667;0;0;0;0;0;0;0;0;0;40;0;36;0;0;"15:16:04";"27/10/2005"
"12/02/2026";"18:27:56";1996;2;"Eleição Ordinária";1;1996001;"Eleições Municipais 1996";"03/10/1996";"M";"SP";"61360";"BARRA DO CHAPEU";"61360";"BARRA DO CHAPEU";-3;13;"Vereador";3317;0;0;0;0;2743;0;574;"N";0;0;0;2404;1;0;0;0;0;0;0;0;0;268;0;70;0;0;"15:16:04";"27/10/2005"
"12/02/2026";"18:27:56";1996;2;"Eleição Ordinária";1;1996001;"Eleições Municipais 1996";"03/10/1996";"M";"SP";"61379";"AMPARO";"61379";"AMPARO";-3;11;"Prefeito";34949;0;0;0;0;31090;0;3859;"N";0;0;0;27900;0;0;0;0;0;0;0;0;0;707;0;2483;0;0;"15:16:04";"27/10/2005"
"12/02/2026";"18:27:56";1996;2;"Eleição Ordinária";1;1996001;"Eleições Municipais 1996";"03/10/1996";"M";"SP";"61379";"AMPARO";"61379";"AMPARO";-3;13;"Vereador";34949;0;0;0;0;31090;0;3859;"N";0;0;0;24890;564;0;0;0;0;0;0;0;0;3438;0;2198;0;0;"15:16:04";"27/10/2005"
"12/02/2026";"18:27:56";1996;2;"Eleição Ordinária";1;1996001;"Eleições Municipais 1996";"03/10/1996";"M";"SP";"61387";"EMILIANOPOLIS";"61387";"EMILIANOPOLIS";-3;13;"Vereador";2362;0;0;0;0;2086;0;276;"N";0;0;0;1892;0;0;0;0;0;0;0;0;0;141;0;53;0;0;"15:16:04";"27/10/2005"
"12/02/2026";"18:27:56";1996;2;"Eleição Ordinária";1;1996001;"Eleições Municipais 1996";"03/10/1996";"M";"SP";"61387";"EMILIANOPOLIS";"61387";"EMILIANOPOLIS";-3;11;"Prefeito";2362;0;0;0;0;2086;0;276;"N";0;0;0;2040;0;0;0;0;0;0;0;0;0;15;0;31;0;0;"15:16:04";"27/10/2005"
"12/02/2026";"18:27:56";1996;2;"Eleição Ordinária";1;1996001;"Eleições Municipais 1996";"03/10/1996";"M";"SP";"61395";"ANALANDIA";"61395";"ANALANDIA";-3;13;"Vereador";2481;0;0;0;0;2227;0;254;"N";0;0;0;2007;10;0;0;0;0;0;0;0;0;126;0;84;0;0;"15:16:04";"27/10/2005"
"12/02/2026";"18:27:56";1996;2;"Eleição Ordinária";1;1996001;"Eleições Municipais 1996";"03/10/1996";"M";"SP";"61395";"ANALANDIA";"61395";"ANALANDIA";-3;11;"Prefeito";2481;0;0;0;0;2227;0;254;"N";0;0;0;1678;0;0;0;0;0;0;0;0;0;411;0;138;0;0;"15:16:04";"27/10/2005"
"12/02/2026";"18:27:56";1996;2;"Eleição Ordinária";1;1996001;"Eleições Municipais 1996";"03/10/1996";"M";"SP";"61409";"NOVAIS";"61409";"NOVAIS";-3;11;"Prefeito";2347;0;0;0;0;2126;0;221;"N";0;0;0;2037;0;0;0;0;0;0;0;0;0;41;0;48;0;0;"15:16:04";"27/10/2005"
"12/02/2026";"18:27:56";1996;2;"Eleição Ordinária";1;1996001;"Eleições Municipais 1996";"03/10/1996";"M";"SP";"61409";"NOVAIS";"61409";"NOVAIS";-3;13;"Vereador";2347;0;0;0;0;2126;0;221;"N";0;0;0;1848;3;0;0;0;0;0;0;0;0;204;0;71;0;0;"15:16:04";"27/10/2005"
"12/02/2026";"18:27:56";1996;2;"Eleição Ordinária";1;1996001;"Eleições Municipais 1996";"03/10/1996";"M";"SP";"61417";"ANDRADINA";"61417";"ANDRADINA";-3;13;"Vereador";37913;0;0;0;0;30900;0;7013;"N";0;0;0;27112;124;0;0;0;0;0;0;0;0;2355;0;1309;0;0;"15:16:04";"27/10/2005"
"12/02/2026";"18:27:56";1996;2;"Eleição Ordinária";1;1996001;"Eleições Municipais 1996";"03/10/1996";"M";"SP";"61417";"ANDRADINA";"61417";"ANDRADINA";-3;11;"Prefeito";37913;0;0;0;0;30900;0;7013;"N";0;0;0;28500;0;0;0;0;0;0;0;0;0;800;0;1600;0;0;"15:16:04";"27/10/2005"
"12/02/2026";"18:27:56";1996;2;"Eleição Ordinária";1;1996001;"Eleições Municipais 1996";"03/10/1996";"M";"SP";"61425";"NOVA CANAA PAULISTA";"61425";"NOVA CANAA PAULISTA";-3;13;"Vereador";2144;0;0;0;0;1742;0;402;"N";0;0;0;1535;9;0;0;0;0;0;0;0;0;116;0;82;0;0;"15:16:04";"27/10/2005"
"12/02/2026";"18:27:56";1996;2;"Eleição Ordinária";1;1996001;"Eleições Municipais 1996";"03/10/1996";"M";"SP";"61425";"NOVA CANAA PAULISTA";"61425";"NOVA CANAA PAULISTA";-3;11;"Prefeito";2144;0;0;0;0;1742;0;402;"N";0;0;0;1380;0;0;0;0;0;0;0;0;0;290;0;72;0;0;"15:16:04";"27/10/2005"
"12/02/2026";"18:27:56";1996;2;"Eleição Ordinária";1;1996001;"Eleições Municipais 1996";"03/10/1996";"M";"SP";"61433";"ANGATUBA";"61433";"ANGATUBA";-3;11;"Prefeito";10886;0;0;0;0;9540;0;1346;"N";0;0;0;9056;0;0;0;0;0;0;0;0;0;81;0;403;0;0;"15:16:04";"27/10/2005"
"12/02/2026";"18:27:56";1996;2;"Eleição Ordinária";1;1996001;"Eleições Municipais 1996";"03/10/1996";"M";"SP";"61433";"ANGATUBA";"61433";"ANGATUBA";-3;13;"Vereador";10886;0;0;0;0;9540;0;1346;"N";0;0;0;8306;71;0;0;0;0;0;0;0;0;798;0;365;0;0;"15:16:04";"27/10/2005"
"12/02/2026";"18:27:56";1996;2;"Eleição Ordinária";1;1996001;"Eleições Municipais 1996";"03/10/1996";"M";"SP";"61441";"SALTINHO";"61441";"SALTINHO";-3;13;"Vereador";4216;0;0;0;0;3922;0;294;"N";0;0;0;3433;24;0;0;0;0;0;0;0;0;292;0;173;0;0;"15:16:04";"27/10/2005"
"12/02/2026";"18:27:56";1996;2;"Eleição Ordinária";1;1996001;"Eleições Municipais 1996";"03/10/1996";"M";"SP";"61441";"SALTINHO";"61441";"SALTINHO";-3;11;"Prefeito";4216;0;0;0;0;3922;0;294;"N";0;0;0;3591;0;0;0;0;0;0;0;0;0;111;0;220;0;0;"15:16:04";"27/10/2005"
"12/02/2026";"18:27:56";1996;2;"Eleição Ordinária";1;1996001;"Eleições Municipais 1996";"03/10/1996";"M";"SP";"61450";"ANHEMBI";"61450";"ANHEMBI";-3;13;"Vereador";3327;0;0;0;0;2714;0;613;"N";0;0;0;2328;6;0;0;0;0;0;0;0;0;260;0;120;0;0;"15:16:04";"27/10/2005"
"12/02/2026";"18:27:56";1996;2;"Eleição Ordinária";1;1996001;"Eleições Municipais 1996";"03/10/1996";"M";"SP";"61450";"ANHEMBI";"61450";"ANHEMBI";-3;11;"Prefeito";3327;0;0;0;0;2714;0;613;"N";0;0;0;2524;0;0;0;0;0;0;0;0;0;63;0;127;0;0;"15:16:04";"27/10/2005"
"12/02/2026";"18:27:56";1996;2;"Eleição Ordinária";1;1996001;"Eleições Municipais 1996";"03/10/1996";"M";"SP";"61468";"UBARANA";"61468";"UBARANA";-3;11;"Prefeito";2705;0;0;0;0;2480;0;225;"N";0;0;0;2406;0;0;0;0;0;0;0;0;0;19;0;55;0;0;"15:16:04";"27/10/2005"
"12/02/2026";"18:27:56";1996;2;"Eleição Ordinária";1;1996001;"Eleições Municipais 1996";"03/10/1996";"M";"SP";"61468";"UBARANA";"61468";"UBARANA";-3;13;"Vereador";2705;0;0;0;0;2480;0;225;"N";0;0;0;2225;24;0;0;0;0;0;0;0;0;158;0;73;0;0;"15:16:04";"27/10/2005"
"12/02/2026";"18:27:56";1996;2;"Eleição Ordinária";1;1996001;"Eleições Municipais 1996";"03/10/1996";"M";"SP";"61476";"ANHUMAS";"61476";"ANHUMAS";-3;13;"Vereador";2567;0;0;0;0;2317;0;250;"N";0;0;0;1910;4;0;0;0;0;0;0;0;0;222;0;181;0;0;"15:16:04";"27/10/2005"
"12/02/2026";"18:27:56";1996;2;"Eleição Ordinária";1;1996001;"Eleições Municipais 1996";"03/10/1996";"M";"SP";"61476";"ANHUMAS";"61476";"ANHUMAS";-3;11;"Prefeito";2567;0;0;0;0;2317;0;250;"N";0;0;0;2239;0;0;0;0;0;0;0;0;0;15;0;63;0;0;"15:16:04";"27/10/2005"
"12/02/2026";"18:27:56";1996;2;"Eleição Ordinária";1;1996001;"Eleições Municipais 1996";"03/10/1996";"M";"SP";"61484";"CAJATI";"61484";"CAJATI";-3;13;"Vereador";15467;0;0;0;0;12599;0;2868;"N";0;0;0;9969;106;0;0;0;0;0;0;0;0;1909;0;615;0;0;"15:16:04";"27/10/2005"
"12/02/2026";"18:27:56";1996;2;"Eleição Ordinária";1;1996001;"Eleições Municipais 1996";"03/10/1996";"M";"SP";"61484";"CAJATI";"61484";"CAJATI";-3;11;"Prefeito";15467;0;0;0;0;12599;0;2868;"N";0;0;0;11662;0;0;0;0;0;0;0;0;0;274;0;663;0;0;"15:16:04";"27/10/2005"
"12/02/2026";"18:27:56";1996;2;"Eleição Ordinária";1;1996001;"Eleições Municipais 1996";"03/10/1996";"M";"SP";"61492";"APARECIDA";"61492";"APARECIDA";-3;11;"Prefeito";25591;0;0;0;0;22415;0;3176;"N";0;0;0;20726;0;0;0;0;0;0;0;0;0;400;0;1289;0;0;"15:16:04";"27/10/2005"
"12/02/2026";"18:27:56";1996;2;"Eleição Ordinária";1;1996001;"Eleições Municipais 1996";"03/10/1996";"M";"SP";"61492";"APARECIDA";"61492";"APARECIDA";-3;13;"Vereador";25591;0;0;0;0;22415;0;3176;"N";0;0;0;18882;316;0;0;0;0;0;0;0;0;1957;0;1260;0;0;"15:16:04";"27/10/2005"
"12/02/2026";"18:27:56";1996;2;"Eleição Ordinária";1;1996001;"Eleições Municipais 1996";"03/10/1996";"M";"SP";"61506";"CAMPINA DO MONTE ALEGRE";"61506";"CAMPINA DO MONTE ALEGRE";-3;13;"Vereador";2889;0;0;0;0;2540;0;349;"N";0;0;0;2150;18;0;0;0;0;0;0;0;0;226;0;146;0;0;"15:16:04";"27/10/2005"
"12/02/2026";"18:27:56";1996;2;"Eleição Ordinária";1;1996001;"Eleições Municipais 1996";"03/10/1996";"M";"SP";"61506";"CAMPINA DO MONTE ALEGRE";"61506";"CAMPINA DO MONTE ALEGRE";-3;11;"Prefeito";2889;0;0;0;0;2540;0;349;"N";0;0;0;2401;0;0;0;0;0;0;0;0;0;36;0;103;0;0;"15:16:04";"27/10/2005"
"12/02/2026";"18:27:56";1996;2;"Eleição Ordinária";1;1996001;"Eleições Municipais 1996";"03/10/1996";"M";"SP";"61514";"APARECIDA D OESTE";"61514";"APARECIDA D OESTE";-3;13;"Vereador";4476;0;0;0;0;3739;0;737;"N";0;0;0;3428;16;0;0;0;0;0;0;0;0;207;0;88;0;0;"15:16:04";"27/10/2005"
"12/02/2026";"18:27:56";1996;2;"Eleição Ordinária";1;1996001;"Eleições Municipais 1996";"03/10/1996";"M";"SP";"61514";"APARECIDA D OESTE";"61514";"APARECIDA D OESTE";-3;11;"Prefeito";4476;0;0;0;0;3739;0;737;"N";0;0;0;3633;0;0;0;0;0;0;0;0;0;28;0;78;0;0;"15:16:04";"27/10/2005"
"12/02/2026";"18:27:56";1996;2;"Eleição Ordinária";1;1996001;"Eleições Municipais 1996";"03/10/1996";"M";"SP";"61522";"ASPASIA";"61522";"ASPASIA";-3;11;"Prefeito";1952;0;0;0;0;1761;0;191;"N";0;0;0;1724;0;0;0;0;0;0;0;0;0;21;0;16;0;0;"15:16:04";"27/10/2005"
"12/02/2026";"18:27:56";1996;2;"Eleição Ordinária";1;1996001;"Eleições Municipais 1996";"03/10/1996";"M";"SP";"61522";"ASPASIA";"61522";"ASPASIA";-3;13;"Vereador";1952;0;0;0;0;1761;0;191;"N";0;0;0;1615;21;0;0;0;0;0;0;0;0;88;0;37;0;0;"15:16:04";"27/10/2005"
"12/02/2026";"18:27:56";1996;2;"Eleição Ordinária";1;1996001;"Eleições Municipais 1996";"03/10/1996";"M";"SP";"61530";"APIAI";"61530";"APIAI";-3;13;"Vereador";16337;0;0;0;0;13201;0;3136;"N";0;0;0;11466;20;0;0;0;0;0;0;0;0;1181;0;534;0;0;"15:16:04";"27/10/2005"
"12/02/2026";"18:27:56";1996;2;"Eleição Ordinária";1;1996001;"Eleições Municipais 1996";"03/10/1996";"M";"SP";"61530";"APIAI";"61530";"APIAI";-3;11;"Prefeito";16337;0;0;0;0;13201;0;3136;"N";0;0;0;12589;0;0;0;0;0;0;0;0;0;186;0;426;0;0;"15:16:04";"27/10/2005"
"12/02/2026";"18:27:56";1996;2;"Eleição Ordinária";1;1996001;"Eleições Municipais 1996";"03/10/1996";"M";"SP";"61549";"VARGEM";"61549";"VARGEM";-3;13;"Vereador";4115;0;0;0;0;3583;0;532;"N";0;0;0;2914;17;0;0;0;0;0;0;0;0;466;0;186;0;0;"15:16:04";"27/10/2005"
"12/02/2026";"18:27:56";1996;2;"Eleição Ordinária";1;1996001;"Eleições Municipais 1996";"03/10/1996";"M";"SP";"61549";"VARGEM";"61549";"VARGEM";-3;11;"Prefeito";4115;0;0;0;0;3583;0;532;"N";0;0;0;3169;0;0;0;0;0;0;0;0;0;127;0;287;0;0;"15:16:04";"27/10/2005"
"12/02/2026";"18:27:56";1996;2;"Eleição Ordinária";1;1996001;"Eleições Municipais 1996";"03/10/1996";"M";"SP";"61557";"ARACATUBA";"61557";"ARACATUBA";-3;11;"Prefeito";105910;0;0;0;0;90418;0;15492;"N";0;0;0;79620;0;0;0;0;0;0;0;0;0;1858;0;6579;0;0;"15:16:04";"27/10/2005"
"12/02/2026";"18:27:56";1996;2;"Eleição Ordinária";1;1996001;"Eleições Municipais 1996";"03/10/1996";"M";"SP";"61557";"ARACATUBA";"61557";"ARACATUBA";-3;13;"Vereador";105910;0;0;0;0;90418;0;15492;"N";0;0;0;75229;896;0;0;0;0;0;0;0;0;7560;0;5891;0;0;"15:16:04";"27/10/2005"
"12/02/2026";"18:27:56";1996;2;"Eleição Ordinária";1;1996001;"Eleições Municipais 1996";"03/10/1996";"M";"SP";"61565";"POTIM";"61565";"POTIM";-3;13;"Vereador";5906;0;0;0;0;5361;0;545;"N";0;0;0;4507;54;0;0;0;0;0;0;0;0;539;0;261;0;0;"15:16:04";"27/10/2005"
"12/02/2026";"18:27:56";1996;2;"Eleição Ordinária";1;1996001;"Eleições Municipais 1996";"03/10/1996";"M";"SP";"61565";"POTIM";"61565";"POTIM";-3;11;"Prefeito";5906;0;0;0;0;5361;0;545;"N";0;0;0;5041;0;0;0;0;0;0;0;0;0;78;0;242;0;0;"15:16:04";"27/10/2005"
"12/02/2026";"18:27:56";1996;2;"Eleição Ordinária";1;1996001;"Eleições Municipais 1996";"03/10/1996";"M";"SP";"61573";"ARACOIABA DA SERRA";"61573";"ARACOIABA DA SERRA";-3;13;"Vereador";13149;0;0;0;0;11414;0;1735;"N";0;0;0;9415;124;0;0;0;0;0;0;0;0;1238;0;637;0;0;"15:16:04";"27/10/2005"
"12/02/2026";"18:27:56";1996;2;"Eleição Ordinária";1;1996001;"Eleições Municipais 1996";"03/10/1996";"M";"SP";"61573";"ARACOIABA DA SERRA";"61573";"ARACOIABA DA SERRA";-3;11;"Prefeito";13149;0;0;0;0;11414;0;1735;"N";0;0;0;10469;0;0;0;0;0;0;0;0;0;286;0;659;0;0;"15:16:04";"27/10/2005"
"12/02/2026";"18:27:56";1996;2;"Eleição Ordinária";1;1996001;"Eleições Municipais 1996";"03/10/1996";"M";"SP";"61581";"ALAMBARI";"61581";"ALAMBARI";-3;11;"Prefeito";2012;0;0;0;0;1785;0;227;"N";0;0;0;1678;0;0;0;0;0;0;0;0;0;51;0;56;0;0;"15:16:04";"27/10/2005"
"12/02/2026";"18:27:56";1996;2;"Eleição Ordinária";1;1996001;"Eleições Municipais 1996";"03/10/1996";"M";"SP";"61581";"ALAMBARI";"61581";"ALAMBARI";-3;13;"Vereador";2012;0;0;0;0;1785;0;227;"N";0;0;0;1582;4;0;0;0;0;0;0;0;0;151;0;48;0;0;"15:16:04";"27/10/2005"
"12/02/2026";"18:27:56";1996;2;"Eleição Ordinária";1;1996001;"Eleições Municipais 1996";"03/10/1996";"M";"SP";"61590";"ARAMINA";"61590";"ARAMINA";-3;13;"Vereador";3612;0;0;0;0;3390;0;222;"N";0;0;0;3088;0;0;0;0;0;0;0;0;0;211;0;91;0;0;"15:16:04";"27/10/2005"
"12/02/2026";"18:27:56";1996;2;"Eleição Ordinária";1;1996001;"Eleições Municipais 1996";"03/10/1996";"M";"SP";"61590";"ARAMINA";"61590";"ARAMINA";-3;11;"Prefeito";3612;0;0;0;0;3390;0;222;"N";0;0;0;3318;0;0;0;0;0;0;0;0;0;15;0;57;0;0;"15:16:04";"27/10/2005"
"12/02/2026";"18:27:56";1996;2;"Eleição Ordinária";1;1996001;"Eleições Municipais 1996";"03/10/1996";"M";"SP";"61603";"ITAOCA";"61603";"ITAOCA";-3;13;"Vereador";2791;0;0;0;0;2287;0;504;"N";0;0;0;1909;7;0;0;0;0;0;0;0;0;289;0;82;0;0;"15:16:04";"27/10/2005"
"12/02/2026";"18:27:56";1996;2;"Eleição Ordinária";1;1996001;"Eleições Municipais 1996";"03/10/1996";"M";"SP";"61603";"ITAOCA";"61603";"ITAOCA";-3;11;"Prefeito";2791;0;0;0;0;2287;0;504;"N";0;0;0;2190;0;0;0;0;0;0;0;0;0;34;0;63;0;0;"15:16:04";"27/10/2005"
"12/02/2026";"18:27:56";1996;2;"Eleição Ordinária";1;1996001;"Eleições Municipais 1996";"03/10/1996";"M";"SP";"61611";"ARANDU";"61611";"ARANDU";-3;11;"Prefeito";4447;0;0;0;0;3769;0;678;"N";0;0;0;3504;0;0;0;0;0;0;0;0;0;83;0;182;0;0;"15:16:04";"27/10/2005"
"12/02/2026";"18:27:56";1996;2;"Eleição Ordinária";1;1996001;"Eleições Municipais 1996";"03/10/1996";"M";"SP";"61611";"ARANDU";"61611";"ARANDU";-3;13;"Vereador";4447;0;0;0;0;3769;0;678;"N";0;0;0;3180;18;0;0;0;0;0;0;0;0;430;0;141;0;0;"15:16:04";"27/10/2005"
"12/02/2026";"18:27:56";1996;2;"Eleição Ordinária";1;1996001;"Eleições Municipais 1996";"03/10/1996";"M";"SP";"61620";"TUIUTI";"61620";"TUIUTI";-3;13;"Vereador";3071;0;0;0;0;2794;0;277;"N";0;0;0;2376;23;0;0;0;0;0;0;0;0;285;0;110;0;0;"15:16:04";"27/10/2005"
"12/02/2026";"18:27:56";1996;2;"Eleição Ordinária";1;1996001;"Eleições Municipais 1996";"03/10/1996";"M";"SP";"61620";"TUIUTI";"61620";"TUIUTI";-3;11;"Prefeito";3071;0;0;0;0;2794;0;277;"N";0;0;0;2686;0;0;0;0;0;0;0;0;0;40;0;68;0;0;"15:16:04";"27/10/2005"
"12/02/2026";"18:27:56";1996;2;"Eleição Ordinária";1;1996001;"Eleições Municipais 1996";"03/10/1996";"M";"SP";"61638";"ARARAQUARA";"61638";"ARARAQUARA";-3;13;"Vereador";107477;0;0;0;0;94752;0;12725;"N";0;0;0;76867;1535;0;0;0;0;0;0;0;0;9227;0;7123;0;0;"15:16:04";"27/10/2005"
"12/02/2026";"18:27:56";1996;2;"Eleição Ordinária";1;1996001;"Eleições Municipais 1996";"03/10/1996";"M";"SP";"61638";"ARARAQUARA";"61638";"ARARAQUARA";-3;11;"Prefeito";107477;0;0;0;0;94752;0;12725;"N";0;0;0;85650;0;0;0;0;0;0;0;0;0;1792;0;7310;0;0;"15:16:04";"27/10/2005"
"12/02/2026";"18:27:56";1996;2;"Eleição Ordinária";1;1996001;"Eleições Municipais 1996";"03/10/1996";"M";"SP";"61646";"ARAPEI";"61646";"ARAPEI";-3;11;"Prefeito";2162;0;0;0;0;1781;0;381;"N";0;0;0;1627;0;0;0;0;0;0;0;0;0;78;0;76;0;0;"15:16:04";"27/10/2005"
"12/02/2026";"18:27:56";1996;2;"Eleição Ordinária";1;1996001;"Eleições Municipais 1996";"03/10/1996";"M";"SP";"61646";"ARAPEI";"61646";"ARAPEI";-3;13;"Vereador";2162;0;0;0;0;1781;0;381;"N";0;0;0;1460;15;0;0;0;0;0;0;0;0;227;0;79;0;0;"15:16:04";"27/10/2005"
"12/02/2026";"18:27:56";1996;2;"Eleição Ordinária";1;1996001;"Eleições Municipais 1996";"03/10/1996";"M";"SP";"61654";"ARARAS";"61654";"ARARAS";-3;13;"Vereador";58949;0;0;0;0;53173;0;5776;"N";0;0;0;41194;790;0;0;0;0;0;0;0;0;6806;0;4383;0;0;"15:16:04";"27/10/2005"
"12/02/2026";"18:27:56";1996;2;"Eleição Ordinária";1;1996001;"Eleições Municipais 1996";"03/10/1996";"M";"SP";"61654";"ARARAS";"61654";"ARARAS";-3;11;"Prefeito";58949;0;0;0;0;53173;0;5776;"N";0;0;0;47755;0;0;0;0;0;0;0;0;0;1235;0;4183;0;0;"15:16:04";"27/10/2005"
"12/02/2026";"18:27:56";1996;2;"Eleição Ordinária";1;1996001;"Eleições Municipais 1996";"03/10/1996";"M";"SP";"61662";"ESTIVA GERBI";"61662";"ESTIVA GERBI";-3;13;"Vereador";4196;0;0;0;0;3974;0;222;"N";0;0;0;3491;18;0;0;0;0;0;0;0;0;297;0;168;0;0;"15:16:04";"27/10/2005"
"12/02/2026";"18:27:56";1996;2;"Eleição Ordinária";1;1996001;"Eleições Municipais 1996";"03/10/1996";"M";"SP";"61662";"ESTIVA GERBI";"61662";"ESTIVA GERBI";-3;11;"Prefeito";4196;0;0;0;0;3974;0;222;"N";0;0;0;3644;0;0;0;0;0;0;0;0;0;134;0;196;0;0;"15:16:04";"27/10/2005"
"12/02/2026";"18:27:56";1996;2;"Eleição Ordinária";1;1996001;"Eleições Municipais 1996";"03/10/1996";"M";"SP";"61670";"AREALVA";"61670";"AREALVA";-3;11;"Prefeito";5397;0;0;0;0;4900;0;497;"N";0;0;0;4746;0;0;0;0;0;0;0;0;0;35;0;119;0;0;"15:16:04";"27/10/2005"
"12/02/2026";"18:27:56";1996;2;"Eleição Ordinária";1;1996001;"Eleições Municipais 1996";"03/10/1996";"M";"SP";"61670";"AREALVA";"61670";"AREALVA";-3;13;"Vereador";5397;0;0;0;0;4900;0;497;"N";0;0;0;4291;24;0;0;0;0;0;0;0;0;417;0;168;0;0;"15:16:04";"27/10/2005"
"12/02/2026";"18:27:56";1996;2;"Eleição Ordinária";1;1996001;"Eleições Municipais 1996";"03/10/1996";"M";"SP";"61689";"ENGENHEIRO COELHO";"61689";"ENGENHEIRO COELHO";-3;13;"Vereador";4257;0;0;0;0;3805;0;452;"N";0;0;0;3205;23;0;0;0;0;0;0;0;0;423;0;154;0;0;"15:16:04";"27/10/2005"
"12/02/2026";"18:27:56";1996;2;"Eleição Ordinária";1;1996001;"Eleições Municipais 1996";"03/10/1996";"M";"SP";"61689";"ENGENHEIRO COELHO";"61689";"ENGENHEIRO COELHO";-3;11;"Prefeito";4257;0;0;0;0;3805;0;452;"N";0;0;0;3590;0;0;0;0;0;0;0;0;0;60;0;155;0;0;"15:16:04";"27/10/2005"
"12/02/2026";"18:27:56";1996;2;"Eleição Ordinária";1;1996001;"Eleições Municipais 1996";"03/10/1996";"M";"SP";"61697";"AREIAS";"61697";"AREIAS";-3;13;"Vereador";2825;0;0;0;0;2375;0;450;"N";0;0;0;2016;26;0;0;0;0;0;0;0;0;207;0;65;0;0;"15:16:04";"27/10/2005"
"12/02/2026";"18:27:56";1996;2;"Eleição Ordinária";1;1996001;"Eleições Municipais 1996";"03/10/1996";"M";"SP";"61697";"AREIAS";"61697";"AREIAS";-3;11;"Prefeito";2825;0;0;0;0;2375;0;450;"N";0;0;0;2237;0;0;0;0;0;0;0;0;0;54;0;84;0;0;"15:16:04";"27/10/2005"
"12/02/2026";"18:27:56";1996;2;"Eleição Ordinária";1;1996001;"Eleições Municipais 1996";"03/10/1996";"M";"SP";"61700";"RIBEIRAO GRANDE";"61700";"RIBEIRAO GRANDE";-3;11;"Prefeito";4174;0;0;0;0;3866;0;308;"N";0;0;0;3670;0;0;0;0;0;0;0;0;0;83;0;113;0;0;"15:16:04";"27/10/2005"
"12/02/2026";"18:27:56";1996;2;"Eleição Ordinária";1;1996001;"Eleições Municipais 1996";"03/10/1996";"M";"SP";"61700";"RIBEIRAO GRANDE";"61700";"RIBEIRAO GRANDE";-3;13;"Vereador";4174;0;0;0;0;3866;0;308;"N";0;0;0;3382;8;0;0;0;0;0;0;0;0;315;0;161;0;0;"15:16:04";"27/10/2005"
"12/02/2026";"18:27:56";1996;2;"Eleição Ordinária";1;1996001;"Eleições Municipais 1996";"03/10/1996";"M";"SP";"61719";"AREIOPOLIS";"61719";"AREIOPOLIS";-3;13;"Vereador";6675;0;0;0;0;5774;0;901;"N";0;0;0;4815;28;0;0;0;0;0;0;0;0;656;0;275;0;0;"15:16:04";"27/10/2005"
"12/02/2026";"18:27:56";1996;2;"Eleição Ordinária";1;1996001;"Eleições Municipais 1996";"03/10/1996";"M";"SP";"61719";"AREIOPOLIS";"61719";"AREIOPOLIS";-3;11;"Prefeito";6675;0;0;0;0;5774;0;901;"N";0;0;0;5427;0;0;0;0;0;0;0;0;0;106;0;241;0;0;"15:16:04";"27/10/2005"
"12/02/2026";"18:27:56";1996;2;"Eleição Ordinária";1;1996001;"Eleições Municipais 1996";"03/10/1996";"M";"SP";"61727";"HORTOLANDIA";"61727";"HORTOLANDIA";-3;13;"Vereador";56626;0;0;0;0;49228;0;7398;"N";0;0;0;36011;546;0;0;0;0;0;0;0;0;7134;0;3703;0;0;"15:16:04";"27/10/2005"
"12/02/2026";"18:27:56";1996;2;"Eleição Ordinária";1;1996001;"Eleições Municipais 1996";"03/10/1996";"M";"SP";"61727";"HORTOLANDIA";"61727";"HORTOLANDIA";-3;11;"Prefeito";56626;0;0;0;0;49228;0;7398;"N";0;0;0;41924;0;0;0;0;0;0;0;0;0;1855;0;5449;0;0;"15:16:04";"27/10/2005"
"12/02/2026";"18:27:56";1996;2;"Eleição Ordinária";1;1996001;"Eleições Municipais 1996";"03/10/1996";"M";"SP";"61735";"ARIRANHA";"61735";"ARIRANHA";-3;11;"Prefeito";4891;0;0;0;0;4617;0;274;"N";0;0;0;4474;0;0;0;0;0;0;0;0;0;52;0;91;0;0;"15:16:04";"27/10/2005"
"12/02/2026";"18:27:56";1996;2;"Eleição Ordinária";1;1996001;"Eleições Municipais 1996";"03/10/1996";"M";"SP";"61735";"ARIRANHA";"61735";"ARIRANHA";-3;13;"Vereador";4891;0;0;0;0;4617;0;274;"N";0;0;0;4213;23;0;0;0;0;0;0;0;0;281;0;100;0;0;"15:16:04";"27/10/2005"
"12/02/2026";"18:27:56";1996;2;"Eleição Ordinária";1;1996001;"Eleições Municipais 1996";"03/10/1996";"M";"SP";"61743";"HOLAMBRA";"61743";"HOLAMBRA";-3;13;"Vereador";4964;0;0;0;0;4315;0;649;"N";0;0;0;3624;18;0;0;0;0;0;0;0;0;422;0;251;0;0;"15:16:04";"27/10/2005"
"12/02/2026";"18:27:56";1996;2;"Eleição Ordinária";1;1996001;"Eleições Municipais 1996";"03/10/1996";"M";"SP";"61743";"HOLAMBRA";"61743";"HOLAMBRA";-3;11;"Prefeito";4964;0;0;0;0;4315;0;649;"N";0;0;0;3417;0;0;0;0;0;0;0;0;0;604;0;294;0;0;"15:16:04";"27/10/2005"
"12/02/2026";"18:27:56";1996;2;"Eleição Ordinária";1;1996001;"Eleições Municipais 1996";"03/10/1996";"M";"SP";"61751";"ARTUR NOGUEIRA";"61751";"ARTUR NOGUEIRA";-3;13;"Vereador";16497;0;0;0;0;14659;0;1838;"N";0;0;0;12247;339;0;0;0;0;0;0;0;0;1414;0;659;0;0;"15:16:04";"27/10/2005"
"12/02/2026";"18:27:56";1996;2;"Eleição Ordinária";1;1996001;"Eleições Municipais 1996";"03/10/1996";"M";"SP";"61751";"ARTUR NOGUEIRA";"61751";"ARTUR NOGUEIRA";-3;11;"Prefeito";16497;0;0;0;0;14659;0;1838;"N";0;0;0;13647;0;0;0;0;0;0;0;0;0;268;0;744;0;0;"15:16:04";"27/10/2005"
"12/02/2026";"18:27:56";1996;2;"Eleição Ordinária";1;1996001;"Eleições Municipais 1996";"03/10/1996";"M";"SP";"61760";"ELISIARIO";"61760";"ELISIARIO";-3;11;"Prefeito";2155;0;0;0;0;2010;0;145;"N";0;0;0;1919;0;0;0;0;0;0;0;0;0;37;0;54;0;0;"15:16:04";"27/10/2005"
"12/02/2026";"18:27:56";1996;2;"Eleição Ordinária";1;1996001;"Eleições Municipais 1996";"03/10/1996";"M";"SP";"61760";"ELISIARIO";"61760";"ELISIARIO";-3;13;"Vereador";2155;0;0;0;0;2010;0;145;"N";0;0;0;1819;23;0;0;0;0;0;0;0;0;121;0;47;0;0;"15:16:04";"27/10/2005"
"12/02/2026";"18:27:56";1996;2;"Eleição Ordinária";1;1996001;"Eleições Municipais 1996";"03/10/1996";"M";"SP";"61778";"ARUJA";"61778";"ARUJA";-3;13;"Vereador";34441;0;0;0;0;29305;0;5136;"N";0;0;0;22691;554;0;0;0;0;0;0;0;0;3898;0;2162;0;0;"15:16:04";"27/10/2005"
"12/02/2026";"18:27:56";1996;2;"Eleição Ordinária";1;1996001;"Eleições Municipais 1996";"03/10/1996";"M";"SP";"61778";"ARUJA";"61778";"ARUJA";-3;11;"Prefeito";34441;0;0;0;0;29305;0;5136;"N";0;0;0;24999;0;0;0;0;0;0;0;0;0;1236;0;3070;0;0;"15:16:04";"27/10/2005"
"12/02/2026";"18:27:56";1996;2;"Eleição Ordinária";1;1996001;"Eleições Municipais 1996";"03/10/1996";"M";"SP";"61786";"BOM SUCESSO DE ITARARE";"61786";"BOM SUCESSO DE ITARARE";-3;13;"Vereador";1791;0;0;0;0;1612;0;179;"N";0;0;0;1393;3;0;0;0;0;0;0;0;0;154;0;62;0;0;"15:16:04";"27/10/2005"
"12/02/2026";"18:27:56";1996;2;"Eleição Ordinária";1;1996001;"Eleições Municipais 1996";"03/10/1996";"M";"SP";"61786";"BOM SUCESSO DE ITARARE";"61786";"BOM SUCESSO DE ITARARE";-3;11;"Prefeito";1791;0;0;0;0;1612;0;179;"N";0;0;0;1547;0;0;0;0;0;0;0;0;0;20;0;45;0;0;"15:16:04";"27/10/2005"
"12/02/2026";"18:27:56";1996;2;"Eleição Ordinária";1;1996001;"Eleições Municipais 1996";"03/10/1996";"M";"SP";"61794";"ASSIS";"61794";"ASSIS";-3;11;"Prefeito";53661;0;0;0;0;45781;0;7880;"N";0;0;0;40563;0;0;0;0;0;0;0;0;0;1469;0;3749;0;0;"15:16:04";"27/10/2005"
"12/02/2026";"18:27:56";1996;2;"Eleição Ordinária";1;1996001;"Eleições Municipais 1996";"03/10/1996";"M";"SP";"61794";"ASSIS";"61794";"ASSIS";-3;13;"Vereador";53661;0;0;0;0;45781;0;7880;"N";0;0;0;38761;402;0;0;0;0;0;0;0;0;3525;0;3093;0;0;"15:16:04";"27/10/2005"
"12/02/2026";"18:27:56";1996;2;"Eleição Ordinária";1;1996001;"Eleições Municipais 1996";"03/10/1996";"M";"SP";"61808";"PONTALINDA";"61808";"PONTALINDA";-3;13;"Vereador";2322;0;0;0;0;2068;0;254;"N";0;0;0;1902;5;0;0;0;0;0;0;0;0;108;0;53;0;0;"15:16:04";"27/10/2005"
"12/02/2026";"18:27:56";1996;2;"Eleição Ordinária";1;1996001;"Eleições Municipais 1996";"03/10/1996";"M";"SP";"61808";"PONTALINDA";"61808";"PONTALINDA";-3;11;"Prefeito";2322;0;0;0;0;2068;0;254;"N";0;0;0;2014;0;0;0;0;0;0;0;0;0;31;0;23;0;0;"15:16:04";"27/10/2005"
"12/02/2026";"18:27:56";1996;2;"Eleição Ordinária";1;1996001;"Eleições Municipais 1996";"03/10/1996";"M";"SP";"61816";"ATIBAIA";"61816";"ATIBAIA";-3;13;"Vereador";56944;0;0;0;0;47668;0;9276;"N";0;0;0;36243;1192;0;0;0;0;0;0;0;0;6453;0;3780;0;0;"15:16:04";"27/10/2005"
"12/02/2026";"18:27:56";1996;2;"Eleição Ordinária";1;1996001;"Eleições Municipais 1996";"03/10/1996";"M";"SP";"61816";"ATIBAIA";"61816";"ATIBAIA";-3;11;"Prefeito";56944;0;0;0;0;47668;0;9276;"N";0;0;0;41641;0;0;0;0;0;0;0;0;0;1579;0;4448;0;0;"15:16:04";"27/10/2005"
"12/02/2026";"18:27:56";1996;2;"Eleição Ordinária";1;1996001;"Eleições Municipais 1996";"03/10/1996";"M";"SP";"61824";"PARISI";"61824";"PARISI";-3;11;"Prefeito";1520;0;0;0;0;1439;0;81;"N";0;0;0;1368;0;0;0;0;0;0;0;0;0;36;0;35;0;0;"15:16:04";"27/10/2005"
"12/02/2026";"18:27:56";1996;2;"Eleição Ordinária";1;1996001;"Eleições Municipais 1996";"03/10/1996";"M";"SP";"61824";"PARISI";"61824";"PARISI";-3;13;"Vereador";1520;0;0;0;0;1439;0;81;"N";0;0;0;1327;3;0;0;0;0;0;0;0;0;63;0;46;0;0;"15:16:04";"27/10/2005"
"12/02/2026";"18:27:56";1996;2;"Eleição Ordinária";1;1996001;"Eleições Municipais 1996";"03/10/1996";"M";"SP";"61832";"AURIFLAMA";"61832";"AURIFLAMA";-3;13;"Vereador";10018;0;0;0;0;8778;0;1240;"N";0;0;0;7889;26;0;0;0;0;0;0;0;0;596;0;267;0;0;"15:16:04";"27/10/2005"
"12/02/2026";"18:27:56";1996;2;"Eleição Ordinária";1;1996001;"Eleições Municipais 1996";"03/10/1996";"M";"SP";"61832";"AURIFLAMA";"61832";"AURIFLAMA";-3;11;"Prefeito";10018;0;0;0;0;8778;0;1240;"N";0;0;0;8614;0;0;0;0;0;0;0;0;0;47;0;117;0;0;"15:16:04";"27/10/2005"
"12/02/2026";"18:27:56";1996;2;"Eleição Ordinária";1;1996001;"Eleições Municipais 1996";"03/10/1996";"M";"SP";"61840";"TAQUARIVAI";"61840";"TAQUARIVAI";-3;13;"Vereador";2114;0;0;0;0;1903;0;211;"N";0;0;0;1585;4;0;0;0;0;0;0;0;0;188;0;126;0;0;"15:16:04";"27/10/2005"
"12/02/2026";"18:27:56";1996;2;"Eleição Ordinária";1;1996001;"Eleições Municipais 1996";"03/10/1996";"M";"SP";"61840";"TAQUARIVAI";"61840";"TAQUARIVAI";-3;11;"Prefeito";2114;0;0;0;0;1903;0;211;"N";0;0;0;1807;0;0;0;0;0;0;0;0;0;29;0;67;0;0;"15:16:04";"27/10/2005"
"12/02/2026";"18:27:56";1996;2;"Eleição Ordinária";1;1996001;"Eleições Municipais 1996";"03/10/1996";"M";"SP";"61859";"AVAI";"61859";"AVAI";-3;11;"Prefeito";4134;0;0;0;0;3529;0;605;"N";0;0;0;3355;0;0;0;0;0;0;0;0;0;96;0;78;0;0;"15:16:04";"27/10/2005"
"12/02/2026";"18:27:56";1996;2;"Eleição Ordinária";1;1996001;"Eleições Municipais 1996";"03/10/1996";"M";"SP";"61859";"AVAI";"61859";"AVAI";-3;13;"Vereador";4134;0;0;0;0;3529;0;605;"N";0;0;0;3166;1;0;0;0;0;0;0;0;0;227;0;135;0;0;"15:16:04";"27/10/2005"
"12/02/2026";"18:27:56";1996;2;"Eleição Ordinária";1;1996001;"Eleições Municipais 1996";"03/10/1996";"M";"SP";"61867";"MARAPOAMA";"61867";"MARAPOAMA";-3;13;"Vereador";1954;0;0;0;0;1867;0;87;"N";0;0;0;1652;0;0;0;0;0;0;0;0;0;144;0;71;0;0;"15:16:04";"27/10/2005"
"12/02/2026";"18:27:56";1996;2;"Eleição Ordinária";1;1996001;"Eleições Municipais 1996";"03/10/1996";"M";"SP";"61867";"MARAPOAMA";"61867";"MARAPOAMA";-3;11;"Prefeito";1954;0;0;0;0;1867;0;87;"N";0;0;0;1785;0;0;0;0;0;0;0;0;0;21;0;61;0;0;"15:16:04";"27/10/2005"
"12/02/2026";"18:27:56";1996;2;"Eleição Ordinária";1;1996001;"Eleições Municipais 1996";"03/10/1996";"M";"SP";"61875";"AVANHANDAVA";"61875";"AVANHANDAVA";-3;13;"Vereador";6116;0;0;0;0;5271;0;845;"N";0;0;0;4300;7;0;0;0;0;0;0;0;0;405;0;166;0;0;"15:16:04";"27/10/2005"
"12/02/2026";"18:27:56";1996;2;"Eleição Ordinária";1;1996001;"Eleições Municipais 1996";"03/10/1996";"M";"SP";"61875";"AVANHANDAVA";"61875";"AVANHANDAVA";-3;11;"Prefeito";6116;0;0;0;0;5271;0;845;"N";0;0;0;4935;0;0;0;0;0;0;0;0;0;162;0;174;0;0;"15:16:04";"27/10/2005"
"12/02/2026";"18:27:56";1996;2;"Eleição Ordinária";1;1996001;"Eleições Municipais 1996";"03/10/1996";"M";"SP";"61883";"SAO JOAO DE IRACEMA";"61883";"SAO JOAO DE IRACEMA";-3;11;"Prefeito";1400;0;0;0;0;1268;0;132;"N";0;0;0;1245;0;0;0;0;0;0;0;0;0;14;0;9;0;0;"15:16:04";"27/10/2005"
"12/02/2026";"18:27:56";1996;2;"Eleição Ordinária";1;1996001;"Eleições Municipais 1996";"03/10/1996";"M";"SP";"61883";"SAO JOAO DE IRACEMA";"61883";"SAO JOAO DE IRACEMA";-3;13;"Vereador";1400;0;0;0;0;1268;0;132;"N";0;0;0;1178;0;0;0;0;0;0;0;0;0;63;0;27;0;0;"15:16:04";"27/10/2005"
"12/02/2026";"18:27:56";1996;2;"Eleição Ordinária";1;1996001;"Eleições Municipais 1996";"03/10/1996";"M";"SP";"61891";"AVARE";"61891";"AVARE";-3;13;"Vereador";41360;0;0;0;0;35637;0;5723;"N";0;0;0;29216;490;0;0;0;0;0;0;0;0;3902;0;2029;0;0;"15:16:04";"27/10/2005"
"12/02/2026";"18:27:56";1996;2;"Eleição Ordinária";1;1996001;"Eleições Municipais 1996";"03/10/1996";"M";"SP";"61891";"AVARE";"61891";"AVARE";-3;11;"Prefeito";41360;0;0;0;0;35637;0;5723;"N";0;0;0;32777;0;0;0;0;0;0;0;0;0;592;0;2268;0;0;"15:16:04";"27/10/2005"
"12/02/2026";"18:27:56";1996;2;"Eleição Ordinária";1;1996001;"Eleições Municipais 1996";"03/10/1996";"M";"SP";"61905";"SAO LOURENCO DA SERRA";"61905";"SAO LOURENCO DA SERRA";-3;13;"Vereador";5803;0;0;0;0;5132;0;671;"N";0;0;0;4089;53;0;0;0;0;0;0;0;0;670;0;320;0;0;"15:16:04";"27/10/2005"
"12/02/2026";"18:27:56";1996;2;"Eleição Ordinária";1;1996001;"Eleições Municipais 1996";"03/10/1996";"M";"SP";"61905";"SAO LOURENCO DA SERRA";"61905";"SAO LOURENCO DA SERRA";-3;11;"Prefeito";5803;0;0;0;0;5132;0;671;"N";0;0;0;4622;0;0;0;0;0;0;0;0;0;115;0;395;0;0;"15:16:04";"27/10/2005"
"12/02/2026";"18:27:56";1996;2;"Eleição Ordinária";1;1996001;"Eleições Municipais 1996";"03/10/1996";"M";"SP";"61913";"BADY BASSIT";"61913";"BADY BASSIT";-3;11;"Prefeito";6271;0;0;0;0;5567;0;704;"N";0;0;0;5249;0;0;0;0;0;0;0;0;0;90;0;228;0;0;"15:16:04";"27/10/2005"
"12/02/2026";"18:27:56";1996;2;"Eleição Ordinária";1;1996001;"Eleições Municipais 1996";"03/10/1996";"M";"SP";"61913";"BADY BASSIT";"61913";"BADY BASSIT";-3;13;"Vereador";6271;0;0;0;0;5567;0;704;"N";0;0;0;4893;8;0;0;0;0;0;0;0;0;376;0;290;0;0;"15:16:04";"27/10/2005"
"12/02/2026";"18:27:56";1996;2;"Eleição Ordinária";1;1996001;"Eleições Municipais 1996";"03/10/1996";"M";"SP";"61921";"ZACARIAS";"61921";"ZACARIAS";-3;13;"Vereador";1608;0;0;0;0;1484;0;124;"N";0;0;0;1347;4;0;0;0;0;0;0;0;0;67;0;66;0;0;"15:16:04";"27/10/2005"
"12/02/2026";"18:27:56";1996;2;"Eleição Ordinária";1;1996001;"Eleições Municipais 1996";"03/10/1996";"M";"SP";"61921";"ZACARIAS";"61921";"ZACARIAS";-3;11;"Prefeito";1608;0;0;0;0;1484;0;124;"N";0;0;0;1439;0;0;0;0;0;0;0;0;0;10;0;35;0;0;"15:16:04";"27/10/2005"
"12/02/2026";"18:27:56";1996;2;"Eleição Ordinária";1;1996001;"Eleições Municipais 1996";"03/10/1996";"M";"SP";"61930";"BALBINOS";"61930";"BALBINOS";-3;13;"Vereador";1432;0;0;0;0;1265;0;167;"N";0;0;0;1139;2;0;0;0;0;0;0;0;0;83;0;41;0;0;"15:16:04";"27/10/2005"
"12/02/2026";"18:27:56";1996;2;"Eleição Ordinária";1;1996001;"Eleições Municipais 1996";"03/10/1996";"M";"SP";"61930";"BALBINOS";"61930";"BALBINOS";-3;11;"Prefeito";1432;0;0;0;0;1265;0;167;"N";0;0;0;1195;0;0;0;0;0;0;0;0;0;22;0;48;0;0;"15:16:04";"27/10/2005"
"12/02/2026";"18:27:56";1996;2;"Eleição Ordinária";1;1996001;"Eleições Municipais 1996";"03/10/1996";"M";"SP";"61948";"ITAPIRAPUA PAULISTA";"61948";"ITAPIRAPUA PAULISTA";-3;11;"Prefeito";2477;0;0;0;0;2091;0;386;"N";0;0;0;2022;0;0;0;0;0;0;0;0;0;41;0;28;0;0;"15:16:04";"27/10/2005"
"12/02/2026";"18:27:56";1996;2;"Eleição Ordinária";1;1996001;"Eleições Municipais 1996";"03/10/1996";"M";"SP";"61948";"ITAPIRAPUA PAULISTA";"61948";"ITAPIRAPUA PAULISTA";-3;13;"Vereador";2477;0;0;0;0;2091;0;386;"N";0;0;0;1785;2;0;0;0;0;0;0;0;0;228;0;76;0;0;"15:16:04";"27/10/2005"
"12/02/2026";"18:27:56";1996;2;"Eleição Ordinária";1;1996001;"Eleições Municipais 1996";"03/10/1996";"M";"SP";"61956";"BALSAMO";"61956";"BALSAMO";-3;13;"Vereador";5067;0;0;0;0;4584;0;483;"N";0;0;0;4137;11;0;0;0;0;0;0;0;0;266;0;170;0;0;"15:16:04";"27/10/2005"
"12/02/2026";"18:27:56";1996;2;"Eleição Ordinária";1;1996001;"Eleições Municipais 1996";"03/10/1996";"M";"SP";"61956";"BALSAMO";"61956";"BALSAMO";-3;11;"Prefeito";5067;0;0;0;0;4584;0;483;"N";0;0;0;4394;0;0;0;0;0;0;0;0;0;87;0;103;0;0;"15:16:04";"27/10/2005"
"12/02/2026";"18:27:56";1996;2;"Eleição Ordinária";1;1996001;"Eleições Municipais 1996";"03/10/1996";"M";"SP";"61964";"MESOPOLIS";"61964";"MESOPOLIS";-3;13;"Vereador";1763;0;0;0;0;1583;0;180;"N";0;0;0;1464;9;0;0;0;0;0;0;0;0;80;0;30;0;0;"15:16:04";"27/10/2005"
"12/02/2026";"18:27:56";1996;2;"Eleição Ordinária";1;1996001;"Eleições Municipais 1996";"03/10/1996";"M";"SP";"61964";"MESOPOLIS";"61964";"MESOPOLIS";-3;11;"Prefeito";1763;0;0;0;0;1583;0;180;"N";0;0;0;1547;0;0;0;0;0;0;0;0;0;25;0;11;0;0;"15:16:04";"27/10/2005"
"12/02/2026";"18:27:56";1996;2;"Eleição Ordinária";1;1996001;"Eleições Municipais 1996";"03/10/1996";"M";"SP";"61972";"BANANAL";"61972";"BANANAL";-3;11;"Prefeito";7511;0;0;0;0;6149;0;1362;"N";0;0;0;5553;0;0;0;0;0;0;0;0;0;165;0;431;0;0;"15:16:04";"27/10/2005"
"12/02/2026";"18:27:56";1996;2;"Eleição Ordinária";1;1996001;"Eleições Municipais 1996";"03/10/1996";"M";"SP";"61972";"BANANAL";"61972";"BANANAL";-3;13;"Vereador";7511;0;0;0;0;6149;0;1362;"N";0;0;0;4843;33;0;0;0;0;0;0;0;0;934;0;339;0;0;"15:16:04";"27/10/2005"
"12/02/2026";"18:27:56";1996;2;"Eleição Ordinária";1;1996001;"Eleições Municipais 1996";"03/10/1996";"M";"SP";"61980";"NOVA CAMPINA";"61980";"NOVA CAMPINA";-3;13;"Vereador";3699;0;0;0;0;3267;0;432;"N";0;0;0;2765;25;0;0;0;0;0;0;0;0;358;0;119;0;0;"15:16:04";"27/10/2005"
"12/02/2026";"18:27:56";1996;2;"Eleição Ordinária";1;1996001;"Eleições Municipais 1996";"03/10/1996";"M";"SP";"61980";"NOVA CAMPINA";"61980";"NOVA CAMPINA";-3;11;"Prefeito";3699;0;0;0;0;3267;0;432;"N";0;0;0;3148;0;0;0;0;0;0;0;0;0;56;0;63;0;0;"15:16:04";"27/10/2005"
"12/02/2026";"18:27:56";1996;2;"Eleição Ordinária";1;1996001;"Eleições Municipais 1996";"03/10/1996";"M";"SP";"61999";"BARBOSA";"61999";"BARBOSA";-3;13;"Vereador";4389;0;0;0;0;3657;0;732;"N";0;0;0;2968;24;0;0;0;0;0;0;0;0;415;0;250;0;0;"15:16:04";"27/10/2005"
"12/02/2026";"18:27:56";1996;2;"Eleição Ordinária";1;1996001;"Eleições Municipais 1996";"03/10/1996";"M";"SP";"61999";"BARBOSA";"61999";"BARBOSA";-3;11;"Prefeito";4389;0;0;0;0;3657;0;732;"N";0;0;0;3486;0;0;0;0;0;0;0;0;0;38;0;133;0;0;"15:16:04";"27/10/2005"
"12/02/2026";"18:27:56";1996;2;"Eleição Ordinária";1;1996001;"Eleições Municipais 1996";"03/10/1996";"M";"SP";"62006";"ILHA COMPRIDA";"62006";"ILHA COMPRIDA";-3;11;"Prefeito";3163;0;0;0;0;2522;0;641;"N";0;0;0;2405;0;0;0;0;0;0;0;0;0;43;0;74;0;0;"15:16:04";"27/10/2005"
"12/02/2026";"18:27:56";1996;2;"Eleição Ordinária";1;1996001;"Eleições Municipais 1996";"03/10/1996";"M";"SP";"62006";"ILHA COMPRIDA";"62006";"ILHA COMPRIDA";-3;13;"Vereador";3163;0;0;0;0;2522;0;641;"N";0;0;0;2327;12;0;0;0;0;0;0;0;0;108;0;75;0;0;"15:16:04";"27/10/2005"
"12/02/2026";"18:27:56";1996;2;"Eleição Ordinária";1;1996001;"Eleições Municipais 1996";"03/10/1996";"M";"SP";"62014";"BARAO DE ANTONINA";"62014";"BARAO DE ANTONINA";-3;13;"Vereador";2553;0;0;0;0;2141;0;412;"N";0;0;0;1825;4;0;0;0;0;0;0;0;0;237;0;75;0;0;"15:16:04";"27/10/2005"
"12/02/2026";"18:27:56";1996;2;"Eleição Ordinária";1;1996001;"Eleições Municipais 1996";"03/10/1996";"M";"SP";"62014";"BARAO DE ANTONINA";"62014";"BARAO DE ANTONINA";-3;11;"Prefeito";2553;0;0;0;0;2141;0;412;"N";0;0;0;2070;0;0;0;0;0;0;0;0;0;29;0;42;0;0;"15:16:04";"27/10/2005"
"12/02/2026";"18:27:56";1996;2;"Eleição Ordinária";1;1996001;"Eleições Municipais 1996";"03/10/1996";"M";"SP";"62022";"LOURDES";"62022";"LOURDES";-3;13;"Vereador";1526;0;0;0;0;1402;0;124;"N";0;0;0;1303;1;0;0;0;0;0;0;0;0;67;0;31;0;0;"15:16:04";"27/10/2005"
"12/02/2026";"18:27:56";1996;2;"Eleição Ordinária";1;1996001;"Eleições Municipais 1996";"03/10/1996";"M";"SP";"62022";"LOURDES";"62022";"LOURDES";-3;11;"Prefeito";1526;0;0;0;0;1402;0;124;"N";0;0;0;1385;0;0;0;0;0;0;0;0;0;8;0;9;0;0;"15:16:04";"27/10/2005"
"12/02/2026";"18:27:56";1996;2;"Eleição Ordinária";1;1996001;"Eleições Municipais 1996";"03/10/1996";"M";"SP";"62030";"BARIRI";"62030";"BARIRI";-3;11;"Prefeito";18199;0;0;0;0;16079;0;2120;"N";0;0;0;15151;0;0;0;0;0;0;0;0;0;295;0;633;0;0;"15:16:04";"27/10/2005"
"12/02/2026";"18:27:56";1996;2;"Eleição Ordinária";1;1996001;"Eleições Municipais 1996";"03/10/1996";"M";"SP";"62030";"BARIRI";"62030";"BARIRI";-3;13;"Vereador";18199;0;0;0;0;16079;0;2120;"N";0;0;0;13967;96;0;0;0;0;0;0;0;0;1303;0;713;0;0;"15:16:04";"27/10/2005"
"12/02/2026";"18:27:56";1996;2;"Eleição Ordinária";1;1996001;"Eleições Municipais 1996";"03/10/1996";"M";"SP";"62049";"TORRE DE PEDRA";"62049";"TORRE DE PEDRA";-3;13;"Vereador";1743;0;0;0;0;1556;0;187;"N";0;0;0;1445;3;0;0;0;0;0;0;0;0;68;0;40;0;0;"15:16:04";"27/10/2005"
"12/02/2026";"18:27:56";1996;2;"Eleição Ordinária";1;1996001;"Eleições Municipais 1996";"03/10/1996";"M";"SP";"62049";"TORRE DE PEDRA";"62049";"TORRE DE PEDRA";-3;11;"Prefeito";1743;0;0;0;0;1556;0;187;"N";0;0;0;1528;0;0;0;0;0;0;0;0;0;11;0;17;0;0;"15:16:04";"27/10/2005"
"12/02/2026";"18:27:56";1996;2;"Eleição Ordinária";1;1996001;"Eleições Municipais 1996";"03/10/1996";"M";"SP";"62057";"BARRA BONITA";"62057";"BARRA BONITA";-3;13;"Vereador";23471;0;0;0;0;21150;0;2321;"N";0;0;0;15672;30;0;0;0;0;0;0;0;0;1412;0;1149;0;0;"15:16:04";"27/10/2005"
"12/02/2026";"18:27:56";1996;2;"Eleição Ordinária";1;1996001;"Eleições Municipais 1996";"03/10/1996";"M";"SP";"62057";"BARRA BONITA";"62057";"BARRA BONITA";-3;11;"Prefeito";23471;0;0;0;0;21150;0;2321;"N";0;0;0;19333;0;0;0;0;0;0;0;0;0;675;0;1142;0;0;"15:16:04";"27/10/2005"
"12/02/2026";"18:27:56";1996;2;"Eleição Ordinária";1;1996001;"Eleições Municipais 1996";"03/10/1996";"M";"SP";"62065";"ARCO IRIS";"62065";"ARCO IRIS";-3;11;"Prefeito";1798;0;0;0;0;1502;0;296;"N";0;0;0;1412;0;0;0;0;0;0;0;0;0;62;0;28;0;0;"15:16:04";"27/10/2005"
"12/02/2026";"18:27:56";1996;2;"Eleição Ordinária";1;1996001;"Eleições Municipais 1996";"03/10/1996";"M";"SP";"62065";"ARCO IRIS";"62065";"ARCO IRIS";-3;13;"Vereador";1798;0;0;0;0;1502;0;296;"N";0;0;0;1328;1;0;0;0;0;0;0;0;0;132;0;41;0;0;"15:16:04";"27/10/2005"
"12/02/2026";"18:27:56";1996;2;"Eleição Ordinária";1;1996001;"Eleições Municipais 1996";"03/10/1996";"M";"SP";"62073";"BARRA DO TURVO";"62073";"BARRA DO TURVO";-3;13;"Vereador";6029;0;0;0;0;4363;0;1666;"N";0;0;0;3454;60;0;0;0;0;0;0;0;0;657;0;192;0;0;"15:16:04";"27/10/2005"
"12/02/2026";"18:27:56";1996;2;"Eleição Ordinária";1;1996001;"Eleições Municipais 1996";"03/10/1996";"M";"SP";"62073";"BARRA DO TURVO";"62073";"BARRA DO TURVO";-3;11;"Prefeito";6029;0;0;0;0;4363;0;1666;"N";0;0;0;4137;0;0;0;0;0;0;0;0;0;58;0;168;0;0;"15:16:04";"27/10/2005"
"12/02/2026";"18:27:56";1996;2;"Eleição Ordinária";1;1996001;"Eleições Municipais 1996";"03/10/1996";"M";"SP";"62081";"BREJO ALEGRE";"62081";"BREJO ALEGRE";-3;13;"Vereador";1387;0;0;0;0;1237;0;150;"N";0;0;0;1055;10;0;0;0;0;0;0;0;0;134;0;38;0;0;"15:16:04";"27/10/2005"
"12/02/2026";"18:27:56";1996;2;"Eleição Ordinária";1;1996001;"Eleições Municipais 1996";"03/10/1996";"M";"SP";"62081";"BREJO ALEGRE";"62081";"BREJO ALEGRE";-3;11;"Prefeito";1387;0;0;0;0;1237;0;150;"N";0;0;0;1161;0;0;0;0;0;0;0;0;0;33;0;43;0;0;"15:16:04";"27/10/2005"
"12/02/2026";"18:27:56";1996;2;"Eleição Ordinária";1;1996001;"Eleições Municipais 1996";"03/10/1996";"M";"SP";"62090";"BARRETOS";"62090";"BARRETOS";-3;11;"Prefeito";63395;0;0;0;0;53851;0;9544;"N";0;0;0;49305;0;0;0;0;0;0;0;0;0;930;0;3616;0;0;"15:16:04";"27/10/2005"
"12/02/2026";"18:27:56";1996;2;"Eleição Ordinária";1;1996001;"Eleições Municipais 1996";"03/10/1996";"M";"SP";"62090";"BARRETOS";"62090";"BARRETOS";-3;13;"Vereador";63395;0;0;0;0;53851;0;9544;"N";0;0;0;46962;271;0;0;0;0;0;0;0;0;4169;0;2449;0;0;"15:16:04";"27/10/2005"
"12/02/2026";"18:27:56";1996;2;"Eleição Ordinária";1;1996001;"Eleições Municipais 1996";"03/10/1996";"M";"SP";"62103";"CANAS";"62103";"CANAS";-3;13;"Vereador";1716;0;0;0;0;1563;0;153;"N";0;0;0;1362;4;0;0;0;0;0;0;0;0;132;0;65;0;0;"15:16:04";"27/10/2005"
"12/02/2026";"18:27:56";1996;2;"Eleição Ordinária";1;1996001;"Eleições Municipais 1996";"03/10/1996";"M";"SP";"62103";"CANAS";"62103";"CANAS";-3;11;"Prefeito";1716;0;0;0;0;1563;0;153;"N";0;0;0;1487;0;0;0;0;0;0;0;0;0;30;0;46;0;0;"15:16:04";"27/10/2005"
"12/02/2026";"18:27:56";1996;2;"Eleição Ordinária";1;1996001;"Eleições Municipais 1996";"03/10/1996";"M";"SP";"62111";"BARRINHA";"62111";"BARRINHA";-3;13;"Vereador";12899;0;0;0;0;11265;0;1634;"N";0;0;0;9800;10;0;0;0;0;0;0;0;0;989;0;466;0;0;"15:16:04";"27/10/2005"
"12/02/2026";"18:27:56";1996;2;"Eleição Ordinária";1;1996001;"Eleições Municipais 1996";"03/10/1996";"M";"SP";"62111";"BARRINHA";"62111";"BARRINHA";-3;11;"Prefeito";12899;0;0;0;0;11265;0;1634;"N";0;0;0;10469;0;0;0;0;0;0;0;0;0;274;0;522;0;0;"15:16:04";"27/10/2005"
"12/02/2026";"18:27:56";1996;2;"Eleição Ordinária";1;1996001;"Eleições Municipais 1996";"03/10/1996";"M";"SP";"62120";"PRACINHA";"62120";"PRACINHA";-3;11;"Prefeito";1166;0;0;0;0;999;0;167;"N";0;0;0;951;0;0;0;0;0;0;0;0;0;38;0;10;0;0;"15:16:04";"27/10/2005"
"12/02/2026";"18:27:56";1996;2;"Eleição Ordinária";1;1996001;"Eleições Municipais 1996";"03/10/1996";"M";"SP";"62120";"PRACINHA";"62120";"PRACINHA";-3;13;"Vereador";1166;0;0;0;0;999;0;167;"N";0;0;0;890;1;0;0;0;0;0;0;0;0;76;0;32;0;0;"15:16:04";"27/10/2005"
"12/02/2026";"18:27:56";1996;2;"Eleição Ordinária";1;1996001;"Eleições Municipais 1996";"03/10/1996";"M";"SP";"62138";"BARUERI";"62138";"BARUERI";-3;13;"Vereador";120570;0;0;0;0;104823;0;15747;"N";0;0;0;81067;1884;0;0;0;0;0;0;0;0;14721;0;7151;0;0;"15:16:04";"27/10/2005"
"12/02/2026";"18:27:56";1996;2;"Eleição Ordinária";1;1996001;"Eleições Municipais 1996";"03/10/1996";"M";"SP";"62138";"BARUERI";"62138";"BARUERI";-3;11;"Prefeito";120570;0;0;0;0;104823;0;15747;"N";0;0;0;89776;0;0;0;0;0;0;0;0;0;3596;0;11451;0;0;"15:16:04";"27/10/2005"
"12/02/2026";"18:27:56";1996;2;"Eleição Ordinária";1;1996001;"Eleições Municipais 1996";"03/10/1996";"M";"SP";"62146";"PRATANIA";"62146";"PRATANIA";-3;13;"Vereador";2392;0;0;0;0;2051;0;341;"N";0;0;0;1763;6;0;0;0;0;0;0;0;0;172;0;110;0;0;"15:16:04";"27/10/2005"
"12/02/2026";"18:27:56";1996;2;"Eleição Ordinária";1;1996001;"Eleições Municipais 1996";"03/10/1996";"M";"SP";"62146";"PRATANIA";"62146";"PRATANIA";-3;11;"Prefeito";2392;0;0;0;0;2051;0;341;"N";0;0;0;1956;0;0;0;0;0;0;0;0;0;29;0;66;0;0;"15:16:04";"27/10/2005"
"12/02/2026";"18:27:56";1996;2;"Eleição Ordinária";1;1996001;"Eleições Municipais 1996";"03/10/1996";"M";"SP";"62154";"BASTOS";"62154";"BASTOS";-3;11;"Prefeito";14320;0;0;0;0;11601;0;2719;"N";0;0;0;10994;0;0;0;0;0;0;0;0;0;247;0;360;0;0;"15:16:04";"27/10/2005"
"12/02/2026";"18:27:56";1996;2;"Eleição Ordinária";1;1996001;"Eleições Municipais 1996";"03/10/1996";"M";"SP";"62154";"BASTOS";"62154";"BASTOS";-3;13;"Vereador";14320;0;0;0;0;11601;0;2719;"N";0;0;0;10130;26;0;0;0;0;0;0;0;0;1014;0;431;0;0;"15:16:04";"27/10/2005"
"12/02/2026";"18:27:56";1996;2;"Eleição Ordinária";1;1996001;"Eleições Municipais 1996";"03/10/1996";"M";"SP";"62162";"QUADRA";"62162";"QUADRA";-3;13;"Vereador";1635;0;0;0;0;1461;0;174;"N";0;0;0;1286;3;0;0;0;0;0;0;0;0;136;0;36;0;0;"15:16:04";"27/10/2005"
"12/02/2026";"18:27:56";1996;2;"Eleição Ordinária";1;1996001;"Eleições Municipais 1996";"03/10/1996";"M";"SP";"62162";"QUADRA";"62162";"QUADRA";-3;11;"Prefeito";1635;0;0;0;0;1461;0;174;"N";0;0;0;1388;0;0;0;0;0;0;0;0;0;54;0;19;0;0;"15:16:04";"27/10/2005"
"12/02/2026";"18:27:56";1996;2;"Eleição Ordinária";1;1996001;"Eleições Municipais 1996";"03/10/1996";"M";"SP";"62170";"BATATAIS";"62170";"BATATAIS";-3;13;"Vereador";30186;0;0;0;0;27280;0;2906;"N";0;0;0;23970;168;0;0;0;0;0;0;0;0;2107;0;1035;0;0;"15:16:04";"27/10/2005"
"12/02/2026";"18:27:56";1996;2;"Eleição Ordinária";1;1996001;"Eleições Municipais 1996";"03/10/1996";"M";"SP";"62170";"BATATAIS";"62170";"BATATAIS";-3;11;"Prefeito";30186;0;0;0;0;27280;0;2906;"N";0;0;0;25821;0;0;0;0;0;0;0;0;0;445;0;1014;0;0;"15:16:04";"27/10/2005"
"12/02/2026";"18:27:56";1996;2;"Eleição Ordinária";1;1996001;"Eleições Municipais 1996";"03/10/1996";"M";"SP";"62189";"SANTA CRUZ DA ESPERANCA";"62189";"SANTA CRUZ DA ESPERANCA";-3;11;"Prefeito";1245;0;0;0;0;1097;0;148;"N";0;0;0;1057;0;0;0;0;0;0;0;0;0;18;0;22;0;0;"15:16:04";"27/10/2005"
"12/02/2026";"18:27:56";1996;2;"Eleição Ordinária";1;1996001;"Eleições Municipais 1996";"03/10/1996";"M";"SP";"62189";"SANTA CRUZ DA ESPERANCA";"62189";"SANTA CRUZ DA ESPERANCA";-3;13;"Vereador";1245;0;0;0;0;1097;0;148;"N";0;0;0;997;3;0;0;0;0;0;0;0;0;62;0;35;0;0;"15:16:04";"27/10/2005"
"12/02/2026";"18:27:56";1996;2;"Eleição Ordinária";1;1996001;"Eleições Municipais 1996";"03/10/1996";"M";"SP";"62197";"BAURU";"62197";"BAURU";-3;13;"Vereador";171282;0;0;0;0;148417;0;22865;"N";0;0;0;114997;2271;0;0;0;0;0;0;0;0;15694;0;15455;0;0;"15:16:04";"27/10/2005"
"12/02/2026";"18:27:56";1996;2;"Eleição Ordinária";1;1996001;"Eleições Municipais 1996";"03/10/1996";"M";"SP";"62197";"BAURU";"62197";"BAURU";-3;11;"Prefeito";171282;0;0;0;0;148417;0;22865;"N";0;0;0;130449;0;0;0;0;0;0;0;0;0;3135;0;14833;0;0;"15:16:04";"27/10/2005"
"12/02/2026";"18:27:56";1996;2;"Eleição Ordinária";1;1996001;"Eleições Municipais 1996";"03/10/1996";"M";"SP";"62200";"SANTA SALETE";"62200";"SANTA SALETE";-3;13;"Vereador";1165;0;0;0;0;1034;0;131;"N";0;0;0;983;1;0;0;0;0;0;0;0;0;30;0;20;0;0;"15:16:04";"27/10/2005"
"12/02/2026";"18:27:56";1996;2;"Eleição Ordinária";1;1996001;"Eleições Municipais 1996";"03/10/1996";"M";"SP";"62200";"SANTA SALETE";"62200";"SANTA SALETE";-3;11;"Prefeito";1165;0;0;0;0;1034;0;131;"N";0;0;0;1011;0;0;0;0;0;0;0;0;0;12;0;11;0;0;"15:16:04";"27/10/2005"
"12/02/2026";"18:27:56";1996;2;"Eleição Ordinária";1;1996001;"Eleições Municipais 1996";"03/10/1996";"M";"SP";"62219";"BEBEDOURO";"62219";"BEBEDOURO";-3;11;"Prefeito";43237;0;0;0;0;37633;0;5604;"N";0;0;0;34360;0;0;0;0;0;0;0;0;0;607;0;2666;0;0;"15:16:04";"27/10/2005"
"12/02/2026";"18:27:56";1996;2;"Eleição Ordinária";1;1996001;"Eleições Municipais 1996";"03/10/1996";"M";"SP";"62219";"BEBEDOURO";"62219";"BEBEDOURO";-3;13;"Vereador";43237;0;0;0;0;37633;0;5604;"N";0;0;0;31810;376;0;0;0;0;0;0;0;0;3331;0;2116;0;0;"15:16:04";"27/10/2005"
"12/02/2026";"18:27:56";1996;2;"Eleição Ordinária";1;1996001;"Eleições Municipais 1996";"03/10/1996";"M";"SP";"62227";"VITORIA BRASIL";"62227";"VITORIA BRASIL";-3;13;"Vereador";1459;0;0;0;0;1298;0;161;"N";0;0;0;1119;12;0;0;0;0;0;0;0;0;89;0;78;0;0;"15:16:04";"27/10/2005"
"12/02/2026";"18:27:56";1996;2;"Eleição Ordinária";1;1996001;"Eleições Municipais 1996";"03/10/1996";"M";"SP";"62227";"VITORIA BRASIL";"62227";"VITORIA BRASIL";-3;11;"Prefeito";1459;0;0;0;0;1298;0;161;"N";0;0;0;1241;0;0;0;0;0;0;0;0;0;32;0;25;0;0;"15:16:04";"27/10/2005"
"12/02/2026";"18:27:56";1996;2;"Eleição Ordinária";1;1996001;"Eleições Municipais 1996";"03/10/1996";"M";"SP";"62235";"BENTO DE ABREU";"62235";"BENTO DE ABREU";-3;13;"Vereador";1938;0;0;0;0;1742;0;196;"N";0;0;0;1584;2;0;0;0;0;0;0;0;0;103;0;53;0;0;"15:16:04";"27/10/2005"
"12/02/2026";"18:27:56";1996;2;"Eleição Ordinária";1;1996001;"Eleições Municipais 1996";"03/10/1996";"M";"SP";"62235";"BENTO DE ABREU";"62235";"BENTO DE ABREU";-3;11;"Prefeito";1938;0;0;0;0;1742;0;196;"N";0;0;0;1709;0;0;0;0;0;0;0;0;0;13;0;20;0;0;"15:16:04";"27/10/2005"
"12/02/2026";"18:27:56";1996;2;"Eleição Ordinária";1;1996001;"Eleições Municipais 1996";"03/10/1996";"M";"SP";"62243";"IPIGUA";"62243";"IPIGUA";-3;11;"Prefeito";1807;0;0;0;0;1678;0;129;"N";0;0;0;1641;0;0;0;0;0;0;0;0;0;14;0;23;0;0;"15:16:04";"27/10/2005"
"12/02/2026";"18:27:56";1996;2;"Eleição Ordinária";1;1996001;"Eleições Municipais 1996";"03/10/1996";"M";"SP";"62243";"IPIGUA";"62243";"IPIGUA";-3;13;"Vereador";1807;0;0;0;0;1678;0;129;"N";0;0;0;1554;3;0;0;0;0;0;0;0;0;71;0;50;0;0;"15:16:04";"27/10/2005"
"12/02/2026";"18:27:56";1996;2;"Eleição Ordinária";1;1996001;"Eleições Municipais 1996";"03/10/1996";"M";"SP";"62251";"BERNADINO DE CAMPOS";"62251";"BERNADINO DE CAMPOS";-3;13;"Vereador";7093;0;0;0;0;5857;0;1236;"N";0;0;0;4900;33;0;0;0;0;0;0;0;0;660;0;264;0;0;"15:16:04";"27/10/2005"
"12/02/2026";"18:27:56";1996;2;"Eleição Ordinária";1;1996001;"Eleições Municipais 1996";"03/10/1996";"M";"SP";"62251";"BERNADINO DE CAMPOS";"62251";"BERNADINO DE CAMPOS";-3;11;"Prefeito";7093;0;0;0;0;5857;0;1236;"N";0;0;0;5517;0;0;0;0;0;0;0;0;0;87;0;253;0;0;"15:16:04";"27/10/2005"
"12/02/2026";"18:27:56";1996;2;"Eleição Ordinária";1;1996001;"Eleições Municipais 1996";"03/10/1996";"M";"SP";"62260";"TAQUARAL";"62260";"TAQUARAL";-3;13;"Vereador";1581;0;0;0;0;1426;0;155;"N";0;0;0;1273;5;0;0;0;0;0;0;0;0;107;0;41;0;0;"15:16:04";"27/10/2005"
"12/02/2026";"18:27:56";1996;2;"Eleição Ordinária";1;1996001;"Eleições Municipais 1996";"03/10/1996";"M";"SP";"62260";"TAQUARAL";"62260";"TAQUARAL";-3;11;"Prefeito";1581;0;0;0;0;1426;0;155;"N";0;0;0;1356;0;0;0;0;0;0;0;0;0;41;0;29;0;0;"15:16:04";"27/10/2005"
"12/02/2026";"18:27:56";1996;2;"Eleição Ordinária";1;1996001;"Eleições Municipais 1996";"03/10/1996";"M";"SP";"62278";"BILAC";"62278";"BILAC";-3;11;"Prefeito";4593;0;0;0;0;4089;0;504;"N";0;0;0;3877;0;0;0;0;0;0;0;0;0;83;0;129;0;0;"15:16:04";"27/10/2005"
"12/02/2026";"18:27:56";1996;2;"Eleição Ordinária";1;1996001;"Eleições Municipais 1996";"03/10/1996";"M";"SP";"62278";"BILAC";"62278";"BILAC";-3;13;"Vereador";4593;0;0;0;0;4089;0;504;"N";0;0;0;3566;5;0;0;0;0;0;0;0;0;398;0;120;0;0;"15:16:04";"27/10/2005"
"12/02/2026";"18:27:56";1996;2;"Eleição Ordinária";1;1996001;"Eleições Municipais 1996";"03/10/1996";"M";"SP";"62286";"FERNAO";"62286";"FERNAO";-3;13;"Vereador";1097;0;0;0;0;909;0;188;"N";0;0;0;789;2;0;0;0;0;0;0;0;0;84;0;34;0;0;"15:16:04";"27/10/2005"
"12/02/2026";"18:27:56";1996;2;"Eleição Ordinária";1;1996001;"Eleições Municipais 1996";"03/10/1996";"M";"SP";"62286";"FERNAO";"62286";"FERNAO";-3;11;"Prefeito";1097;0;0;0;0;909;0;188;"N";0;0;0;866;0;0;0;0;0;0;0;0;0;22;0;21;0;0;"15:16:04";"27/10/2005"
"12/02/2026";"18:27:56";1996;2;"Eleição Ordinária";1;1996001;"Eleições Municipais 1996";"03/10/1996";"M";"SP";"62294";"BIRIGUI";"62294";"BIRIGUI";-3;13;"Vereador";50483;0;0;0;0;44769;0;5714;"N";0;0;0;37194;458;0;0;0;0;0;0;0;0;3806;0;3311;0;0;"15:16:04";"27/10/2005"
"12/02/2026";"18:27:56";1996;2;"Eleição Ordinária";1;1996001;"Eleições Municipais 1996";"03/10/1996";"M";"SP";"62294";"BIRIGUI";"62294";"BIRIGUI";-3;11;"Prefeito";50483;0;0;0;0;44769;0;5714;"N";0;0;0;39164;0;0;0;0;0;0;0;0;0;1391;0;4214;0;0;"15:16:04";"27/10/2005"
"12/02/2026";"18:27:56";1996;2;"Eleição Ordinária";1;1996001;"Eleições Municipais 1996";"03/10/1996";"M";"SP";"62308";"GAVIAO PEIXOTO";"62308";"GAVIAO PEIXOTO";-3;11;"Prefeito";2355;0;0;0;0;2070;0;285;"N";0;0;0;1888;0;0;0;0;0;0;0;0;0;76;0;106;0;0;"15:16:04";"27/10/2005"
"12/02/2026";"18:27:56";1996;2;"Eleição Ordinária";1;1996001;"Eleições Municipais 1996";"03/10/1996";"M";"SP";"62308";"GAVIAO PEIXOTO";"62308";"GAVIAO PEIXOTO";-3;13;"Vereador";2355;0;0;0;0;2070;0;285;"N";0;0;0;1726;7;0;0;0;0;0;0;0;0;254;0;83;0;0;"15:16:04";"27/10/2005"
"12/02/2026";"18:27:56";1996;2;"Eleição Ordinária";1;1996001;"Eleições Municipais 1996";"03/10/1996";"M";"SP";"62316";"BIRITIBA MIRIM";"62316";"BIRITIBA MIRIM";-3;13;"Vereador";14148;0;0;0;0;12059;0;2089;"N";0;0;0;9334;269;0;0;0;0;0;0;0;0;1632;0;824;0;0;"15:16:04";"27/10/2005"
"12/02/2026";"18:27:56";1996;2;"Eleição Ordinária";1;1996001;"Eleições Municipais 1996";"03/10/1996";"M";"SP";"62316";"BIRITIBA MIRIM";"62316";"BIRITIBA MIRIM";-3;11;"Prefeito";14148;0;0;0;0;12059;0;2089;"N";0;0;0;10646;0;0;0;0;0;0;0;0;0;494;0;919;0;0;"15:16:04";"27/10/2005"
"12/02/2026";"18:27:56";1996;2;"Eleição Ordinária";1;1996001;"Eleições Municipais 1996";"03/10/1996";"M";"SP";"62324";"JUMIRIM";"62324";"JUMIRIM";-3;13;"Vereador";1151;0;0;0;0;1023;0;128;"N";0;0;0;895;8;0;0;0;0;0;0;0;0;67;0;53;0;0;"15:16:04";"27/10/2005"
"12/02/2026";"18:27:56";1996;2;"Eleição Ordinária";1;1996001;"Eleições Municipais 1996";"03/10/1996";"M";"SP";"62324";"JUMIRIM";"62324";"JUMIRIM";-3;11;"Prefeito";1151;0;0;0;0;1023;0;128;"N";0;0;0;698;0;0;0;0;0;0;0;0;0;244;0;81;0;0;"15:16:04";"27/10/2005"
"12/02/2026";"18:27:56";1996;2;"Eleição Ordinária";1;1996001;"Eleições Municipais 1996";"03/10/1996";"M";"SP";"62332";"BOA ESPERANCA DO SUL";"62332";"BOA ESPERANCA DO SUL";-3;11;"Prefeito";7586;0;0;0;0;6442;0;1144;"N";0;0;0;5914;0;0;0;0;0;0;0;0;0;120;0;408;0;0;"15:16:04";"27/10/2005"
"12/02/2026";"18:27:56";1996;2;"Eleição Ordinária";1;1996001;"Eleições Municipais 1996";"03/10/1996";"M";"SP";"62332";"BOA ESPERANCA DO SUL";"62332";"BOA ESPERANCA DO SUL";-3;13;"Vereador";7586;0;0;0;0;6442;0;1144;"N";0;0;0;5450;28;0;0;0;0;0;0;0;0;657;0;307;0;0;"15:16:04";"27/10/2005"
"12/02/2026";"18:27:56";1996;2;"Eleição Ordinária";1;1996001;"Eleições Municipais 1996";"03/10/1996";"M";"SP";"62340";"NANTES";"62340";"NANTES";-3;13;"Vereador";1435;0;0;0;0;1139;0;296;"N";0;0;0;999;12;0;0;0;0;0;0;0;0;96;0;32;0;0;"15:16:04";"27/10/2005"
"12/02/2026";"18:27:56";1996;2;"Eleição Ordinária";1;1996001;"Eleições Municipais 1996";"03/10/1996";"M";"SP";"62340";"NANTES";"62340";"NANTES";-3;11;"Prefeito";1435;0;0;0;0;1139;0;296;"N";0;0;0;1108;0;0;0;0;0;0;0;0;0;13;0;18;0;0;"15:16:04";"27/10/2005"
"12/02/2026";"18:27:56";1996;2;"Eleição Ordinária";1;1996001;"Eleições Municipais 1996";"03/10/1996";"M";"SP";"62359";"BOCAINA";"62359";"BOCAINA";-3;13;"Vereador";5774;0;0;0;0;5058;0;716;"N";0;0;0;4500;11;0;0;0;0;0;0;0;0;398;0;149;0;0;"15:16:04";"27/10/2005"
"12/02/2026";"18:27:56";1996;2;"Eleição Ordinária";1;1996001;"Eleições Municipais 1996";"03/10/1996";"M";"SP";"62359";"BOCAINA";"62359";"BOCAINA";-3;11;"Prefeito";5774;0;0;0;0;5058;0;716;"N";0;0;0;4814;0;0;0;0;0;0;0;0;0;62;0;182;0;0;"15:16:04";"27/10/2005"
"12/02/2026";"18:27:56";1996;2;"Eleição Ordinária";1;1996001;"Eleições Municipais 1996";"03/10/1996";"M";"SP";"62367";"NOVA CASTILHO";"62367";"NOVA CASTILHO";-3;11;"Prefeito";1019;0;0;0;0;944;0;75;"N";0;0;0;935;0;0;0;0;0;0;0;0;0;1;0;8;0;0;"15:16:04";"27/10/2005"
"12/02/2026";"18:27:56";1996;2;"Eleição Ordinária";1;1996001;"Eleições Municipais 1996";"03/10/1996";"M";"SP";"62367";"NOVA CASTILHO";"62367";"NOVA CASTILHO";-3;13;"Vereador";1019;0;0;0;0;944;0;75;"N";0;0;0;912;0;0;0;0;0;0;0;0;0;20;0;12;0;0;"15:16:04";"27/10/2005"
"12/02/2026";"18:27:56";1996;2;"Eleição Ordinária";1;1996001;"Eleições Municipais 1996";"03/10/1996";"M";"SP";"62375";"BOFETE";"62375";"BOFETE";-3;13;"Vereador";5289;0;0;0;0;4497;0;792;"N";0;0;0;3904;10;0;0;0;0;0;0;0;0;378;0;205;0;0;"15:16:04";"27/10/2005"
"12/02/2026";"18:27:56";1996;2;"Eleição Ordinária";1;1996001;"Eleições Municipais 1996";"03/10/1996";"M";"SP";"62375";"BOFETE";"62375";"BOFETE";-3;11;"Prefeito";5289;0;0;0;0;4497;0;792;"N";0;0;0;4303;0;0;0;0;0;0;0;0;0;49;0;145;0;0;"15:16:04";"27/10/2005"
"12/02/2026";"18:27:56";1996;2;"Eleição Ordinária";1;1996001;"Eleições Municipais 1996";"03/10/1996";"M";"SP";"62383";"OUROESTE";"62383";"OUROESTE";-3;13;"Vereador";4688;0;0;0;0;4184;0;504;"N";0;0;0;3825;6;0;0;0;0;0;0;0;0;246;0;107;0;0;"15:16:04";"27/10/2005"
"12/02/2026";"18:27:56";1996;2;"Eleição Ordinária";1;1996001;"Eleições Municipais 1996";"03/10/1996";"M";"SP";"62383";"OUROESTE";"62383";"OUROESTE";-3;11;"Prefeito";4688;0;0;0;0;4184;0;504;"N";0;0;0;4079;0;0;0;0;0;0;0;0;0;44;0;61;0;0;"15:16:04";"27/10/2005"
"12/02/2026";"18:27:56";1996;2;"Eleição Ordinária";1;1996001;"Eleições Municipais 1996";"03/10/1996";"M";"SP";"62391";"BOITUVA";"62391";"BOITUVA";-3;11;"Prefeito";19006;0;0;0;0;16584;0;2422;"N";0;0;0;13716;0;0;0;0;0;0;0;0;0;822;0;2046;0;0;"15:16:04";"27/10/2005"
"12/02/2026";"18:27:56";1996;2;"Eleição Ordinária";1;1996001;"Eleições Municipais 1996";"03/10/1996";"M";"SP";"62391";"BOITUVA";"62391";"BOITUVA";-3;13;"Vereador";19006;0;0;0;0;16584;0;2422;"N";0;0;0;12473;116;0;0;0;0;0;0;0;0;2328;0;1667;0;0;"15:16:04";"27/10/2005"
"12/02/2026";"18:27:56";1996;2;"Eleição Ordinária";1;1996001;"Eleições Municipais 1996";"03/10/1996";"M";"SP";"62405";"PAULISTANIA";"62405";"PAULISTANIA";-3;13;"Vereador";1211;0;0;0;0;1061;0;150;"N";0;0;0;885;3;0;0;0;0;0;0;0;0;125;0;48;0;0;"15:16:04";"27/10/2005"
"12/02/2026";"18:27:56";1996;2;"Eleição Ordinária";1;1996001;"Eleições Municipais 1996";"03/10/1996";"M";"SP";"62405";"PAULISTANIA";"62405";"PAULISTANIA";-3;11;"Prefeito";1211;0;0;0;0;1061;0;150;"N";0;0;0;857;0;0;0;0;0;0;0;0;0;139;0;65;0;0;"15:16:04";"27/10/2005"
"12/02/2026";"18:27:56";1996;2;"Eleição Ordinária";1;1996001;"Eleições Municipais 1996";"03/10/1996";"M";"SP";"62413";"BOM JESUS DOS PERDOES";"62413";"BOM JESUS DOS PERDOES";-3;13;"Vereador";8457;0;0;0;0;7067;0;1390;"N";0;0;0;5708;81;0;0;0;0;0;0;0;0;922;0;356;0;0;"15:16:04";"27/10/2005"
"12/02/2026";"18:27:56";1996;2;"Eleição Ordinária";1;1996001;"Eleições Municipais 1996";"03/10/1996";"M";"SP";"62413";"BOM JESUS DOS PERDOES";"62413";"BOM JESUS DOS PERDOES";-3;11;"Prefeito";8457;0;0;0;0;7067;0;1390;"N";0;0;0;6466;0;0;0;0;0;0;0;0;0;171;0;430;0;0;"15:16:04";"27/10/2005"
"12/02/2026";"18:27:56";1996;2;"Eleição Ordinária";1;1996001;"Eleições Municipais 1996";"03/10/1996";"M";"SP";"62421";"RIBEIRAO DOS INDIOS";"62421";"RIBEIRAO DOS INDIOS";-3;11;"Prefeito";1592;0;0;0;0;1397;0;195;"N";0;0;0;974;0;0;0;0;0;0;0;0;0;323;0;100;0;0;"15:16:04";"27/10/2005"
"12/02/2026";"18:27:56";1996;2;"Eleição Ordinária";1;1996001;"Eleições Municipais 1996";"03/10/1996";"M";"SP";"62421";"RIBEIRAO DOS INDIOS";"62421";"RIBEIRAO DOS INDIOS";-3;13;"Vereador";1592;0;0;0;0;1397;0;195;"N";0;0;0;1211;4;0;0;0;0;0;0;0;0;133;0;49;0;0;"15:16:04";"27/10/2005"
"12/02/2026";"18:27:56";1996;2;"Eleição Ordinária";1;1996001;"Eleições Municipais 1996";"03/10/1996";"M";"SP";"62430";"BORA";"62430";"BORA";-3;13;"Vereador";1138;0;0;0;0;985;0;153;"N";0;0;0;863;1;0;0;0;0;0;0;0;0;86;0;35;0;0;"15:16:04";"27/10/2005"
"12/02/2026";"18:27:56";1996;2;"Eleição Ordinária";1;1996001;"Eleições Municipais 1996";"03/10/1996";"M";"SP";"62430";"BORA";"62430";"BORA";-3;11;"Prefeito";1138;0;0;0;0;985;0;153;"N";0;0;0;847;0;0;0;0;0;0;0;0;0;120;0;18;0;0;"15:16:04";"27/10/2005"
"12/02/2026";"18:27:56";1996;2;"Eleição Ordinária";1;1996001;"Eleições Municipais 1996";"03/10/1996";"M";"SP";"62448";"TRABIJU";"62448";"TRABIJU";-3;13;"Vereador";1056;0;0;0;0;913;0;143;"N";0;0;0;829;3;0;0;0;0;0;0;0;0;53;0;28;0;0;"15:16:04";"27/10/2005"
"12/02/2026";"18:27:56";1996;2;"Eleição Ordinária";1;1996001;"Eleições Municipais 1996";"03/10/1996";"M";"SP";"62448";"TRABIJU";"62448";"TRABIJU";-3;11;"Prefeito";1056;0;0;0;0;913;0;143;"N";0;0;0;870;0;0;0;0;0;0;0;0;0;22;0;21;0;0;"15:16:04";"27/10/2005"
"12/02/2026";"18:27:56";1996;2;"Eleição Ordinária";1;1996001;"Eleições Municipais 1996";"03/10/1996";"M";"SP";"62456";"BORACEIA";"62456";"BORACEIA";-3;11;"Prefeito";3142;0;0;0;0;2834;0;308;"N";0;0;0;2651;0;0;0;0;0;0;0;0;0;87;0;96;0;0;"15:16:04";"27/10/2005"
"12/02/2026";"18:27:56";1996;2;"Eleição Ordinária";1;1996001;"Eleições Municipais 1996";"03/10/1996";"M";"SP";"62456";"BORACEIA";"62456";"BORACEIA";-3;13;"Vereador";3142;0;0;0;0;2834;0;308;"N";0;0;0;2507;4;0;0;0;0;0;0;0;0;230;0;93;0;0;"15:16:04";"27/10/2005"
"12/02/2026";"18:27:56";1996;2;"Eleição Ordinária";1;1996001;"Eleições Municipais 1996";"03/10/1996";"M";"SP";"62472";"BORBOREMA";"62472";"BORBOREMA";-3;13;"Vereador";8864;0;0;0;0;7855;0;1009;"N";0;0;0;7031;21;0;0;0;0;0;0;0;0;522;0;281;0;0;"15:16:04";"27/10/2005"
"12/02/2026";"18:27:56";1996;2;"Eleição Ordinária";1;1996001;"Eleições Municipais 1996";"03/10/1996";"M";"SP";"62472";"BORBOREMA";"62472";"BORBOREMA";-3;11;"Prefeito";8864;0;0;0;0;7855;0;1009;"N";0;0;0;7525;0;0;0;0;0;0;0;0;0;112;0;218;0;0;"15:16:04";"27/10/2005"
"12/02/2026";"18:27:56";1996;2;"Eleição Ordinária";1;1996001;"Eleições Municipais 1996";"03/10/1996";"M";"SP";"62499";"BOTUCATU";"62499";"BOTUCATU";-3;13;"Vereador";61753;0;0;0;0;53213;0;8540;"N";0;0;0;40642;1219;0;0;0;0;0;0;0;0;5898;0;5454;0;0;"15:16:04";"27/10/2005"
"12/02/2026";"18:27:56";1996;2;"Eleição Ordinária";1;1996001;"Eleições Municipais 1996";"03/10/1996";"M";"SP";"62499";"BOTUCATU";"62499";"BOTUCATU";-3;11;"Prefeito";61753;0;0;0;0;53213;0;8540;"N";0;0;0;45116;0;0;0;0;0;0;0;0;0;1486;0;6611;0;0;"15:16:04";"27/10/2005"
"12/02/2026";"18:27:56";1996;2;"Eleição Ordinária";1;1996001;"Eleições Municipais 1996";"03/10/1996";"M";"SP";"62510";"BRAGANCA PAULISTA";"62510";"BRAGANCA PAULISTA";-3;11;"Prefeito";69352;0;0;0;0;60380;0;8972;"N";0;0;0;53336;0;0;0;0;0;0;0;0;0;1676;0;5368;0;0;"15:16:04";"27/10/2005"
"12/02/2026";"18:27:56";1996;2;"Eleição Ordinária";1;1996001;"Eleições Municipais 1996";"03/10/1996";"M";"SP";"62510";"BRAGANCA PAULISTA";"62510";"BRAGANCA PAULISTA";-3;13;"Vereador";69352;0;0;0;0;60380;0;8972;"N";0;0;0;43391;837;0;0;0;0;0;0;0;0;7545;0;4426;0;0;"15:16:04";"27/10/2005"
"12/02/2026";"18:27:56";1996;2;"Eleição Ordinária";1;1996001;"Eleições Municipais 1996";"03/10/1996";"M";"SP";"62553";"BRAUNA";"62553";"BRAUNA";-3;13;"Vereador";3681;0;0;0;0;3233;0;448;"N";0;0;0;2837;15;0;0;0;0;0;0;0;0;238;0;143;0;0;"15:16:04";"27/10/2005"
"12/02/2026";"18:27:56";1996;2;"Eleição Ordinária";1;1996001;"Eleições Municipais 1996";"03/10/1996";"M";"SP";"62553";"BRAUNA";"62553";"BRAUNA";-3;11;"Prefeito";3681;0;0;0;0;3233;0;448;"N";0;0;0;3107;0;0;0;0;0;0;0;0;0;26;0;100;0;0;"15:16:04";"27/10/2005"
"12/02/2026";"18:27:56";1996;2;"Eleição Ordinária";1;1996001;"Eleições Municipais 1996";"03/10/1996";"M";"SP";"62570";"BRODOSQUI";"62570";"BRODOSQUI";-3;13;"Vereador";10543;0;0;0;0;9443;0;1100;"N";0;0;0;8302;25;0;0;0;0;0;0;0;0;768;0;348;0;0;"15:16:04";"27/10/2005"
"12/02/2026";"18:27:56";1996;2;"Eleição Ordinária";1;1996001;"Eleições Municipais 1996";"03/10/1996";"M";"SP";"62570";"BRODOSQUI";"62570";"BRODOSQUI";-3;11;"Prefeito";10543;0;0;0;0;9443;0;1100;"N";0;0;0;8958;0;0;0;0;0;0;0;0;0;165;0;320;0;0;"15:16:04";"27/10/2005"
"12/02/2026";"18:27:56";1996;2;"Eleição Ordinária";1;1996001;"Eleições Municipais 1996";"03/10/1996";"M";"SP";"62596";"BROTAS";"62596";"BROTAS";-3;11;"Prefeito";10840;0;0;0;0;9400;0;1440;"N";0;0;0;8465;0;0;0;0;0;0;0;0;0;271;0;664;0;0;"15:16:04";"27/10/2005"
"12/02/2026";"18:27:56";1996;2;"Eleição Ordinária";1;1996001;"Eleições Municipais 1996";"03/10/1996";"M";"SP";"62596";"BROTAS";"62596";"BROTAS";-3;13;"Vereador";10840;0;0;0;0;9400;0;1440;"N";0;0;0;7858;77;0;0;0;0;0;0;0;0;933;0;532;0;0;"15:16:04";"27/10/2005"
"12/02/2026";"18:27:56";1996;2;"Eleição Ordinária";1;1996001;"Eleições Municipais 1996";"03/10/1996";"M";"SP";"62618";"BURI";"62618";"BURI";-3;13;"Vereador";9454;0;0;0;0;8038;0;1416;"N";0;0;0;6954;48;0;0;0;0;0;0;0;0;746;0;290;0;0;"15:16:04";"27/10/2005"
"12/02/2026";"18:27:56";1996;2;"Eleição Ordinária";1;1996001;"Eleições Municipais 1996";"03/10/1996";"M";"SP";"62618";"BURI";"62618";"BURI";-3;11;"Prefeito";9454;0;0;0;0;8038;0;1416;"N";0;0;0;7730;0;0;0;0;0;0;0;0;0;86;0;222;0;0;"15:16:04";"27/10/2005"
"12/02/2026";"18:27:56";1996;2;"Eleição Ordinária";1;1996001;"Eleições Municipais 1996";"03/10/1996";"M";"SP";"62634";"BURITAMA";"62634";"BURITAMA";-3;13;"Vereador";9313;0;0;0;0;8123;0;1190;"N";0;0;0;7223;37;0;0;0;0;0;0;0;0;594;0;269;0;0;"15:16:04";"27/10/2005"
"12/02/2026";"18:27:56";1996;2;"Eleição Ordinária";1;1996001;"Eleições Municipais 1996";"03/10/1996";"M";"SP";"62634";"BURITAMA";"62634";"BURITAMA";-3;11;"Prefeito";9313;0;0;0;0;8123;0;1190;"N";0;0;0;7768;0;0;0;0;0;0;0;0;0;88;0;267;0;0;"15:16:04";"27/10/2005"
"12/02/2026";"18:27:56";1996;2;"Eleição Ordinária";1;1996001;"Eleições Municipais 1996";"03/10/1996";"M";"SP";"62650";"BURITIZAL";"62650";"BURITIZAL";-3;11;"Prefeito";2760;0;0;0;0;2533;0;227;"N";0;0;0;2487;0;0;0;0;0;0;0;0;0;16;0;30;0;0;"15:16:04";"27/10/2005"
"12/02/2026";"18:27:56";1996;2;"Eleição Ordinária";1;1996001;"Eleições Municipais 1996";"03/10/1996";"M";"SP";"62650";"BURITIZAL";"62650";"BURITIZAL";-3;13;"Vereador";2760;0;0;0;0;2533;0;227;"N";0;0;0;2344;4;0;0;0;0;0;0;0;0;109;0;76;0;0;"15:16:04";"27/10/2005"
"12/02/2026";"18:27:56";1996;2;"Eleição Ordinária";1;1996001;"Eleições Municipais 1996";"03/10/1996";"M";"SP";"62677";"CABRALIA PAULISTA";"62677";"CABRALIA PAULISTA";-3;13;"Vereador";3311;0;0;0;0;2800;0;511;"N";0;0;0;2409;5;0;0;0;0;0;0;0;0;263;0;123;0;0;"15:16:04";"27/10/2005"
"12/02/2026";"18:27:56";1996;2;"Eleição Ordinária";1;1996001;"Eleições Municipais 1996";"03/10/1996";"M";"SP";"62677";"CABRALIA PAULISTA";"62677";"CABRALIA PAULISTA";-3;11;"Prefeito";3311;0;0;0;0;2800;0;511;"N";0;0;0;2618;0;0;0;0;0;0;0;0;0;64;0;118;0;0;"15:16:04";"27/10/2005"
"12/02/2026";"18:27:56";1996;2;"Eleição Ordinária";1;1996001;"Eleições Municipais 1996";"03/10/1996";"M";"SP";"62693";"CABREUVA";"62693";"CABREUVA";-3;13;"Vereador";13731;0;0;0;0;11669;0;2062;"N";0;0;0;9767;60;0;0;0;0;0;0;0;0;1211;0;631;0;0;"15:16:04";"27/10/2005"
"12/02/2026";"18:27:56";1996;2;"Eleição Ordinária";1;1996001;"Eleições Municipais 1996";"03/10/1996";"M";"SP";"62693";"CABREUVA";"62693";"CABREUVA";-3;11;"Prefeito";13731;0;0;0;0;11669;0;2062;"N";0;0;0;10475;0;0;0;0;0;0;0;0;0;400;0;794;0;0;"15:16:04";"27/10/2005"
"12/02/2026";"18:27:56";1996;2;"Eleição Ordinária";1;1996001;"Eleições Municipais 1996";"03/10/1996";"M";"SP";"62715";"CACAPAVA";"62715";"CACAPAVA";-3;11;"Prefeito";45325;0;0;0;0;40459;0;4866;"N";0;0;0;35820;0;0;0;0;0;0;0;0;0;1233;0;3406;0;0;"15:16:04";"27/10/2005"
"12/02/2026";"18:27:56";1996;2;"Eleição Ordinária";1;1996001;"Eleições Municipais 1996";"03/10/1996";"M";"SP";"62715";"CACAPAVA";"62715";"CACAPAVA";-3;13;"Vereador";45325;0;0;0;0;40459;0;4866;"N";0;0;0;32611;764;0;0;0;0;0;0;0;0;4299;0;2785;0;0;"15:16:04";"27/10/2005"
"12/02/2026";"18:27:56";1996;2;"Eleição Ordinária";1;1996001;"Eleições Municipais 1996";"03/10/1996";"M";"SP";"62731";"CACHOEIRA PAULISTA";"62731";"CACHOEIRA PAULISTA";-3;13;"Vereador";17207;0;0;0;0;15093;0;2114;"N";0;0;0;13150;177;0;0;0;0;0;0;0;0;1217;0;549;0;0;"15:16:04";"27/10/2005"
"12/02/2026";"18:27:56";1996;2;"Eleição Ordinária";1;1996001;"Eleições Municipais 1996";"03/10/1996";"M";"SP";"62731";"CACHOEIRA PAULISTA";"62731";"CACHOEIRA PAULISTA";-3;11;"Prefeito";17207;0;0;0;0;15093;0;2114;"N";0;0;0;13924;0;0;0;0;0;0;0;0;0;371;0;798;0;0;"15:16:04";"27/10/2005"
"12/02/2026";"18:27:56";1996;2;"Eleição Ordinária";1;1996001;"Eleições Municipais 1996";"03/10/1996";"M";"SP";"62758";"CACONDE";"62758";"CACONDE";-3;13;"Vereador";11140;0;0;0;0;9491;0;1649;"N";0;0;0;7707;63;0;0;0;0;0;0;0;0;1258;0;463;0;0;"15:16:04";"27/10/2005"
"12/02/2026";"18:27:56";1996;2;"Eleição Ordinária";1;1996001;"Eleições Municipais 1996";"03/10/1996";"M";"SP";"62758";"CACONDE";"62758";"CACONDE";-3;11;"Prefeito";11140;0;0;0;0;9491;0;1649;"N";0;0;0;8638;0;0;0;0;0;0;0;0;0;194;0;659;0;0;"15:16:04";"27/10/2005"
"12/02/2026";"18:27:56";1996;2;"Eleição Ordinária";1;1996001;"Eleições Municipais 1996";"03/10/1996";"M";"SP";"62774";"CAFELANDIA";"62774";"CAFELANDIA";-3;11;"Prefeito";10532;0;0;0;0;8813;0;1719;"N";0;0;0;8068;0;0;0;0;0;0;0;0;0;222;0;523;0;0;"15:16:04";"27/10/2005"
"12/02/2026";"18:27:56";1996;2;"Eleição Ordinária";1;1996001;"Eleições Municipais 1996";"03/10/1996";"M";"SP";"62774";"CAFELANDIA";"62774";"CAFELANDIA";-3;13;"Vereador";10532;0;0;0;0;8813;0;1719;"N";0;0;0;7408;66;0;0;0;0;0;0;0;0;916;0;423;0;0;"15:16:04";"27/10/2005"
"12/02/2026";"18:27:56";1996;2;"Eleição Ordinária";1;1996001;"Eleições Municipais 1996";"03/10/1996";"M";"SP";"62790";"CAIABU";"62790";"CAIABU";-3;13;"Vereador";3272;0;0;0;0;2852;0;420;"N";0;0;0;2495;0;0;0;0;0;0;0;0;0;265;0;92;0;0;"15:16:04";"27/10/2005"
"12/02/2026";"18:27:56";1996;2;"Eleição Ordinária";1;1996001;"Eleições Municipais 1996";"03/10/1996";"M";"SP";"62790";"CAIABU";"62790";"CAIABU";-3;11;"Prefeito";3272;0;0;0;0;2852;0;420;"N";0;0;0;2778;0;0;0;0;0;0;0;0;0;18;0;56;0;0;"15:16:04";"27/10/2005"
"12/02/2026";"18:27:56";1996;2;"Eleição Ordinária";1;1996001;"Eleições Municipais 1996";"03/10/1996";"M";"SP";"62812";"CAIEIRAS";"62812";"CAIEIRAS";-3;13;"Vereador";30918;0;0;0;0;27487;0;3431;"N";0;0;0;21502;641;0;0;0;0;0;0;0;0;3279;0;2065;0;0;"15:16:04";"27/10/2005"
"12/02/2026";"18:27:56";1996;2;"Eleição Ordinária";1;1996001;"Eleições Municipais 1996";"03/10/1996";"M";"SP";"62812";"CAIEIRAS";"62812";"CAIEIRAS";-3;11;"Prefeito";30918;0;0;0;0;27487;0;3431;"N";0;0;0;24726;0;0;0;0;0;0;0;0;0;511;0;2250;0;0;"15:16:04";"27/10/2005"
"12/02/2026";"18:27:56";1996;2;"Eleição Ordinária";1;1996001;"Eleições Municipais 1996";"03/10/1996";"M";"SP";"62839";"CAIUA";"62839";"CAIUA";-3;11;"Prefeito";3325;0;0;0;0;2783;0;542;"N";0;0;0;2603;0;0;0;0;0;0;0;0;0;97;0;83;0;0;"15:16:04";"27/10/2005"
"12/02/2026";"18:27:56";1996;2;"Eleição Ordinária";1;1996001;"Eleições Municipais 1996";"03/10/1996";"M";"SP";"62839";"CAIUA";"62839";"CAIUA";-3;13;"Vereador";3325;0;0;0;0;2783;0;542;"N";0;0;0;2348;5;0;0;0;0;0;0;0;0;328;0;102;0;0;"15:16:04";"27/10/2005"
"12/02/2026";"18:27:56";1996;2;"Eleição Ordinária";1;1996001;"Eleições Municipais 1996";"03/10/1996";"M";"SP";"62855";"CAJAMAR";"62855";"CAJAMAR";-3;13;"Vereador";34288;0;0;0;0;28797;0;5491;"N";0;0;0;24006;283;0;0;0;0;0;0;0;0;2849;0;1659;0;0;"15:16:04";"27/10/2005"
"12/02/2026";"18:27:56";1996;2;"Eleição Ordinária";1;1996001;"Eleições Municipais 1996";"03/10/1996";"M";"SP";"62855";"CAJAMAR";"62855";"CAJAMAR";-3;11;"Prefeito";34288;0;0;0;0;28797;0;5491;"N";0;0;0;25972;0;0;0;0;0;0;0;0;0;955;0;1870;0;0;"15:16:04";"27/10/2005"
"12/02/2026";"18:27:56";1996;2;"Eleição Ordinária";1;1996001;"Eleições Municipais 1996";"03/10/1996";"M";"SP";"62871";"CAJOBI";"62871";"CAJOBI";-3;13;"Vereador";6641;0;0;0;0;6044;0;597;"N";0;0;0;5468;30;0;0;0;0;0;0;0;0;370;0;176;0;0;"15:16:04";"27/10/2005"
"12/02/2026";"18:27:56";1996;2;"Eleição Ordinária";1;1996001;"Eleições Municipais 1996";"03/10/1996";"M";"SP";"62871";"CAJOBI";"62871";"CAJOBI";-3;11;"Prefeito";6641;0;0;0;0;6044;0;597;"N";0;0;0;5840;0;0;0;0;0;0;0;0;0;101;0;103;0;0;"15:16:04";"27/10/2005"
"12/02/2026";"18:27:56";1996;2;"Eleição Ordinária";1;1996001;"Eleições Municipais 1996";"03/10/1996";"M";"SP";"62898";"CAJURU";"62898";"CAJURU";-3;11;"Prefeito";13207;0;0;0;0;11540;0;1667;"N";0;0;0;11042;0;0;0;0;0;0;0;0;0;189;0;309;0;0;"15:16:04";"27/10/2005"
"12/02/2026";"18:27:56";1996;2;"Eleição Ordinária";1;1996001;"Eleições Municipais 1996";"03/10/1996";"M";"SP";"62898";"CAJURU";"62898";"CAJURU";-3;13;"Vereador";13207;0;0;0;0;11540;0;1667;"N";0;0;0;10433;6;0;0;0;0;0;0;0;0;703;0;398;0;0;"15:16:04";"27/10/2005"
"12/02/2026";"18:27:56";1996;2;"Eleição Ordinária";1;1996001;"Eleições Municipais 1996";"03/10/1996";"M";"SP";"62910";"CAMPINAS";"62910";"CAMPINAS";-3;13;"Vereador";562283;0;0;0;0;485554;0;76729;"N";0;0;0;346672;63337;0;0;0;0;0;0;0;0;26177;0;46995;0;0;"15:16:04";"27/10/2005"
"12/02/2026";"18:27:56";1996;2;"Eleição Ordinária";1;1996001;"Eleições Municipais 1996";"03/10/1996";"M";"SP";"62910";"CAMPINAS";"62910";"CAMPINAS";-3;11;"Prefeito";562283;0;0;0;0;485554;0;76729;"N";0;0;0;429873;0;0;0;0;0;0;0;0;0;12391;0;43290;0;0;"15:16:04";"27/10/2005"
"12/02/2026";"18:27:56";1996;2;"Eleição Ordinária";1;1996001;"Eleições Municipais 1996";"03/10/1996";"M";"SP";"62936";"CAMPO LIMPO PAULISTA";"62936";"CAMPO LIMPO PAULISTA";-3;13;"Vereador";35105;0;0;0;0;30720;0;4385;"N";0;0;0;24658;631;0;0;0;0;0;0;0;0;2672;0;2074;0;0;"15:16:04";"27/10/2005"
"12/02/2026";"18:27:56";1996;2;"Eleição Ordinária";1;1996001;"Eleições Municipais 1996";"03/10/1996";"M";"SP";"62936";"CAMPO LIMPO PAULISTA";"62936";"CAMPO LIMPO PAULISTA";-3;11;"Prefeito";35105;0;0;0;0;30720;0;4385;"N";0;0;0;27316;0;0;0;0;0;0;0;0;0;845;0;2559;0;0;"15:16:04";"27/10/2005"
"12/02/2026";"18:27:56";1996;2;"Eleição Ordinária";1;1996001;"Eleições Municipais 1996";"03/10/1996";"M";"SP";"62952";"CAMPOS DO JORDAO";"62952";"CAMPOS DO JORDAO";-3;11;"Prefeito";26390;0;0;0;0;22771;0;3619;"N";0;0;0;20712;0;0;0;0;0;0;0;0;0;446;0;1613;0;0;"15:16:04";"27/10/2005"
"12/02/2026";"18:27:56";1996;2;"Eleição Ordinária";1;1996001;"Eleições Municipais 1996";"03/10/1996";"M";"SP";"62952";"CAMPOS DO JORDAO";"62952";"CAMPOS DO JORDAO";-3;13;"Vereador";26390;0;0;0;0;22771;0;3619;"N";0;0;0;18441;173;0;0;0;0;0;0;0;0;2940;0;1217;0;0;"15:16:04";"27/10/2005"
"12/02/2026";"18:27:56";1996;2;"Eleição Ordinária";1;1996001;"Eleições Municipais 1996";"03/10/1996";"M";"SP";"62979";"CAMPOS NOVOS PAULISTA";"62979";"CAMPOS NOVOS PAULISTA";-3;13;"Vereador";3309;0;0;0;0;2873;0;436;"N";0;0;0;2521;2;0;0;0;0;0;0;0;0;210;0;140;0;0;"15:16:04";"27/10/2005"
"12/02/2026";"18:27:56";1996;2;"Eleição Ordinária";1;1996001;"Eleições Municipais 1996";"03/10/1996";"M";"SP";"62979";"CAMPOS NOVOS PAULISTA";"62979";"CAMPOS NOVOS PAULISTA";-3;11;"Prefeito";3309;0;0;0;0;2873;0;436;"N";0;0;0;2782;0;0;0;0;0;0;0;0;0;36;0;55;0;0;"15:16:04";"27/10/2005"
"12/02/2026";"18:27:56";1996;2;"Eleição Ordinária";1;1996001;"Eleições Municipais 1996";"03/10/1996";"M";"SP";"62995";"CANANEIA";"62995";"CANANEIA";-3;13;"Vereador";6933;0;0;0;0;5567;0;1366;"N";0;0;0;4904;55;0;0;0;0;0;0;0;0;480;0;128;0;0;"15:16:04";"27/10/2005"
"12/02/2026";"18:27:56";1996;2;"Eleição Ordinária";1;1996001;"Eleições Municipais 1996";"03/10/1996";"M";"SP";"62995";"CANANEIA";"62995";"CANANEIA";-3;11;"Prefeito";6933;0;0;0;0;5567;0;1366;"N";0;0;0;5240;0;0;0;0;0;0;0;0;0;117;0;210;0;0;"15:16:04";"27/10/2005"
"12/02/2026";"18:27:56";1996;2;"Eleição Ordinária";1;1996001;"Eleições Municipais 1996";"03/10/1996";"M";"SP";"63010";"CANDIDO MOTA";"63010";"CANDIDO MOTA";-3;11;"Prefeito";19331;0;0;0;0;16677;0;2654;"N";0;0;0;15722;0;0;0;0;0;0;0;0;0;296;0;659;0;0;"15:16:04";"27/10/2005"
"12/02/2026";"18:27:56";1996;2;"Eleição Ordinária";1;1996001;"Eleições Municipais 1996";"03/10/1996";"M";"SP";"63010";"CANDIDO MOTA";"63010";"CANDIDO MOTA";-3;13;"Vereador";19331;0;0;0;0;16677;0;2654;"N";0;0;0;14471;163;0;0;0;0;0;0;0;0;1385;0;658;0;0;"15:16:04";"27/10/2005"
"12/02/2026";"18:27:56";1996;2;"Eleição Ordinária";1;1996001;"Eleições Municipais 1996";"03/10/1996";"M";"SP";"63037";"CANDIDO RODRIGUES";"63037";"CANDIDO RODRIGUES";-3;13;"Vereador";2414;0;0;0;0;2271;0;143;"N";0;0;0;2167;2;0;0;0;0;0;0;0;0;67;0;35;0;0;"15:16:04";"27/10/2005"
"12/02/2026";"18:27:56";1996;2;"Eleição Ordinária";1;1996001;"Eleições Municipais 1996";"03/10/1996";"M";"SP";"63037";"CANDIDO RODRIGUES";"63037";"CANDIDO RODRIGUES";-3;11;"Prefeito";2414;0;0;0;0;2271;0;143;"N";0;0;0;2233;0;0;0;0;0;0;0;0;0;16;0;22;0;0;"15:16:04";"27/10/2005"
"12/02/2026";"18:27:56";1996;2;"Eleição Ordinária";1;1996001;"Eleições Municipais 1996";"03/10/1996";"M";"SP";"63053";"CAPAO BONITO";"63053";"CAPAO BONITO";-3;13;"Vereador";30139;0;0;0;0;24534;0;5605;"N";0;0;0;19656;111;0;0;0;0;0;0;0;0;3386;0;1381;0;0;"15:16:04";"27/10/2005"
"12/02/2026";"18:27:56";1996;2;"Eleição Ordinária";1;1996001;"Eleições Municipais 1996";"03/10/1996";"M";"SP";"63053";"CAPAO BONITO";"63053";"CAPAO BONITO";-3;11;"Prefeito";30139;0;0;0;0;24534;0;5605;"N";0;0;0;22111;0;0;0;0;0;0;0;0;0;770;0;1653;0;0;"15:16:04";"27/10/2005"
"12/02/2026";"18:27:56";1996;2;"Eleição Ordinária";1;1996001;"Eleições Municipais 1996";"03/10/1996";"M";"SP";"63070";"CAPELA DO ALTO";"63070";"CAPELA DO ALTO";-3;11;"Prefeito";7277;0;0;0;0;6410;0;867;"N";0;0;0;5860;0;0;0;0;0;0;0;0;0;107;0;443;0;0;"15:16:04";"27/10/2005"
"12/02/2026";"18:27:56";1996;2;"Eleição Ordinária";1;1996001;"Eleições Municipais 1996";"03/10/1996";"M";"SP";"63070";"CAPELA DO ALTO";"63070";"CAPELA DO ALTO";-3;13;"Vereador";7277;0;0;0;0;6410;0;867;"N";0;0;0;4925;37;0;0;0;0;0;0;0;0;993;0;455;0;0;"15:16:04";"27/10/2005"
"12/02/2026";"18:27:56";1996;2;"Eleição Ordinária";1;1996001;"Eleições Municipais 1996";"03/10/1996";"M";"SP";"63096";"CAPIVARI";"63096";"CAPIVARI";-3;13;"Vereador";21863;0;0;0;0;19284;0;2579;"N";0;0;0;15267;210;0;0;0;0;0;0;0;0;2481;0;1326;0;0;"15:16:04";"27/10/2005"
"12/02/2026";"18:27:56";1996;2;"Eleição Ordinária";1;1996001;"Eleições Municipais 1996";"03/10/1996";"M";"SP";"63096";"CAPIVARI";"63096";"CAPIVARI";-3;11;"Prefeito";21863;0;0;0;0;19284;0;2579;"N";0;0;0;17571;0;0;0;0;0;0;0;0;0;449;0;1264;0;0;"15:16:04";"27/10/2005"
"12/02/2026";"18:27:56";1996;2;"Eleição Ordinária";1;1996001;"Eleições Municipais 1996";"03/10/1996";"M";"SP";"63118";"CARAGUATATUBA";"63118";"CARAGUATATUBA";-3;13;"Vereador";39724;0;0;0;0;32842;0;6882;"N";0;0;0;27407;326;0;0;0;0;0;0;0;0;2902;0;1792;0;0;"15:16:04";"27/10/2005"
"12/02/2026";"18:27:56";1996;2;"Eleição Ordinária";1;1996001;"Eleições Municipais 1996";"03/10/1996";"M";"SP";"63118";"CARAGUATATUBA";"63118";"CARAGUATATUBA";-3;11;"Prefeito";39724;0;0;0;0;32842;0;6882;"N";0;0;0;28665;0;0;0;0;0;0;0;0;0;1070;0;2279;0;0;"15:16:04";"27/10/2005"
"12/02/2026";"18:27:56";1996;2;"Eleição Ordinária";1;1996001;"Eleições Municipais 1996";"03/10/1996";"M";"SP";"63134";"CARAPICUIBA";"63134";"CARAPICUIBA";-3;11;"Prefeito";178433;0;0;0;0;152219;0;26214;"N";0;0;0;128623;0;0;0;0;0;0;0;0;0;5569;0;17518;0;0;"15:16:04";"27/10/2005"
"12/02/2026";"18:27:56";1996;2;"Eleição Ordinária";1;1996001;"Eleições Municipais 1996";"03/10/1996";"M";"SP";"63134";"CARAPICUIBA";"63134";"CARAPICUIBA";-3;13;"Vereador";178433;0;0;0;0;152219;0;26214;"N";0;0;0;103128;8120;0;0;0;0;0;0;0;0;23672;0;15129;0;0;"15:16:04";"27/10/2005"
"12/02/2026";"18:27:56";1996;2;"Eleição Ordinária";1;1996001;"Eleições Municipais 1996";"03/10/1996";"M";"SP";"63150";"CARDOSO";"63150";"CARDOSO";-3;13;"Vereador";9226;0;0;0;0;7526;0;1700;"N";0;0;0;6642;25;0;0;0;0;0;0;0;0;609;0;250;0;0;"15:16:04";"27/10/2005"
"12/02/2026";"18:27:56";1996;2;"Eleição Ordinária";1;1996001;"Eleições Municipais 1996";"03/10/1996";"M";"SP";"63150";"CARDOSO";"63150";"CARDOSO";-3;11;"Prefeito";9226;0;0;0;0;7526;0;1700;"N";0;0;0;7247;0;0;0;0;0;0;0;0;0;131;0;148;0;0;"15:16:04";"27/10/2005"
"12/02/2026";"18:27:56";1996;2;"Eleição Ordinária";1;1996001;"Eleições Municipais 1996";"03/10/1996";"M";"SP";"63177";"CASA BRANCA";"63177";"CASA BRANCA";-3;13;"Vereador";16140;0;0;0;0;13647;0;2493;"N";0;0;0;11449;134;0;0;0;0;0;0;0;0;1308;0;756;0;0;"15:16:04";"27/10/2005"
"12/02/2026";"18:27:56";1996;2;"Eleição Ordinária";1;1996001;"Eleições Municipais 1996";"03/10/1996";"M";"SP";"63177";"CASA BRANCA";"63177";"CASA BRANCA";-3;11;"Prefeito";16140;0;0;0;0;13647;0;2493;"N";0;0;0;12488;0;0;0;0;0;0;0;0;0;302;0;857;0;0;"15:16:04";"27/10/2005"
"12/02/2026";"18:27:56";1996;2;"Eleição Ordinária";1;1996001;"Eleições Municipais 1996";"03/10/1996";"M";"SP";"63193";"CASSIA DOS COQUEIROS";"63193";"CASSIA DOS COQUEIROS";-3;11;"Prefeito";2718;0;0;0;0;2315;0;403;"N";0;0;0;2182;0;0;0;0;0;0;0;0;0;44;0;89;0;0;"15:16:04";"27/10/2005"
"12/02/2026";"18:27:56";1996;2;"Eleição Ordinária";1;1996001;"Eleições Municipais 1996";"03/10/1996";"M";"SP";"63193";"CASSIA DOS COQUEIROS";"63193";"CASSIA DOS COQUEIROS";-3;13;"Vereador";2718;0;0;0;0;2315;0;403;"N";0;0;0;1986;4;0;0;0;0;0;0;0;0;224;0;101;0;0;"15:16:04";"27/10/2005"
"12/02/2026";"18:27:56";1996;2;"Eleição Ordinária";1;1996001;"Eleições Municipais 1996";"03/10/1996";"M";"SP";"63215";"CASTILHO";"63215";"CASTILHO";-3;13;"Vereador";11019;0;0;0;0;9344;0;1675;"N";0;0;0;8217;32;0;0;0;0;0;0;0;0;813;0;282;0;0;"15:16:04";"27/10/2005"
"12/02/2026";"18:27:56";1996;2;"Eleição Ordinária";1;1996001;"Eleições Municipais 1996";"03/10/1996";"M";"SP";"63215";"CASTILHO";"63215";"CASTILHO";-3;11;"Prefeito";11019;0;0;0;0;9344;0;1675;"N";0;0;0;9031;0;0;0;0;0;0;0;0;0;168;0;145;0;0;"15:16:04";"27/10/2005"
"12/02/2026";"18:27:56";1996;2;"Eleição Ordinária";1;1996001;"Eleições Municipais 1996";"03/10/1996";"M";"SP";"63231";"CATANDUVA";"63231";"CATANDUVA";-3;13;"Vereador";57686;0;0;0;0;51528;0;6158;"N";0;0;0;42613;512;0;0;0;0;0;0;0;0;4406;0;3997;0;0;"15:16:04";"27/10/2005"
"12/02/2026";"18:27:56";1996;2;"Eleição Ordinária";1;1996001;"Eleições Municipais 1996";"03/10/1996";"M";"SP";"63231";"CATANDUVA";"63231";"CATANDUVA";-3;11;"Prefeito";57686;0;0;0;0;51528;0;6158;"N";0;0;0;47611;0;0;0;0;0;0;0;0;0;949;0;2968;0;0;"15:16:04";"27/10/2005"
"12/02/2026";"18:27:56";1996;2;"Eleição Ordinária";1;1996001;"Eleições Municipais 1996";"03/10/1996";"M";"SP";"63258";"CATIGUA";"63258";"CATIGUA";-3;11;"Prefeito";5050;0;0;0;0;4606;0;444;"N";0;0;0;4162;0;0;0;0;0;0;0;0;0;147;0;297;0;0;"15:16:04";"27/10/2005"
"12/02/2026";"18:27:56";1996;2;"Eleição Ordinária";1;1996001;"Eleições Municipais 1996";"03/10/1996";"M";"SP";"63258";"CATIGUA";"63258";"CATIGUA";-3;13;"Vereador";5050;0;0;0;0;4606;0;444;"N";0;0;0;4006;1;0;0;0;0;0;0;0;0;374;0;225;0;0;"15:16:04";"27/10/2005"
"12/02/2026";"18:27:56";1996;2;"Eleição Ordinária";1;1996001;"Eleições Municipais 1996";"03/10/1996";"M";"SP";"63274";"CEDRAL";"63274";"CEDRAL";-3;13;"Vereador";4309;0;0;0;0;3822;0;487;"N";0;0;0;3353;12;0;0;0;0;0;0;0;0;277;0;180;0;0;"15:16:04";"27/10/2005"
"12/02/2026";"18:27:56";1996;2;"Eleição Ordinária";1;1996001;"Eleições Municipais 1996";"03/10/1996";"M";"SP";"63274";"CEDRAL";"63274";"CEDRAL";-3;11;"Prefeito";4309;0;0;0;0;3822;0;487;"N";0;0;0;3641;0;0;0;0;0;0;0;0;0;64;0;117;0;0;"15:16:04";"27/10/2005"
"12/02/2026";"18:27:56";1996;2;"Eleição Ordinária";1;1996001;"Eleições Municipais 1996";"03/10/1996";"M";"SP";"63290";"CERQUEIRA CESAR";"63290";"CERQUEIRA CESAR";-3;13;"Vereador";9511;0;0;0;0;8093;0;1418;"N";0;0;0;6986;36;0;0;0;0;0;0;0;0;790;0;281;0;0;"15:16:04";"27/10/2005"
"12/02/2026";"18:27:56";1996;2;"Eleição Ordinária";1;1996001;"Eleições Municipais 1996";"03/10/1996";"M";"SP";"63290";"CERQUEIRA CESAR";"63290";"CERQUEIRA CESAR";-3;11;"Prefeito";9511;0;0;0;0;8093;0;1418;"N";0;0;0;7691;0;0;0;0;0;0;0;0;0;100;0;302;0;0;"15:16:04";"27/10/2005"
"12/02/2026";"18:27:56";1996;2;"Eleição Ordinária";1;1996001;"Eleições Municipais 1996";"03/10/1996";"M";"SP";"63312";"CERQUILHO";"63312";"CERQUILHO";-3;11;"Prefeito";15477;0;0;0;0;14071;0;1406;"N";0;0;0;13168;0;0;0;0;0;0;0;0;0;300;0;603;0;0;"15:16:04";"27/10/2005"
"12/02/2026";"18:27:56";1996;2;"Eleição Ordinária";1;1996001;"Eleições Municipais 1996";"03/10/1996";"M";"SP";"63312";"CERQUILHO";"63312";"CERQUILHO";-3;13;"Vereador";15477;0;0;0;0;14071;0;1406;"N";0;0;0;12197;207;0;0;0;0;0;0;0;0;1016;0;651;0;0;"15:16:04";"27/10/2005"
"12/02/2026";"18:27:56";1996;2;"Eleição Ordinária";1;1996001;"Eleições Municipais 1996";"03/10/1996";"M";"SP";"63339";"CESARIO LANGE";"63339";"CESARIO LANGE";-3;13;"Vereador";7889;0;0;0;0;6798;0;1091;"N";0;0;0;5670;13;0;0;0;0;0;0;0;0;712;0;403;0;0;"15:16:04";"27/10/2005"
"12/02/2026";"18:27:56";1996;2;"Eleição Ordinária";1;1996001;"Eleições Municipais 1996";"03/10/1996";"M";"SP";"63339";"CESARIO LANGE";"63339";"CESARIO LANGE";-3;11;"Prefeito";7889;0;0;0;0;6798;0;1091;"N";0;0;0;6213;0;0;0;0;0;0;0;0;0;155;0;430;0;0;"15:16:04";"27/10/2005"
"12/02/2026";"18:27:56";1996;2;"Eleição Ordinária";1;1996001;"Eleições Municipais 1996";"03/10/1996";"M";"SP";"63355";"CHARQUEADA";"63355";"CHARQUEADA";-3;13;"Vereador";9382;0;0;0;0;8132;0;1250;"N";0;0;0;7071;25;0;0;0;0;0;0;0;0;663;0;373;0;0;"15:16:04";"27/10/2005"
"12/02/2026";"18:27:56";1996;2;"Eleição Ordinária";1;1996001;"Eleições Municipais 1996";"03/10/1996";"M";"SP";"63355";"CHARQUEADA";"63355";"CHARQUEADA";-3;11;"Prefeito";9382;0;0;0;0;8132;0;1250;"N";0;0;0;7527;0;0;0;0;0;0;0;0;0;221;0;384;0;0;"15:16:04";"27/10/2005"
"12/02/2026";"18:27:56";1996;2;"Eleição Ordinária";1;1996001;"Eleições Municipais 1996";"03/10/1996";"M";"SP";"63371";"CHAVANTES";"63371";"CHAVANTES";-3;11;"Prefeito";8130;0;0;0;0;6821;0;1309;"N";0;0;0;6184;0;0;0;0;0;0;0;0;0;219;0;418;0;0;"15:16:04";"27/10/2005"
"12/02/2026";"18:27:56";1996;2;"Eleição Ordinária";1;1996001;"Eleições Municipais 1996";"03/10/1996";"M";"SP";"63371";"CHAVANTES";"63371";"CHAVANTES";-3;13;"Vereador";8130;0;0;0;0;6821;0;1309;"N";0;0;0;5872;17;0;0;0;0;0;0;0;0;625;0;307;0;0;"15:16:04";"27/10/2005"
"12/02/2026";"18:27:56";1996;2;"Eleição Ordinária";1;1996001;"Eleições Municipais 1996";"03/10/1996";"M";"SP";"63398";"CLEMENTINA";"63398";"CLEMENTINA";-3;13;"Vereador";3787;0;0;0;0;3323;0;464;"N";0;0;0;2988;10;0;0;0;0;0;0;0;0;225;0;100;0;0;"15:16:04";"27/10/2005"
"12/02/2026";"18:27:56";1996;2;"Eleição Ordinária";1;1996001;"Eleições Municipais 1996";"03/10/1996";"M";"SP";"63398";"CLEMENTINA";"63398";"CLEMENTINA";-3;11;"Prefeito";3787;0;0;0;0;3323;0;464;"N";0;0;0;3207;0;0;0;0;0;0;0;0;0;43;0;73;0;0;"15:16:04";"27/10/2005"
"12/02/2026";"18:27:56";1996;2;"Eleição Ordinária";1;1996001;"Eleições Municipais 1996";"03/10/1996";"M";"SP";"63410";"COLINA";"63410";"COLINA";-3;13;"Vereador";11321;0;0;0;0;9862;0;1459;"N";0;0;0;8683;35;0;0;0;0;0;0;0;0;793;0;351;0;0;"15:16:04";"27/10/2005"
"12/02/2026";"18:27:56";1996;2;"Eleição Ordinária";1;1996001;"Eleições Municipais 1996";"03/10/1996";"M";"SP";"63410";"COLINA";"63410";"COLINA";-3;11;"Prefeito";11321;0;0;0;0;9862;0;1459;"N";0;0;0;9469;0;0;0;0;0;0;0;0;0;104;0;289;0;0;"15:16:04";"27/10/2005"
"12/02/2026";"18:27:56";1996;2;"Eleição Ordinária";1;1996001;"Eleições Municipais 1996";"03/10/1996";"M";"SP";"63436";"COLOMBIA";"63436";"COLOMBIA";-3;11;"Prefeito";4855;0;0;0;0;4050;0;805;"N";0;0;0;3880;0;0;0;0;0;0;0;0;0;34;0;136;0;0;"15:16:04";"27/10/2005"
"12/02/2026";"18:27:56";1996;2;"Eleição Ordinária";1;1996001;"Eleições Municipais 1996";"03/10/1996";"M";"SP";"63436";"COLOMBIA";"63436";"COLOMBIA";-3;13;"Vereador";4855;0;0;0;0;4050;0;805;"N";0;0;0;3645;25;0;0;0;0;0;0;0;0;246;0;134;0;0;"15:16:04";"27/10/2005"
"12/02/2026";"18:27:56";1996;2;"Eleição Ordinária";1;1996001;"Eleições Municipais 1996";"03/10/1996";"M";"SP";"63452";"CONCHAL";"63452";"CONCHAL";-3;13;"Vereador";14564;0;0;0;0;12695;0;1869;"N";0;0;0;9516;155;0;0;0;0;0;0;0;0;1483;0;566;0;0;"15:16:04";"27/10/2005"
"12/02/2026";"18:27:56";1996;2;"Eleição Ordinária";1;1996001;"Eleições Municipais 1996";"03/10/1996";"M";"SP";"63452";"CONCHAL";"63452";"CONCHAL";-3;11;"Prefeito";14564;0;0;0;0;12695;0;1869;"N";0;0;0;11976;0;0;0;0;0;0;0;0;0;320;0;399;0;0;"15:16:04";"27/10/2005"
"12/02/2026";"18:27:56";1996;2;"Eleição Ordinária";1;1996001;"Eleições Municipais 1996";"03/10/1996";"M";"SP";"63479";"CONCHAS";"63479";"CONCHAS";-3;13;"Vereador";9027;0;0;0;0;7815;0;1212;"N";0;0;0;6857;81;0;0;0;0;0;0;0;0;577;0;300;0;0;"15:16:04";"27/10/2005"
"12/02/2026";"18:27:56";1996;2;"Eleição Ordinária";1;1996001;"Eleições Municipais 1996";"03/10/1996";"M";"SP";"63479";"CONCHAS";"63479";"CONCHAS";-3;11;"Prefeito";9027;0;0;0;0;7815;0;1212;"N";0;0;0;7341;0;0;0;0;0;0;0;0;0;119;0;355;0;0;"15:16:04";"27/10/2005"
"12/02/2026";"18:27:56";1996;2;"Eleição Ordinária";1;1996001;"Eleições Municipais 1996";"03/10/1996";"M";"SP";"63495";"CORDEIROPOLIS";"63495";"CORDEIROPOLIS";-3;11;"Prefeito";9659;0;0;0;0;8905;0;754;"N";0;0;0;8337;0;0;0;0;0;0;0;0;0;167;0;401;0;0;"15:16:04";"27/10/2005"
"12/02/2026";"18:27:56";1996;2;"Eleição Ordinária";1;1996001;"Eleições Municipais 1996";"03/10/1996";"M";"SP";"63495";"CORDEIROPOLIS";"63495";"CORDEIROPOLIS";-3;13;"Vereador";9659;0;0;0;0;8905;0;754;"N";0;0;0;7834;56;0;0;0;0;0;0;0;0;611;0;404;0;0;"15:16:04";"27/10/2005"
"12/02/2026";"18:27:56";1996;2;"Eleição Ordinária";1;1996001;"Eleições Municipais 1996";"03/10/1996";"M";"SP";"63517";"COROADOS";"63517";"COROADOS";-3;13;"Vereador";2579;0;0;0;0;2364;0;215;"N";0;0;0;2116;20;0;0;0;0;0;0;0;0;158;0;70;0;0;"15:16:04";"27/10/2005"
"12/02/2026";"18:27:56";1996;2;"Eleição Ordinária";1;1996001;"Eleições Municipais 1996";"03/10/1996";"M";"SP";"63517";"COROADOS";"63517";"COROADOS";-3;11;"Prefeito";2579;0;0;0;0;2364;0;215;"N";0;0;0;2257;0;0;0;0;0;0;0;0;0;37;0;70;0;0;"15:16:04";"27/10/2005"
"12/02/2026";"18:27:56";1996;2;"Eleição Ordinária";1;1996001;"Eleições Municipais 1996";"03/10/1996";"M";"SP";"63533";"CORONEL MACEDO";"63533";"CORONEL MACEDO";-3;13;"Vereador";5116;0;0;0;0;4219;0;897;"N";0;0;0;3570;38;0;0;0;0;0;0;0;0;484;0;127;0;0;"15:16:04";"27/10/2005"
"12/02/2026";"18:27:56";1996;2;"Eleição Ordinária";1;1996001;"Eleições Municipais 1996";"03/10/1996";"M";"SP";"63533";"CORONEL MACEDO";"63533";"CORONEL MACEDO";-3;11;"Prefeito";5116;0;0;0;0;4219;0;897;"N";0;0;0;4139;0;0;0;0;0;0;0;0;0;34;0;46;0;0;"15:16:04";"27/10/2005"
"12/02/2026";"18:27:56";1996;2;"Eleição Ordinária";1;1996001;"Eleições Municipais 1996";"03/10/1996";"M";"SP";"63550";"CORUMBATAI";"63550";"CORUMBATAI";-3;11;"Prefeito";2800;0;0;0;0;2477;0;323;"N";0;0;0;2346;0;0;0;0;0;0;0;0;0;69;0;62;0;0;"15:16:04";"27/10/2005"
"12/02/2026";"18:27:56";1996;2;"Eleição Ordinária";1;1996001;"Eleições Municipais 1996";"03/10/1996";"M";"SP";"63550";"CORUMBATAI";"63550";"CORUMBATAI";-3;13;"Vereador";2800;0;0;0;0;2477;0;323;"N";0;0;0;2247;12;0;0;0;0;0;0;0;0;143;0;75;0;0;"15:16:04";"27/10/2005"
"12/02/2026";"18:27:56";1996;2;"Eleição Ordinária";1;1996001;"Eleições Municipais 1996";"03/10/1996";"M";"SP";"63576";"COSMOPOLIS";"63576";"COSMOPOLIS";-3;13;"Vereador";24986;0;0;0;0;22163;0;2823;"N";0;0;0;18445;496;0;0;0;0;0;0;0;0;2224;0;998;0;0;"15:16:04";"27/10/2005"
"12/02/2026";"18:27:56";1996;2;"Eleição Ordinária";1;1996001;"Eleições Municipais 1996";"03/10/1996";"M";"SP";"63576";"COSMOPOLIS";"63576";"COSMOPOLIS";-3;11;"Prefeito";24986;0;0;0;0;22163;0;2823;"N";0;0;0;20252;0;0;0;0;0;0;0;0;0;379;0;1532;0;0;"15:16:04";"27/10/2005"
"12/02/2026";"18:27:56";1996;2;"Eleição Ordinária";1;1996001;"Eleições Municipais 1996";"03/10/1996";"M";"SP";"63592";"COSMORAMA";"63592";"COSMORAMA";-3;13;"Vereador";5635;0;0;0;0;4933;0;702;"N";0;0;0;4395;11;0;0;0;0;0;0;0;0;308;0;219;0;0;"15:16:04";"27/10/2005"
"12/02/2026";"18:27:56";1996;2;"Eleição Ordinária";1;1996001;"Eleições Municipais 1996";"03/10/1996";"M";"SP";"63614";"COTIA";"63614";"COTIA";-3;11;"Prefeito";71220;0;0;0;0;61489;0;9731;"N";0;0;0;52857;0;0;0;0;0;0;0;0;0;2386;0;6246;0;0;"15:16:04";"27/10/2005"
"12/02/2026";"18:27:56";1996;2;"Eleição Ordinária";1;1996001;"Eleições Municipais 1996";"03/10/1996";"M";"SP";"63592";"COSMORAMA";"63592";"COSMORAMA";-3;11;"Prefeito";5635;0;0;0;0;4933;0;702;"N";0;0;0;2530;0;0;0;0;0;0;0;0;0;1939;0;464;0;0;"15:16:04";"27/10/2005"
"12/02/2026";"18:27:56";1996;2;"Eleição Ordinária";1;1996001;"Eleições Municipais 1996";"03/10/1996";"M";"SP";"63614";"COTIA";"63614";"COTIA";-3;13;"Vereador";71220;0;0;0;0;61489;0;9731;"N";0;0;0;46435;1824;0;0;0;0;0;0;0;0;7989;0;5241;0;0;"15:16:04";"27/10/2005"
"12/02/2026";"18:27:56";1996;2;"Eleição Ordinária";1;1996001;"Eleições Municipais 1996";"03/10/1996";"M";"SP";"63630";"CRAVINHOS";"63630";"CRAVINHOS";-3;13;"Vereador";15756;0;0;0;0;14318;0;1438;"N";0;0;0;12539;63;0;0;0;0;0;0;0;0;1098;0;618;0;0;"15:16:04";"27/10/2005"
"12/02/2026";"18:27:56";1996;2;"Eleição Ordinária";1;1996001;"Eleições Municipais 1996";"03/10/1996";"M";"SP";"63630";"CRAVINHOS";"63630";"CRAVINHOS";-3;11;"Prefeito";15756;0;0;0;0;14318;0;1438;"N";0;0;0;13562;0;0;0;0;0;0;0;0;0;205;0;551;0;0;"15:16:04";"27/10/2005"
"12/02/2026";"18:27:56";1996;2;"Eleição Ordinária";1;1996001;"Eleições Municipais 1996";"03/10/1996";"M";"SP";"63657";"CRISTAIS PAULISTA";"63657";"CRISTAIS PAULISTA";-3;13;"Vereador";4204;0;0;0;0;3677;0;527;"N";0;0;0;3180;10;0;0;0;0;0;0;0;0;315;0;172;0;0;"15:16:04";"27/10/2005"
"12/02/2026";"18:27:56";1996;2;"Eleição Ordinária";1;1996001;"Eleições Municipais 1996";"03/10/1996";"M";"SP";"63657";"CRISTAIS PAULISTA";"63657";"CRISTAIS PAULISTA";-3;11;"Prefeito";4204;0;0;0;0;3677;0;527;"N";0;0;0;3437;0;0;0;0;0;0;0;0;0;86;0;154;0;0;"15:16:04";"27/10/2005"
"12/02/2026";"18:27:56";1996;2;"Eleição Ordinária";1;1996001;"Eleições Municipais 1996";"03/10/1996";"M";"SP";"63673";"CRUZALIA";"63673";"CRUZALIA";-3;11;"Prefeito";2135;0;0;0;0;2035;0;100;"N";0;0;0;1967;0;0;0;0;0;0;0;0;0;44;0;24;0;0;"15:16:04";"27/10/2005"
"12/02/2026";"18:27:56";1996;2;"Eleição Ordinária";1;1996001;"Eleições Municipais 1996";"03/10/1996";"M";"SP";"63673";"CRUZALIA";"63673";"CRUZALIA";-3;13;"Vereador";2135;0;0;0;0;2035;0;100;"N";0;0;0;1821;9;0;0;0;0;0;0;0;0;104;0;24;0;0;"15:16:04";"27/10/2005"
"12/02/2026";"18:27:56";1996;2;"Eleição Ordinária";1;1996001;"Eleições Municipais 1996";"03/10/1996";"M";"SP";"63690";"CRUZEIRO";"63690";"CRUZEIRO";-3;13;"Vereador";47271;0;0;0;0;41547;0;5724;"N";0;0;0;35522;321;0;0;0;0;0;0;0;0;3285;0;2419;0;0;"15:16:04";"27/10/2005"
"12/02/2026";"18:27:56";1996;2;"Eleição Ordinária";1;1996001;"Eleições Municipais 1996";"03/10/1996";"M";"SP";"63690";"CRUZEIRO";"63690";"CRUZEIRO";-3;11;"Prefeito";47271;0;0;0;0;41547;0;5724;"N";0;0;0;37484;0;0;0;0;0;0;0;0;0;942;0;3121;0;0;"15:16:04";"27/10/2005"
"12/02/2026";"18:27:56";1996;2;"Eleição Ordinária";1;1996001;"Eleições Municipais 1996";"03/10/1996";"M";"SP";"63711";"CUBATAO";"63711";"CUBATAO";-3;13;"Vereador";71438;0;0;0;0;61877;0;9561;"N";0;0;0;50357;914;0;0;0;0;0;0;0;0;7180;0;3426;0;0;"15:16:04";"27/10/2005"
"12/02/2026";"18:27:56";1996;2;"Eleição Ordinária";1;1996001;"Eleições Municipais 1996";"03/10/1996";"M";"SP";"63711";"CUBATAO";"63711";"CUBATAO";-3;11;"Prefeito";71438;0;0;0;0;61877;0;9561;"N";0;0;0;54460;0;0;0;0;0;0;0;0;0;2030;0;5387;0;0;"15:16:04";"27/10/2005"
"12/02/2026";"18:27:56";1996;2;"Eleição Ordinária";1;1996001;"Eleições Municipais 1996";"03/10/1996";"M";"SP";"63738";"CUNHA";"63738";"CUNHA";-3;11;"Prefeito";15512;0;0;0;0;13508;0;2004;"N";0;0;0;12527;0;0;0;0;0;0;0;0;0;285;0;696;0;0;"15:16:04";"27/10/2005"
"12/02/2026";"18:27:56";1996;2;"Eleição Ordinária";1;1996001;"Eleições Municipais 1996";"03/10/1996";"M";"SP";"63738";"CUNHA";"63738";"CUNHA";-3;13;"Vereador";15512;0;0;0;0;13508;0;2004;"N";0;0;0;11146;33;0;0;0;0;0;0;0;0;1648;0;681;0;0;"15:16:04";"27/10/2005"
"12/02/2026";"18:27:56";1996;2;"Eleição Ordinária";1;1996001;"Eleições Municipais 1996";"03/10/1996";"M";"SP";"63754";"DESCALVADO";"63754";"DESCALVADO";-3;13;"Vereador";18078;0;0;0;0;15937;0;2141;"N";0;0;0;13433;108;0;0;0;0;0;0;0;0;1459;0;937;0;0;"15:16:04";"27/10/2005"
"12/02/2026";"18:27:56";1996;2;"Eleição Ordinária";1;1996001;"Eleições Municipais 1996";"03/10/1996";"M";"SP";"63754";"DESCALVADO";"63754";"DESCALVADO";-3;11;"Prefeito";18078;0;0;0;0;15937;0;2141;"N";0;0;0;14651;0;0;0;0;0;0;0;0;0;293;0;993;0;0;"15:16:04";"27/10/2005"
"12/02/2026";"18:27:56";1996;2;"Eleição Ordinária";1;1996001;"Eleições Municipais 1996";"03/10/1996";"M";"SP";"63770";"DIADEMA";"63770";"DIADEMA";-3;13;"Vereador";220292;0;0;0;0;188633;0;31659;"N";0;0;0;127017;32717;0;0;0;0;0;0;0;0;10148;0;18751;0;0;"15:16:04";"27/10/2005"
"12/02/2026";"18:27:56";1996;2;"Eleição Ordinária";1;1996001;"Eleições Municipais 1996";"03/10/1996";"M";"SP";"63770";"DIADEMA";"63770";"DIADEMA";-3;11;"Prefeito";220292;0;0;0;0;188633;0;31659;"N";0;0;0;163917;0;0;0;0;0;0;0;0;0;4573;0;20143;0;0;"15:16:04";"27/10/2005"
"12/02/2026";"18:27:56";1996;2;"Eleição Ordinária";1;1996001;"Eleições Municipais 1996";"03/10/1996";"M";"SP";"63797";"DIVINOLANDIA";"63797";"DIVINOLANDIA";-3;11;"Prefeito";8600;0;0;0;0;7588;0;1012;"N";0;0;0;7005;0;0;0;0;0;0;0;0;0;103;0;480;0;0;"15:16:04";"27/10/2005"
"12/02/2026";"18:27:56";1996;2;"Eleição Ordinária";1;1996001;"Eleições Municipais 1996";"03/10/1996";"M";"SP";"63797";"DIVINOLANDIA";"63797";"DIVINOLANDIA";-3;13;"Vereador";8600;0;0;0;0;7588;0;1012;"N";0;0;0;6038;57;0;0;0;0;0;0;0;0;1086;0;407;0;0;"15:16:04";"27/10/2005"
"12/02/2026";"18:27:56";1996;2;"Eleição Ordinária";1;1996001;"Eleições Municipais 1996";"03/10/1996";"M";"SP";"63819";"DOBRADA";"63819";"DOBRADA";-3;13;"Vereador";5032;0;0;0;0;4403;0;629;"N";0;0;0;3834;8;0;0;0;0;0;0;0;0;402;0;159;0;0;"15:16:04";"27/10/2005"
"12/02/2026";"18:27:56";1996;2;"Eleição Ordinária";1;1996001;"Eleições Municipais 1996";"03/10/1996";"M";"SP";"63819";"DOBRADA";"63819";"DOBRADA";-3;11;"Prefeito";5032;0;0;0;0;4403;0;629;"N";0;0;0;4180;0;0;0;0;0;0;0;0;0;89;0;134;0;0;"15:16:04";"27/10/2005"
"12/02/2026";"18:27:56";1996;2;"Eleição Ordinária";1;1996001;"Eleições Municipais 1996";"03/10/1996";"M";"SP";"63835";"DOIS CORREGOS";"63835";"DOIS CORREGOS";-3;13;"Vereador";13046;0;0;0;0;11621;0;1425;"N";0;0;0;9382;125;0;0;0;0;0;0;0;0;1570;0;544;0;0;"15:16:04";"27/10/2005"
"12/02/2026";"18:27:56";1996;2;"Eleição Ordinária";1;1996001;"Eleições Municipais 1996";"03/10/1996";"M";"SP";"63835";"DOIS CORREGOS";"63835";"DOIS CORREGOS";-3;11;"Prefeito";13046;0;0;0;0;11621;0;1425;"N";0;0;0;10872;0;0;0;0;0;0;0;0;0;198;0;551;0;0;"15:16:04";"27/10/2005"
"12/02/2026";"18:27:56";1996;2;"Eleição Ordinária";1;1996001;"Eleições Municipais 1996";"03/10/1996";"M";"SP";"63851";"DOLCINOPOLIS";"63851";"DOLCINOPOLIS";-3;11;"Prefeito";2352;0;0;0;0;2064;0;288;"N";0;0;0;2010;0;0;0;0;0;0;0;0;0;16;0;38;0;0;"15:16:04";"27/10/2005"
"12/02/2026";"18:27:56";1996;2;"Eleição Ordinária";1;1996001;"Eleições Municipais 1996";"03/10/1996";"M";"SP";"63851";"DOLCINOPOLIS";"63851";"DOLCINOPOLIS";-3;13;"Vereador";2352;0;0;0;0;2064;0;288;"N";0;0;0;1846;15;0;0;0;0;0;0;0;0;132;0;71;0;0;"15:16:04";"27/10/2005"
"12/02/2026";"18:27:56";1996;2;"Eleição Ordinária";1;1996001;"Eleições Municipais 1996";"03/10/1996";"M";"SP";"63878";"DOURADO";"63878";"DOURADO";-3;13;"Vereador";5661;0;0;0;0;5046;0;615;"N";0;0;0;4456;26;0;0;0;0;0;0;0;0;362;0;202;0;0;"15:16:04";"27/10/2005"
"12/02/2026";"18:27:56";1996;2;"Eleição Ordinária";1;1996001;"Eleições Municipais 1996";"03/10/1996";"M";"SP";"63878";"DOURADO";"63878";"DOURADO";-3;11;"Prefeito";5661;0;0;0;0;5046;0;615;"N";0;0;0;4764;0;0;0;0;0;0;0;0;0;85;0;197;0;0;"15:16:04";"27/10/2005"
"12/02/2026";"18:27:56";1996;2;"Eleição Ordinária";1;1996001;"Eleições Municipais 1996";"03/10/1996";"M";"SP";"63894";"DRACENA";"63894";"DRACENA";-3;13;"Vereador";28010;0;0;0;0;22986;0;5024;"N";0;0;0;19883;96;0;0;0;0;0;0;0;0;2097;0;910;0;0;"15:16:04";"27/10/2005"
"12/02/2026";"18:27:56";1996;2;"Eleição Ordinária";1;1996001;"Eleições Municipais 1996";"03/10/1996";"M";"SP";"63894";"DRACENA";"63894";"DRACENA";-3;11;"Prefeito";28010;0;0;0;0;22986;0;5024;"N";0;0;0;21701;0;0;0;0;0;0;0;0;0;437;0;848;0;0;"15:16:04";"27/10/2005"
"12/02/2026";"18:27:56";1996;2;"Eleição Ordinária";1;1996001;"Eleições Municipais 1996";"03/10/1996";"M";"SP";"63916";"DUARTINA";"63916";"DUARTINA";-3;11;"Prefeito";9127;0;0;0;0;7576;0;1551;"N";0;0;0;6880;0;0;0;0;0;0;0;0;0;208;0;488;0;0;"15:16:04";"27/10/2005"
"12/02/2026";"18:27:56";1996;2;"Eleição Ordinária";1;1996001;"Eleições Municipais 1996";"03/10/1996";"M";"SP";"63932";"DUMONT";"63932";"DUMONT";-3;11;"Prefeito";3702;0;0;0;0;3397;0;305;"N";0;0;0;3227;0;0;0;0;0;0;0;0;0;42;0;128;0;0;"15:16:04";"27/10/2005"
"12/02/2026";"18:27:56";1996;2;"Eleição Ordinária";1;1996001;"Eleições Municipais 1996";"03/10/1996";"M";"SP";"63916";"DUARTINA";"63916";"DUARTINA";-3;13;"Vereador";9127;0;0;0;0;7576;0;1551;"N";0;0;0;6339;13;0;0;0;0;0;0;0;0;783;0;441;0;0;"15:16:04";"27/10/2005"
"12/02/2026";"18:27:56";1996;2;"Eleição Ordinária";1;1996001;"Eleições Municipais 1996";"03/10/1996";"M";"SP";"63932";"DUMONT";"63932";"DUMONT";-3;13;"Vereador";3702;0;0;0;0;3397;0;305;"N";0;0;0;2903;12;0;0;0;0;0;0;0;0;222;0;121;0;0;"15:16:04";"27/10/2005"
"12/02/2026";"18:27:56";1996;2;"Eleição Ordinária";1;1996001;"Eleições Municipais 1996";"03/10/1996";"M";"SP";"63959";"ECHAPORA";"63959";"ECHAPORA";-3;11;"Prefeito";4518;0;0;0;0;3853;0;665;"N";0;0;0;3654;0;0;0;0;0;0;0;0;0;53;0;146;0;0;"15:16:04";"27/10/2005"
"12/02/2026";"18:27:56";1996;2;"Eleição Ordinária";1;1996001;"Eleições Municipais 1996";"03/10/1996";"M";"SP";"63975";"ELDORADO";"63975";"ELDORADO";-3;11;"Prefeito";9148;0;0;0;0;7495;0;1653;"N";0;0;0;7215;0;0;0;0;0;0;0;0;0;85;0;195;0;0;"15:16:04";"27/10/2005"
"12/02/2026";"18:27:56";1996;2;"Eleição Ordinária";1;1996001;"Eleições Municipais 1996";"03/10/1996";"M";"SP";"63959";"ECHAPORA";"63959";"ECHAPORA";-3;13;"Vereador";4518;0;0;0;0;3853;0;665;"N";0;0;0;3291;9;0;0;0;0;0;0;0;0;349;0;204;0;0;"15:16:04";"27/10/2005"
"12/02/2026";"18:27:56";1996;2;"Eleição Ordinária";1;1996001;"Eleições Municipais 1996";"03/10/1996";"M";"SP";"63991";"ELIAS FAUSTO";"63991";"ELIAS FAUSTO";-3;11;"Prefeito";8927;0;0;0;0;7425;0;1502;"N";0;0;0;6784;0;0;0;0;0;0;0;0;0;229;0;412;0;0;"15:16:04";"27/10/2005"
"12/02/2026";"18:27:56";1996;2;"Eleição Ordinária";1;1996001;"Eleições Municipais 1996";"03/10/1996";"M";"SP";"63975";"ELDORADO";"63975";"ELDORADO";-3;13;"Vereador";9148;0;0;0;0;7495;0;1653;"N";0;0;0;6058;42;0;0;0;0;0;0;0;0;1142;0;253;0;0;"15:16:04";"27/10/2005"
"12/02/2026";"18:27:56";1996;2;"Eleição Ordinária";1;1996001;"Eleições Municipais 1996";"03/10/1996";"M";"SP";"63991";"ELIAS FAUSTO";"63991";"ELIAS FAUSTO";-3;13;"Vereador";8927;0;0;0;0;7425;0;1502;"N";0;0;0;5906;60;0;0;0;0;0;0;0;0;985;0;474;0;0;"15:16:04";"27/10/2005"
"12/02/2026";"18:27:56";1996;2;"Eleição Ordinária";1;1996001;"Eleições Municipais 1996";"03/10/1996";"M";"SP";"64017";"EMBU";"64017";"EMBU";-3;11;"Prefeito";105249;0;0;0;0;89442;0;15807;"N";0;0;0;70704;0;0;0;0;0;0;0;0;0;5388;0;13350;0;0;"15:16:04";"27/10/2005"
"12/02/2026";"18:27:56";1996;2;"Eleição Ordinária";1;1996001;"Eleições Municipais 1996";"03/10/1996";"M";"SP";"64033";"EMBU GUACU";"64033";"EMBU GUACU";-3;11;"Prefeito";30052;0;0;0;0;25295;0;4757;"N";0;0;0;21880;0;0;0;0;0;0;0;0;0;993;0;2422;0;0;"15:16:04";"27/10/2005"
"12/02/2026";"18:27:56";1996;2;"Eleição Ordinária";1;1996001;"Eleições Municipais 1996";"03/10/1996";"M";"SP";"64017";"EMBU";"64017";"EMBU";-3;13;"Vereador";105249;0;0;0;0;89442;0;15807;"N";0;0;0;63586;2648;0;0;0;0;0;0;0;0;15067;0;8141;0;0;"15:16:04";"27/10/2005"
"12/02/2026";"18:27:56";1996;2;"Eleição Ordinária";1;1996001;"Eleições Municipais 1996";"03/10/1996";"M";"SP";"64050";"ESTRELA D OESTE";"64050";"ESTRELA D OESTE";-3;11;"Prefeito";6263;0;0;0;0;5456;0;807;"N";0;0;0;5293;0;0;0;0;0;0;0;0;0;59;0;104;0;0;"15:16:04";"27/10/2005"
"12/02/2026";"18:27:56";1996;2;"Eleição Ordinária";1;1996001;"Eleições Municipais 1996";"03/10/1996";"M";"SP";"64033";"EMBU GUACU";"64033";"EMBU GUACU";-3;13;"Vereador";30052;0;0;0;0;25295;0;4757;"N";0;0;0;19406;662;0;0;0;0;0;0;0;0;3663;0;1564;0;0;"15:16:04";"27/10/2005"
"12/02/2026";"18:27:56";1996;2;"Eleição Ordinária";1;1996001;"Eleições Municipais 1996";"03/10/1996";"M";"SP";"64050";"ESTRELA D OESTE";"64050";"ESTRELA D OESTE";-3;13;"Vereador";6263;0;0;0;0;5456;0;807;"N";0;0;0;4900;13;0;0;0;0;0;0;0;0;395;0;148;0;0;"15:16:04";"27/10/2005"
"12/02/2026";"18:27:56";1996;2;"Eleição Ordinária";1;1996001;"Eleições Municipais 1996";"03/10/1996";"M";"SP";"64076";"ESTRELA DO NORTE";"64076";"ESTRELA DO NORTE";-3;11;"Prefeito";2571;0;0;0;0;2146;0;425;"N";0;0;0;2089;0;0;0;0;0;0;0;0;0;15;0;42;0;0;"15:16:04";"27/10/2005"
"12/02/2026";"18:27:56";1996;2;"Eleição Ordinária";1;1996001;"Eleições Municipais 1996";"03/10/1996";"M";"SP";"64092";"FARTURA";"64092";"FARTURA";-3;11;"Prefeito";9929;0;0;0;0;8387;0;1542;"N";0;0;0;8079;0;0;0;0;0;0;0;0;0;85;0;223;0;0;"15:16:04";"27/10/2005"
"12/02/2026";"18:27:56";1996;2;"Eleição Ordinária";1;1996001;"Eleições Municipais 1996";"03/10/1996";"M";"SP";"64076";"ESTRELA DO NORTE";"64076";"ESTRELA DO NORTE";-3;13;"Vereador";2571;0;0;0;0;2146;0;425;"N";0;0;0;1879;3;0;0;0;0;0;0;0;0;184;0;80;0;0;"15:16:04";"27/10/2005"
"12/02/2026";"18:27:56";1996;2;"Eleição Ordinária";1;1996001;"Eleições Municipais 1996";"03/10/1996";"M";"SP";"64114";"FERNANDOPOLIS";"64114";"FERNANDOPOLIS";-3;11;"Prefeito";37426;0;0;0;0;31859;0;5567;"N";0;0;0;29817;0;0;0;0;0;0;0;0;0;524;0;1518;0;0;"15:16:04";"27/10/2005"
"12/02/2026";"18:27:56";1996;2;"Eleição Ordinária";1;1996001;"Eleições Municipais 1996";"03/10/1996";"M";"SP";"64092";"FARTURA";"64092";"FARTURA";-3;13;"Vereador";9929;0;0;0;0;8387;0;1542;"N";0;0;0;7262;94;0;0;0;0;0;0;0;0;741;0;290;0;0;"15:16:04";"27/10/2005"
"12/02/2026";"18:27:56";1996;2;"Eleição Ordinária";1;1996001;"Eleições Municipais 1996";"03/10/1996";"M";"SP";"64114";"FERNANDOPOLIS";"64114";"FERNANDOPOLIS";-3;13;"Vereador";37426;0;0;0;0;31859;0;5567;"N";0;0;0;27531;166;0;0;0;0;0;0;0;0;2271;0;1891;0;0;"15:16:04";"27/10/2005"
"12/02/2026";"18:27:56";1996;2;"Eleição Ordinária";1;1996001;"Eleições Municipais 1996";"03/10/1996";"M";"SP";"64130";"FERNANDO PRESTES";"64130";"FERNANDO PRESTES";-3;11;"Prefeito";4080;0;0;0;0;3698;0;382;"N";0;0;0;3516;0;0;0;0;0;0;0;0;0;68;0;114;0;0;"15:16:04";"27/10/2005"
"12/02/2026";"18:27:56";1996;2;"Eleição Ordinária";1;1996001;"Eleições Municipais 1996";"03/10/1996";"M";"SP";"64157";"FERRAZ DE VASCONCELOS";"64157";"FERRAZ DE VASCONCELOS";-3;11;"Prefeito";62034;0;0;0;0;53476;0;8558;"N";0;0;0;44985;0;0;0;0;0;0;0;0;0;1830;0;6661;0;0;"15:16:04";"27/10/2005"
"12/02/2026";"18:27:56";1996;2;"Eleição Ordinária";1;1996001;"Eleições Municipais 1996";"03/10/1996";"M";"SP";"64130";"FERNANDO PRESTES";"64130";"FERNANDO PRESTES";-3;13;"Vereador";4080;0;0;0;0;3698;0;382;"N";0;0;0;3339;2;0;0;0;0;0;0;0;0;238;0;119;0;0;"15:16:04";"27/10/2005"
"12/02/2026";"18:27:56";1996;2;"Eleição Ordinária";1;1996001;"Eleições Municipais 1996";"03/10/1996";"M";"SP";"64173";"FLORA RICA";"64173";"FLORA RICA";-3;11;"Prefeito";2469;0;0;0;0;2086;0;383;"N";0;0;0;2021;0;0;0;0;0;0;0;0;0;40;0;25;0;0;"15:16:04";"27/10/2005"
"12/02/2026";"18:27:56";1996;2;"Eleição Ordinária";1;1996001;"Eleições Municipais 1996";"03/10/1996";"M";"SP";"64157";"FERRAZ DE VASCONCELOS";"64157";"FERRAZ DE VASCONCELOS";-3;13;"Vereador";62034;0;0;0;0;53476;0;8558;"N";0;0;0;37962;1241;0;0;0;0;0;0;0;0;8226;0;6047;0;0;"15:16:04";"27/10/2005"
"12/02/2026";"18:27:56";1996;2;"Eleição Ordinária";1;1996001;"Eleições Municipais 1996";"03/10/1996";"M";"SP";"64173";"FLORA RICA";"64173";"FLORA RICA";-3;13;"Vereador";2469;0;0;0;0;2086;0;383;"N";0;0;0;1916;1;0;0;0;0;0;0;0;0;105;0;64;0;0;"15:16:04";"27/10/2005"
"12/02/2026";"18:27:56";1996;2;"Eleição Ordinária";1;1996001;"Eleições Municipais 1996";"03/10/1996";"M";"SP";"64190";"FLOREAL";"64190";"FLOREAL";-3;11;"Prefeito";3169;0;0;0;0;2888;0;281;"N";0;0;0;2805;0;0;0;0;0;0;0;0;0;31;0;52;0;0;"15:16:04";"27/10/2005"
"12/02/2026";"18:27:56";1996;2;"Eleição Ordinária";1;1996001;"Eleições Municipais 1996";"03/10/1996";"M";"SP";"64211";"FLORIDA PAULISTA";"64211";"FLORIDA PAULISTA";-3;11;"Prefeito";8206;0;0;0;0;6666;0;1540;"N";0;0;0;6282;0;0;0;0;0;0;0;0;0;220;0;164;0;0;"15:16:04";"27/10/2005"
"12/02/2026";"18:27:56";1996;2;"Eleição Ordinária";1;1996001;"Eleições Municipais 1996";"03/10/1996";"M";"SP";"64190";"FLOREAL";"64190";"FLOREAL";-3;13;"Vereador";3169;0;0;0;0;2888;0;281;"N";0;0;0;2644;3;0;0;0;0;0;0;0;0;159;0;82;0;0;"15:16:04";"27/10/2005"
"12/02/2026";"18:27:56";1996;2;"Eleição Ordinária";1;1996001;"Eleições Municipais 1996";"03/10/1996";"M";"SP";"64238";"FLORINEA";"64238";"FLORINEA";-3;11;"Prefeito";3264;0;0;0;0;2815;0;449;"N";0;0;0;2716;0;0;0;0;0;0;0;0;0;56;0;43;0;0;"15:16:04";"27/10/2005"
"12/02/2026";"18:27:56";1996;2;"Eleição Ordinária";1;1996001;"Eleições Municipais 1996";"03/10/1996";"M";"SP";"64211";"FLORIDA PAULISTA";"64211";"FLORIDA PAULISTA";-3;13;"Vereador";8206;0;0;0;0;6666;0;1540;"N";0;0;0;5876;8;0;0;0;0;0;0;0;0;557;0;225;0;0;"15:16:04";"27/10/2005"
"12/02/2026";"18:27:56";1996;2;"Eleição Ordinária";1;1996001;"Eleições Municipais 1996";"03/10/1996";"M";"SP";"64238";"FLORINEA";"64238";"FLORINEA";-3;13;"Vereador";3264;0;0;0;0;2815;0;449;"N";0;0;0;2486;9;0;0;0;0;0;0;0;0;223;0;97;0;0;"15:16:04";"27/10/2005"
"12/02/2026";"18:27:56";1996;2;"Eleição Ordinária";1;1996001;"Eleições Municipais 1996";"03/10/1996";"M";"SP";"64254";"FRANCA";"64254";"FRANCA";-3;11;"Prefeito";150206;0;0;0;0;135389;0;14817;"N";0;0;0;124745;0;0;0;0;0;0;0;0;0;2436;0;8208;0;0;"15:16:04";"27/10/2005"
"12/02/2026";"18:27:56";1996;2;"Eleição Ordinária";1;1996001;"Eleições Municipais 1996";"03/10/1996";"M";"SP";"64270";"FRANCISCO MORATO";"64270";"FRANCISCO MORATO";-3;11;"Prefeito";50483;0;0;0;0;42554;0;7929;"N";0;0;0;34812;0;0;0;0;0;0;0;0;0;1517;0;6225;0;0;"15:16:04";"27/10/2005"
"12/02/2026";"18:27:56";1996;2;"Eleição Ordinária";1;1996001;"Eleições Municipais 1996";"03/10/1996";"M";"SP";"64254";"FRANCA";"64254";"FRANCA";-3;13;"Vereador";150206;0;0;0;0;135389;0;14817;"N";0;0;0;112320;3022;0;0;0;0;0;0;0;0;12503;0;7544;0;0;"15:16:04";"27/10/2005"
"12/02/2026";"18:27:56";1996;2;"Eleição Ordinária";1;1996001;"Eleições Municipais 1996";"03/10/1996";"M";"SP";"64270";"FRANCISCO MORATO";"64270";"FRANCISCO MORATO";-3;13;"Vereador";50483;0;0;0;0;42554;0;7929;"N";0;0;0;29999;693;0;0;0;0;0;0;0;0;8424;0;3438;0;0;"15:16:04";"27/10/2005"
"12/02/2026";"18:27:56";1996;2;"Eleição Ordinária";1;1996001;"Eleições Municipais 1996";"03/10/1996";"M";"SP";"64297";"FRANCO DA ROCHA";"64297";"FRANCO DA ROCHA";-3;13;"Vereador";51479;0;0;0;0;44508;0;6971;"N";0;0;0;33588;990;0;0;0;0;0;0;0;0;5771;0;4159;0;0;"15:16:04";"27/10/2005"
"12/02/2026";"18:27:56";1996;2;"Eleição Ordinária";1;1996001;"Eleições Municipais 1996";"03/10/1996";"M";"SP";"64297";"FRANCO DA ROCHA";"64297";"FRANCO DA ROCHA";-3;11;"Prefeito";51479;0;0;0;0;44508;0;6971;"N";0;0;0;37304;0;0;0;0;0;0;0;0;0;1665;0;5539;0;0;"15:16:04";"27/10/2005"
"12/02/2026";"18:27:56";1996;2;"Eleição Ordinária";1;1996001;"Eleições Municipais 1996";"03/10/1996";"M";"SP";"64319";"GABRIEL MONTEIRO";"64319";"GABRIEL MONTEIRO";-3;13;"Vereador";2483;0;0;0;0;2200;0;283;"N";0;0;0;1876;0;0;0;0;0;0;0;0;0;162;0;162;0;0;"15:16:04";"27/10/2005"
"12/02/2026";"18:27:56";1996;2;"Eleição Ordinária";1;1996001;"Eleições Municipais 1996";"03/10/1996";"M";"SP";"64319";"GABRIEL MONTEIRO";"64319";"GABRIEL MONTEIRO";-3;11;"Prefeito";2483;0;0;0;0;2200;0;283;"N";0;0;0;1755;0;0;0;0;0;0;0;0;0;231;0;214;0;0;"15:16:04";"27/10/2005"
"12/02/2026";"18:27:56";1996;2;"Eleição Ordinária";1;1996001;"Eleições Municipais 1996";"03/10/1996";"M";"SP";"64335";"GALIA";"64335";"GALIA";-3;11;"Prefeito";5030;0;0;0;0;4009;0;1021;"N";0;0;0;3736;0;0;0;0;0;0;0;0;0;76;0;197;0;0;"15:16:04";"27/10/2005"
"12/02/2026";"18:27:56";1996;2;"Eleição Ordinária";1;1996001;"Eleições Municipais 1996";"03/10/1996";"M";"SP";"64335";"GALIA";"64335";"GALIA";-3;13;"Vereador";5030;0;0;0;0;4009;0;1021;"N";0;0;0;3342;54;0;0;0;0;0;0;0;0;436;0;177;0;0;"15:16:04";"27/10/2005"
"12/02/2026";"18:27:56";1996;2;"Eleição Ordinária";1;1996001;"Eleições Municipais 1996";"03/10/1996";"M";"SP";"64351";"GARCA";"64351";"GARCA";-3;13;"Vereador";27038;0;0;0;0;21985;0;5053;"N";0;0;0;17713;140;0;0;0;0;0;0;0;0;2769;0;1363;0;0;"15:16:04";"27/10/2005"
"12/02/2026";"18:27:56";1996;2;"Eleição Ordinária";1;1996001;"Eleições Municipais 1996";"03/10/1996";"M";"SP";"64351";"GARCA";"64351";"GARCA";-3;11;"Prefeito";27038;0;0;0;0;21985;0;5053;"N";0;0;0;19884;0;0;0;0;0;0;0;0;0;410;0;1691;0;0;"15:16:04";"27/10/2005"
"12/02/2026";"18:27:56";1996;2;"Eleição Ordinária";1;1996001;"Eleições Municipais 1996";"03/10/1996";"M";"SP";"64378";"GASTAO VIDIGAL";"64378";"GASTAO VIDIGAL";-3;13;"Vereador";3213;0;0;0;0;2893;0;320;"N";0;0;0;2567;4;0;0;0;0;0;0;0;0;223;0;99;0;0;"15:16:04";"27/10/2005"
"12/02/2026";"18:27:56";1996;2;"Eleição Ordinária";1;1996001;"Eleições Municipais 1996";"03/10/1996";"M";"SP";"64378";"GASTAO VIDIGAL";"64378";"GASTAO VIDIGAL";-3;11;"Prefeito";3213;0;0;0;0;2893;0;320;"N";0;0;0;2809;0;0;0;0;0;0;0;0;0;38;0;46;0;0;"15:16:04";"27/10/2005"
"12/02/2026";"18:27:56";1996;2;"Eleição Ordinária";1;1996001;"Eleições Municipais 1996";"03/10/1996";"M";"SP";"64394";"GENERAL SALGADO";"64394";"GENERAL SALGADO";-3;11;"Prefeito";8128;0;0;0;0;7026;0;1102;"N";0;0;0;6777;0;0;0;0;0;0;0;0;0;85;0;164;0;0;"15:16:04";"27/10/2005"
"12/02/2026";"18:27:56";1996;2;"Eleição Ordinária";1;1996001;"Eleições Municipais 1996";"03/10/1996";"M";"SP";"64394";"GENERAL SALGADO";"64394";"GENERAL SALGADO";-3;13;"Vereador";8128;0;0;0;0;7026;0;1102;"N";0;0;0;6363;20;0;0;0;0;0;0;0;0;446;0;197;0;0;"15:16:04";"27/10/2005"
"12/02/2026";"18:27:56";1996;2;"Eleição Ordinária";1;1996001;"Eleições Municipais 1996";"03/10/1996";"M";"SP";"64416";"GETULINA";"64416";"GETULINA";-3;13;"Vereador";7329;0;0;0;0;5865;0;1464;"N";0;0;0;5070;6;0;0;0;0;0;0;0;0;546;0;243;0;0;"15:16:04";"27/10/2005"
"12/02/2026";"18:27:56";1996;2;"Eleição Ordinária";1;1996001;"Eleições Municipais 1996";"03/10/1996";"M";"SP";"64416";"GETULINA";"64416";"GETULINA";-3;11;"Prefeito";7329;0;0;0;0;5865;0;1464;"N";0;0;0;5587;0;0;0;0;0;0;0;0;0;91;0;187;0;0;"15:16:04";"27/10/2005"
"12/02/2026";"18:27:56";1996;2;"Eleição Ordinária";1;1996001;"Eleições Municipais 1996";"03/10/1996";"M";"SP";"64432";"GLICERIO";"64432";"GLICERIO";-3;13;"Vereador";3650;0;0;0;0;3187;0;463;"N";0;0;0;2793;8;0;0;0;0;0;0;0;0;255;0;131;0;0;"15:16:04";"27/10/2005"
"12/02/2026";"18:27:56";1996;2;"Eleição Ordinária";1;1996001;"Eleições Municipais 1996";"03/10/1996";"M";"SP";"64432";"GLICERIO";"64432";"GLICERIO";-3;11;"Prefeito";3650;0;0;0;0;3187;0;463;"N";0;0;0;3034;0;0;0;0;0;0;0;0;0;49;0;104;0;0;"15:16:04";"27/10/2005"
"12/02/2026";"18:27:56";1996;2;"Eleição Ordinária";1;1996001;"Eleições Municipais 1996";"03/10/1996";"M";"SP";"64459";"GUAICARA";"64459";"GUAICARA";-3;11;"Prefeito";5521;0;0;0;0;4779;0;742;"N";0;0;0;4485;0;0;0;0;0;0;0;0;0;76;0;218;0;0;"15:16:04";"27/10/2005"
"12/02/2026";"18:27:56";1996;2;"Eleição Ordinária";1;1996001;"Eleições Municipais 1996";"03/10/1996";"M";"SP";"64459";"GUAICARA";"64459";"GUAICARA";-3;13;"Vereador";5521;0;0;0;0;4779;0;742;"N";0;0;0;4057;33;0;0;0;0;0;0;0;0;488;0;201;0;0;"15:16:04";"27/10/2005"
"12/02/2026";"18:27:56";1996;2;"Eleição Ordinária";1;1996001;"Eleições Municipais 1996";"03/10/1996";"M";"SP";"64475";"GUAIMBE";"64475";"GUAIMBE";-3;13;"Vereador";4214;0;0;0;0;3226;0;988;"N";0;0;0;2637;2;0;0;0;0;0;0;0;0;407;0;180;0;0;"15:16:04";"27/10/2005"
"12/02/2026";"18:27:56";1996;2;"Eleição Ordinária";1;1996001;"Eleições Municipais 1996";"03/10/1996";"M";"SP";"64475";"GUAIMBE";"64475";"GUAIMBE";-3;11;"Prefeito";4214;0;0;0;0;3226;0;988;"N";0;0;0;3083;0;0;0;0;0;0;0;0;0;19;0;124;0;0;"15:16:04";"27/10/2005"
"12/02/2026";"18:27:56";1996;2;"Eleição Ordinária";1;1996001;"Eleições Municipais 1996";"03/10/1996";"M";"SP";"64491";"GUAIRA";"64491";"GUAIRA";-3;13;"Vereador";21029;0;0;0;0;18250;0;2779;"N";0;0;0;15728;67;0;0;0;0;0;0;0;0;1697;0;758;0;0;"15:16:04";"27/10/2005"
"12/02/2026";"18:27:56";1996;2;"Eleição Ordinária";1;1996001;"Eleições Municipais 1996";"03/10/1996";"M";"SP";"64491";"GUAIRA";"64491";"GUAIRA";-3;11;"Prefeito";21029;0;0;0;0;18250;0;2779;"N";0;0;0;17341;0;0;0;0;0;0;0;0;0;198;0;711;0;0;"15:16:04";"27/10/2005"
"12/02/2026";"18:27:56";1996;2;"Eleição Ordinária";1;1996001;"Eleições Municipais 1996";"03/10/1996";"M";"SP";"64513";"GUAPIACU";"64513";"GUAPIACU";-3;11;"Prefeito";9068;0;0;0;0;8180;0;888;"N";0;0;0;7566;0;0;0;0;0;0;0;0;0;274;0;340;0;0;"15:16:04";"27/10/2005"
"12/02/2026";"18:27:56";1996;2;"Eleição Ordinária";1;1996001;"Eleições Municipais 1996";"03/10/1996";"M";"SP";"64513";"GUAPIACU";"64513";"GUAPIACU";-3;13;"Vereador";9068;0;0;0;0;8180;0;888;"N";0;0;0;7072;14;0;0;0;0;0;0;0;0;739;0;355;0;0;"15:16:04";"27/10/2005"
"12/02/2026";"18:27:56";1996;2;"Eleição Ordinária";1;1996001;"Eleições Municipais 1996";"03/10/1996";"M";"SP";"64530";"GUAPIARA";"64530";"GUAPIARA";-3;13;"Vereador";12020;0;0;0;0;10060;0;1960;"N";0;0;0;8263;70;0;0;0;0;0;0;0;0;1425;0;302;0;0;"15:16:04";"27/10/2005"
"12/02/2026";"18:27:56";1996;2;"Eleição Ordinária";1;1996001;"Eleições Municipais 1996";"03/10/1996";"M";"SP";"64530";"GUAPIARA";"64530";"GUAPIARA";-3;11;"Prefeito";12020;0;0;0;0;10060;0;1960;"N";0;0;0;9660;0;0;0;0;0;0;0;0;0;196;0;204;0;0;"15:16:04";"27/10/2005"
"12/02/2026";"18:27:56";1996;2;"Eleição Ordinária";1;1996001;"Eleições Municipais 1996";"03/10/1996";"M";"SP";"64556";"GUARA";"64556";"GUARA";-3;13;"Vereador";12023;0;0;0;0;10711;0;1312;"N";0;0;0;9525;54;0;0;0;0;0;0;0;0;773;0;359;0;0;"15:16:04";"27/10/2005"
"12/02/2026";"18:27:56";1996;2;"Eleição Ordinária";1;1996001;"Eleições Municipais 1996";"03/10/1996";"M";"SP";"64556";"GUARA";"64556";"GUARA";-3;11;"Prefeito";12023;0;0;0;0;10711;0;1312;"N";0;0;0;10313;0;0;0;0;0;0;0;0;0;174;0;224;0;0;"15:16:04";"27/10/2005"
"12/02/2026";"18:27:56";1996;2;"Eleição Ordinária";1;1996001;"Eleições Municipais 1996";"03/10/1996";"M";"SP";"64572";"GUARACAI";"64572";"GUARACAI";-3;11;"Prefeito";6335;0;0;0;0;5614;0;721;"N";0;0;0;5393;0;0;0;0;0;0;0;0;0;86;0;135;0;0;"15:16:04";"27/10/2005"
"12/02/2026";"18:27:56";1996;2;"Eleição Ordinária";1;1996001;"Eleições Municipais 1996";"03/10/1996";"M";"SP";"64572";"GUARACAI";"64572";"GUARACAI";-3;13;"Vereador";6335;0;0;0;0;5614;0;721;"N";0;0;0;5028;15;0;0;0;0;0;0;0;0;396;0;175;0;0;"15:16:04";"27/10/2005"
"12/02/2026";"18:27:56";1996;2;"Eleição Ordinária";1;1996001;"Eleições Municipais 1996";"03/10/1996";"M";"SP";"64599";"GUARACI";"64599";"GUARACI";-3;13;"Vereador";6270;0;0;0;0;5428;0;842;"N";0;0;0;4984;30;0;0;0;0;0;0;0;0;307;0;107;0;0;"15:16:04";"27/10/2005"
"12/02/2026";"18:27:56";1996;2;"Eleição Ordinária";1;1996001;"Eleições Municipais 1996";"03/10/1996";"M";"SP";"64599";"GUARACI";"64599";"GUARACI";-3;11;"Prefeito";6270;0;0;0;0;5428;0;842;"N";0;0;0;5243;0;0;0;0;0;0;0;0;0;71;0;114;0;0;"15:16:04";"27/10/2005"
"12/02/2026";"18:27:56";1996;2;"Eleição Ordinária";1;1996001;"Eleições Municipais 1996";"03/10/1996";"M";"SP";"64610";"GUARANI D OESTE";"64610";"GUARANI D OESTE";-3;13;"Vereador";1609;0;0;0;0;1408;0;201;"N";0;0;0;1278;0;0;0;0;0;0;0;0;0;92;0;38;0;0;"15:16:04";"27/10/2005"
"12/02/2026";"18:27:56";1996;2;"Eleição Ordinária";1;1996001;"Eleições Municipais 1996";"03/10/1996";"M";"SP";"64610";"GUARANI D OESTE";"64610";"GUARANI D OESTE";-3;11;"Prefeito";1609;0;0;0;0;1408;0;201;"N";0;0;0;1388;0;0;0;0;0;0;0;0;0;8;0;12;0;0;"15:16:04";"27/10/2005"
"12/02/2026";"18:27:56";1996;2;"Eleição Ordinária";1;1996001;"Eleições Municipais 1996";"03/10/1996";"M";"SP";"64637";"GUARANTA";"64637";"GUARANTA";-3;11;"Prefeito";4078;0;0;0;0;3417;0;661;"N";0;0;0;3314;0;0;0;0;0;0;0;0;0;30;0;73;0;0;"15:16:04";"27/10/2005"
"12/02/2026";"18:27:56";1996;2;"Eleição Ordinária";1;1996001;"Eleições Municipais 1996";"03/10/1996";"M";"SP";"64637";"GUARANTA";"64637";"GUARANTA";-3;13;"Vereador";4078;0;0;0;0;3417;0;661;"N";0;0;0;2886;14;0;0;0;0;0;0;0;0;355;0;162;0;0;"15:16:04";"27/10/2005"
"12/02/2026";"18:27:56";1996;2;"Eleição Ordinária";1;1996001;"Eleições Municipais 1996";"03/10/1996";"M";"SP";"64653";"GUARARAPES";"64653";"GUARARAPES";-3;13;"Vereador";18559;0;0;0;0;15861;0;2698;"N";0;0;0;13382;111;0;0;0;0;0;0;0;0;1593;0;775;0;0;"15:16:04";"27/10/2005"
"12/02/2026";"18:27:56";1996;2;"Eleição Ordinária";1;1996001;"Eleições Municipais 1996";"03/10/1996";"M";"SP";"64653";"GUARARAPES";"64653";"GUARARAPES";-3;11;"Prefeito";18559;0;0;0;0;15861;0;2698;"N";0;0;0;14847;0;0;0;0;0;0;0;0;0;279;0;735;0;0;"15:16:04";"27/10/2005"
"12/02/2026";"18:27:56";1996;2;"Eleição Ordinária";1;1996001;"Eleições Municipais 1996";"03/10/1996";"M";"SP";"64670";"GUARAREMA";"64670";"GUARAREMA";-3;13;"Vereador";14304;0;0;0;0;11904;0;2400;"N";0;0;0;10089;113;0;0;0;0;0;0;0;0;1157;0;545;0;0;"15:16:04";"27/10/2005"
"12/02/2026";"18:27:56";1996;2;"Eleição Ordinária";1;1996001;"Eleições Municipais 1996";"03/10/1996";"M";"SP";"64670";"GUARAREMA";"64670";"GUARAREMA";-3;11;"Prefeito";14304;0;0;0;0;11904;0;2400;"N";0;0;0;10724;0;0;0;0;0;0;0;0;0;343;0;837;0;0;"15:16:04";"27/10/2005"
"12/02/2026";"18:27:56";1996;2;"Eleição Ordinária";1;1996001;"Eleições Municipais 1996";"03/10/1996";"M";"SP";"64696";"GUARATINGUETA";"64696";"GUARATINGUETA";-3;11;"Prefeito";64713;0;0;0;0;56779;0;7934;"N";0;0;0;51318;0;0;0;0;0;0;0;0;0;1395;0;4066;0;0;"15:16:04";"27/10/2005"
"12/02/2026";"18:27:56";1996;2;"Eleição Ordinária";1;1996001;"Eleições Municipais 1996";"03/10/1996";"M";"SP";"64696";"GUARATINGUETA";"64696";"GUARATINGUETA";-3;13;"Vereador";64713;0;0;0;0;56779;0;7934;"N";0;0;0;46942;1235;0;0;0;0;0;0;0;0;5263;0;3339;0;0;"15:16:04";"27/10/2005"
"12/02/2026";"18:27:56";1996;2;"Eleição Ordinária";1;1996001;"Eleições Municipais 1996";"03/10/1996";"M";"SP";"64718";"GUAREI";"64718";"GUAREI";-3;13;"Vereador";6502;0;0;0;0;5638;0;864;"N";0;0;0;4387;26;0;0;0;0;0;0;0;0;934;0;291;0;0;"15:16:04";"27/10/2005"
"12/02/2026";"18:27:56";1996;2;"Eleição Ordinária";1;1996001;"Eleições Municipais 1996";"03/10/1996";"M";"SP";"64718";"GUAREI";"64718";"GUAREI";-3;11;"Prefeito";6502;0;0;0;0;5638;0;864;"N";0;0;0;5213;0;0;0;0;0;0;0;0;0;84;0;341;0;0;"15:16:04";"27/10/2005"
"12/02/2026";"18:27:56";1996;2;"Eleição Ordinária";1;1996001;"Eleições Municipais 1996";"03/10/1996";"M";"SP";"64734";"GUARIBA";"64734";"GUARIBA";-3;13;"Vereador";19773;0;0;0;0;17397;0;2376;"N";0;0;0;15189;34;0;0;0;0;0;0;0;0;1538;0;636;0;0;"15:16:04";"27/10/2005"
"12/02/2026";"18:27:56";1996;2;"Eleição Ordinária";1;1996001;"Eleições Municipais 1996";"03/10/1996";"M";"SP";"64734";"GUARIBA";"64734";"GUARIBA";-3;11;"Prefeito";19773;0;0;0;0;17397;0;2376;"N";0;0;0;16279;0;0;0;0;0;0;0;0;0;299;0;819;0;0;"15:16:04";"27/10/2005"
"12/02/2026";"18:27:56";1996;2;"Eleição Ordinária";1;1996001;"Eleições Municipais 1996";"03/10/1996";"M";"SP";"64750";"GUARUJA";"64750";"GUARUJA";-3;11;"Prefeito";147055;0;0;0;0;125976;0;21079;"N";0;0;0;109381;0;0;0;0;0;0;0;0;0;3758;0;12837;0;0;"15:16:04";"27/10/2005"
"12/02/2026";"18:27:56";1996;2;"Eleição Ordinária";1;1996001;"Eleições Municipais 1996";"03/10/1996";"M";"SP";"64750";"GUARUJA";"64750";"GUARUJA";-3;13;"Vereador";147055;0;0;0;0;125976;0;21079;"N";0;0;0;100775;1655;0;0;0;0;0;0;0;0;14702;0;8844;0;0;"15:16:04";"27/10/2005"
"12/02/2026";"18:27:56";1996;2;"Eleição Ordinária";1;1996001;"Eleições Municipais 1996";"03/10/1996";"M";"SP";"64777";"GUARULHOS";"64777";"GUARULHOS";-3;13;"Vereador";477031;0;0;0;0;395922;0;81109;"N";0;0;0;263768;67868;0;0;0;0;0;0;0;0;20770;0;40891;0;0;"15:16:04";"27/10/2005"
"12/02/2026";"18:27:56";1996;2;"Eleição Ordinária";1;1996001;"Eleições Municipais 1996";"03/10/1996";"M";"SP";"64777";"GUARULHOS";"64777";"GUARULHOS";-3;11;"Prefeito";477031;0;0;0;0;395922;0;81109;"N";0;0;0;330047;0;0;0;0;0;0;0;0;0;12073;0;48342;0;0;"15:16:04";"27/10/2005"
"12/02/2026";"18:27:56";1996;2;"Eleição Ordinária";1;1996001;"Eleições Municipais 1996";"03/10/1996";"M";"SP";"64793";"GUZOLANDIA";"64793";"GUZOLANDIA";-3;13;"Vereador";3831;0;0;0;0;3278;0;553;"N";0;0;0;2871;4;0;0;0;0;0;0;0;0;293;0;110;0;0;"15:16:04";"27/10/2005"
"12/02/2026";"18:27:56";1996;2;"Eleição Ordinária";1;1996001;"Eleições Municipais 1996";"03/10/1996";"M";"SP";"64793";"GUZOLANDIA";"64793";"GUZOLANDIA";-3;11;"Prefeito";3831;0;0;0;0;3278;0;553;"N";0;0;0;3123;0;0;0;0;0;0;0;0;0;66;0;89;0;0;"15:16:04";"27/10/2005"
"12/02/2026";"18:27:56";1996;2;"Eleição Ordinária";1;1996001;"Eleições Municipais 1996";"03/10/1996";"M";"SP";"64815";"HERCULANDIA";"64815";"HERCULANDIA";-3;11;"Prefeito";5298;0;0;0;0;4673;0;625;"N";0;0;0;4483;0;0;0;0;0;0;0;0;0;106;0;84;0;0;"15:16:04";"27/10/2005"
"12/02/2026";"18:27:56";1996;2;"Eleição Ordinária";1;1996001;"Eleições Municipais 1996";"03/10/1996";"M";"SP";"64815";"HERCULANDIA";"64815";"HERCULANDIA";-3;13;"Vereador";5298;0;0;0;0;4673;0;625;"N";0;0;0;3996;10;0;0;0;0;0;0;0;0;498;0;169;0;0;"15:16:04";"27/10/2005"
"12/02/2026";"18:27:56";1996;2;"Eleição Ordinária";1;1996001;"Eleições Municipais 1996";"03/10/1996";"M";"SP";"64831";"IACANGA";"64831";"IACANGA";-3;13;"Vereador";5801;0;0;0;0;5054;0;747;"N";0;0;0;4485;10;0;0;0;0;0;0;0;0;390;0;169;0;0;"15:16:04";"27/10/2005"
"12/02/2026";"18:27:56";1996;2;"Eleição Ordinária";1;1996001;"Eleições Municipais 1996";"03/10/1996";"M";"SP";"64831";"IACANGA";"64831";"IACANGA";-3;11;"Prefeito";5801;0;0;0;0;5054;0;747;"N";0;0;0;4922;0;0;0;0;0;0;0;0;0;51;0;81;0;0;"15:16:04";"27/10/2005"
"12/02/2026";"18:27:56";1996;2;"Eleição Ordinária";1;1996001;"Eleições Municipais 1996";"03/10/1996";"M";"SP";"64858";"IACRI";"64858";"IACRI";-3;13;"Vereador";5524;0;0;0;0;4606;0;918;"N";0;0;0;3779;10;0;0;0;0;0;0;0;0;582;0;235;0;0;"15:16:04";"27/10/2005"
"12/02/2026";"18:27:56";1996;2;"Eleição Ordinária";1;1996001;"Eleições Municipais 1996";"03/10/1996";"M";"SP";"64858";"IACRI";"64858";"IACRI";-3;11;"Prefeito";5524;0;0;0;0;4606;0;918;"N";0;0;0;4266;0;0;0;0;0;0;0;0;0;183;0;157;0;0;"15:16:04";"27/10/2005"
"12/02/2026";"18:27:56";1996;2;"Eleição Ordinária";1;1996001;"Eleições Municipais 1996";"03/10/1996";"M";"SP";"64874";"IBATE";"64874";"IBATE";-3;11;"Prefeito";12849;0;0;0;0;11624;0;1225;"N";0;0;0;10483;0;0;0;0;0;0;0;0;0;224;0;917;0;0;"15:16:04";"27/10/2005"
"12/02/2026";"18:27:56";1996;2;"Eleição Ordinária";1;1996001;"Eleições Municipais 1996";"03/10/1996";"M";"SP";"64874";"IBATE";"64874";"IBATE";-3;13;"Vereador";12849;0;0;0;0;11624;0;1225;"N";0;0;0;9693;45;0;0;0;0;0;0;0;0;1321;0;565;0;0;"15:16:04";"27/10/2005"
"12/02/2026";"18:27:56";1996;2;"Eleição Ordinária";1;1996001;"Eleições Municipais 1996";"03/10/1996";"M";"SP";"64890";"IBIRA";"64890";"IBIRA";-3;13;"Vereador";6794;0;0;0;0;5977;0;817;"N";0;0;0;5207;6;0;0;0;0;0;0;0;0;486;0;278;0;0;"15:16:04";"27/10/2005"
"12/02/2026";"18:27:56";1996;2;"Eleição Ordinária";1;1996001;"Eleições Municipais 1996";"03/10/1996";"M";"SP";"64890";"IBIRA";"64890";"IBIRA";-3;11;"Prefeito";6794;0;0;0;0;5977;0;817;"N";0;0;0;5536;0;0;0;0;0;0;0;0;0;143;0;298;0;0;"15:16:04";"27/10/2005"
"12/02/2026";"18:27:56";1996;2;"Eleição Ordinária";1;1996001;"Eleições Municipais 1996";"03/10/1996";"M";"SP";"64912";"IBIRAREMA";"64912";"IBIRAREMA";-3;13;"Vereador";4577;0;0;0;0;4017;0;560;"N";0;0;0;3629;5;0;0;0;0;0;0;0;0;254;0;129;0;0;"15:16:04";"27/10/2005"
"12/02/2026";"18:27:56";1996;2;"Eleição Ordinária";1;1996001;"Eleições Municipais 1996";"03/10/1996";"M";"SP";"64912";"IBIRAREMA";"64912";"IBIRAREMA";-3;11;"Prefeito";4577;0;0;0;0;4017;0;560;"N";0;0;0;3827;0;0;0;0;0;0;0;0;0;106;0;84;0;0;"15:16:04";"27/10/2005"
"12/02/2026";"18:27:56";1996;2;"Eleição Ordinária";1;1996001;"Eleições Municipais 1996";"03/10/1996";"M";"SP";"64939";"IBITINGA";"64939";"IBITINGA";-3;11;"Prefeito";28662;0;0;0;0;25151;0;3511;"N";0;0;0;23305;0;0;0;0;0;0;0;0;0;420;0;1426;0;0;"15:16:04";"27/10/2005"
"12/02/2026";"18:27:56";1996;2;"Eleição Ordinária";1;1996001;"Eleições Municipais 1996";"03/10/1996";"M";"SP";"64939";"IBITINGA";"64939";"IBITINGA";-3;13;"Vereador";28662;0;0;0;0;25151;0;3511;"N";0;0;0;21447;270;0;0;0;0;0;0;0;0;2346;0;1088;0;0;"15:16:04";"27/10/2005"
"12/02/2026";"18:27:56";1996;2;"Eleição Ordinária";1;1996001;"Eleições Municipais 1996";"03/10/1996";"M";"SP";"64955";"IBIUNA";"64955";"IBIUNA";-3;13;"Vereador";32566;0;0;0;0;27748;0;4818;"N";0;0;0;21918;282;0;0;0;0;0;0;0;0;3833;0;1715;0;0;"15:16:04";"27/10/2005"
"12/02/2026";"18:27:56";1996;2;"Eleição Ordinária";1;1996001;"Eleições Municipais 1996";"03/10/1996";"M";"SP";"64955";"IBIUNA";"64955";"IBIUNA";-3;11;"Prefeito";32566;0;0;0;0;27748;0;4818;"N";0;0;0;24955;0;0;0;0;0;0;0;0;0;644;0;2149;0;0;"15:16:04";"27/10/2005"
"12/02/2026";"18:27:56";1996;2;"Eleição Ordinária";1;1996001;"Eleições Municipais 1996";"03/10/1996";"M";"SP";"64971";"ICEM";"64971";"ICEM";-3;13;"Vereador";5474;0;0;0;0;4748;0;726;"N";0;0;0;4355;10;0;0;0;0;0;0;0;0;233;0;150;0;0;"15:16:04";"27/10/2005"
"12/02/2026";"18:27:56";1996;2;"Eleição Ordinária";1;1996001;"Eleições Municipais 1996";"03/10/1996";"M";"SP";"64971";"ICEM";"64971";"ICEM";-3;11;"Prefeito";5474;0;0;0;0;4748;0;726;"N";0;0;0;4596;0;0;0;0;0;0;0;0;0;40;0;112;0;0;"15:16:04";"27/10/2005"
"12/02/2026";"18:27:56";1996;2;"Eleição Ordinária";1;1996001;"Eleições Municipais 1996";"03/10/1996";"M";"SP";"64998";"IEPE";"64998";"IEPE";-3;11;"Prefeito";5726;0;0;0;0;4690;0;1036;"N";0;0;0;4551;0;0;0;0;0;0;0;0;0;33;0;106;0;0;"15:16:04";"27/10/2005"
"12/02/2026";"18:27:56";1996;2;"Eleição Ordinária";1;1996001;"Eleições Municipais 1996";"03/10/1996";"M";"SP";"64998";"IEPE";"64998";"IEPE";-3;13;"Vereador";5726;0;0;0;0;4690;0;1036;"N";0;0;0;4078;33;0;0;0;0;0;0;0;0;444;0;135;0;0;"15:16:04";"27/10/2005"
"12/02/2026";"18:27:56";1996;2;"Eleição Ordinária";1;1996001;"Eleições Municipais 1996";"03/10/1996";"M";"SP";"65013";"IGARACU DO TIETE";"65013";"IGARACU DO TIETE";-3;13;"Vereador";14145;0;0;0;0;12546;0;1599;"N";0;0;0;10332;20;0;0;0;0;0;0;0;0;1329;0;865;0;0;"15:16:04";"27/10/2005"
"12/02/2026";"18:27:56";1996;2;"Eleição Ordinária";1;1996001;"Eleições Municipais 1996";"03/10/1996";"M";"SP";"65013";"IGARACU DO TIETE";"65013";"IGARACU DO TIETE";-3;11;"Prefeito";14145;0;0;0;0;12546;0;1599;"N";0;0;0;11180;0;0;0;0;0;0;0;0;0;487;0;879;0;0;"15:16:04";"27/10/2005"
"12/02/2026";"18:27:56";1996;2;"Eleição Ordinária";1;1996001;"Eleições Municipais 1996";"03/10/1996";"M";"SP";"65030";"IGARAPAVA";"65030";"IGARAPAVA";-3;13;"Vereador";18237;0;0;0;0;15702;0;2535;"N";0;0;0;13765;17;0;0;0;0;0;0;0;0;1337;0;583;0;0;"15:16:04";"27/10/2005"
"12/02/2026";"18:27:56";1996;2;"Eleição Ordinária";1;1996001;"Eleições Municipais 1996";"03/10/1996";"M";"SP";"65030";"IGARAPAVA";"65030";"IGARAPAVA";-3;11;"Prefeito";18237;0;0;0;0;15702;0;2535;"N";0;0;0;14958;0;0;0;0;0;0;0;0;0;135;0;609;0;0;"15:16:04";"27/10/2005"
"12/02/2026";"18:27:56";1996;2;"Eleição Ordinária";1;1996001;"Eleições Municipais 1996";"03/10/1996";"M";"SP";"65056";"IGARATA";"65056";"IGARATA";-3;11;"Prefeito";6577;0;0;0;0;5222;0;1355;"N";0;0;0;4752;0;0;0;0;0;0;0;0;0;86;0;384;0;0;"15:16:04";"27/10/2005"
"12/02/2026";"18:27:56";1996;2;"Eleição Ordinária";1;1996001;"Eleições Municipais 1996";"03/10/1996";"M";"SP";"65056";"IGARATA";"65056";"IGARATA";-3;13;"Vereador";6577;0;0;0;0;5222;0;1355;"N";0;0;0;4023;85;0;0;0;0;0;0;0;0;756;0;358;0;0;"15:16:04";"27/10/2005"
"12/02/2026";"18:27:56";1996;2;"Eleição Ordinária";1;1996001;"Eleições Municipais 1996";"03/10/1996";"M";"SP";"65072";"IGUAPE";"65072";"IGUAPE";-3;13;"Vereador";18184;0;0;0;0;14720;0;3464;"N";0;0;0;12620;110;0;0;0;0;0;0;0;0;1549;0;441;0;0;"15:16:04";"27/10/2005"
"12/02/2026";"18:27:56";1996;2;"Eleição Ordinária";1;1996001;"Eleições Municipais 1996";"03/10/1996";"M";"SP";"65072";"IGUAPE";"65072";"IGUAPE";-3;11;"Prefeito";18184;0;0;0;0;14720;0;3464;"N";0;0;0;13890;0;0;0;0;0;0;0;0;0;173;0;657;0;0;"15:16:04";"27/10/2005"
"12/02/2026";"18:27:56";1996;2;"Eleição Ordinária";1;1996001;"Eleições Municipais 1996";"03/10/1996";"M";"SP";"65099";"ILHABELA";"65099";"ILHABELA";-3;13;"Vereador";9784;0;0;0;0;7878;0;1906;"N";0;0;0;6712;106;0;0;0;0;0;0;0;0;743;0;317;0;0;"15:16:04";"27/10/2005"
"12/02/2026";"18:27:56";1996;2;"Eleição Ordinária";1;1996001;"Eleições Municipais 1996";"03/10/1996";"M";"SP";"65099";"ILHABELA";"65099";"ILHABELA";-3;11;"Prefeito";9784;0;0;0;0;7878;0;1906;"N";0;0;0;7308;0;0;0;0;0;0;0;0;0;147;0;423;0;0;"15:16:04";"27/10/2005"
"12/02/2026";"18:27:56";1996;2;"Eleição Ordinária";1;1996001;"Eleições Municipais 1996";"03/10/1996";"M";"SP";"65110";"INDAIATUBA";"65110";"INDAIATUBA";-3;11;"Prefeito";75778;0;0;0;0;67255;0;8523;"N";0;0;0;60222;0;0;0;0;0;0;0;0;0;1387;0;5646;0;0;"15:16:04";"27/10/2005"
"12/02/2026";"18:27:56";1996;2;"Eleição Ordinária";1;1996001;"Eleições Municipais 1996";"03/10/1996";"M";"SP";"65110";"INDAIATUBA";"65110";"INDAIATUBA";-3;13;"Vereador";75778;0;0;0;0;67255;0;8523;"N";0;0;0;53105;1677;0;0;0;0;0;0;0;0;7182;0;4765;0;0;"15:16:04";"27/10/2005"
"12/02/2026";"18:27:56";1996;2;"Eleição Ordinária";1;1996001;"Eleições Municipais 1996";"03/10/1996";"M";"SP";"65137";"INDIANA";"65137";"INDIANA";-3;13;"Vereador";3931;0;0;0;0;3443;0;488;"N";0;0;0;3004;4;0;0;0;0;0;0;0;0;282;0;153;0;0;"15:16:04";"27/10/2005"
"12/02/2026";"18:27:56";1996;2;"Eleição Ordinária";1;1996001;"Eleições Municipais 1996";"03/10/1996";"M";"SP";"65137";"INDIANA";"65137";"INDIANA";-3;11;"Prefeito";3931;0;0;0;0;3443;0;488;"N";0;0;0;3258;0;0;0;0;0;0;0;0;0;58;0;127;0;0;"15:16:04";"27/10/2005"
"12/02/2026";"18:27:56";1996;2;"Eleição Ordinária";1;1996001;"Eleições Municipais 1996";"03/10/1996";"M";"SP";"65153";"INDIAPORA";"65153";"INDIAPORA";-3;13;"Vereador";3710;0;0;0;0;3207;0;503;"N";0;0;0;2895;4;0;0;0;0;0;0;0;0;186;0;122;0;0;"15:16:04";"27/10/2005"
"12/02/2026";"18:27:56";1996;2;"Eleição Ordinária";1;1996001;"Eleições Municipais 1996";"03/10/1996";"M";"SP";"65153";"INDIAPORA";"65153";"INDIAPORA";-3;11;"Prefeito";3710;0;0;0;0;3207;0;503;"N";0;0;0;3137;0;0;0;0;0;0;0;0;0;32;0;38;0;0;"15:16:04";"27/10/2005"
"12/02/2026";"18:27:56";1996;2;"Eleição Ordinária";1;1996001;"Eleições Municipais 1996";"03/10/1996";"M";"SP";"65170";"INUBIA PAULISTA";"65170";"INUBIA PAULISTA";-3;11;"Prefeito";2459;0;0;0;0;2197;0;262;"N";0;0;0;2148;0;0;0;0;0;0;0;0;0;19;0;30;0;0;"15:16:04";"27/10/2005"
"12/02/2026";"18:27:56";1996;2;"Eleição Ordinária";1;1996001;"Eleições Municipais 1996";"03/10/1996";"M";"SP";"65170";"INUBIA PAULISTA";"65170";"INUBIA PAULISTA";-3;13;"Vereador";2459;0;0;0;0;2197;0;262;"N";0;0;0;1954;0;0;0;0;0;0;0;0;0;173;0;70;0;0;"15:16:04";"27/10/2005"
"12/02/2026";"18:27:56";1996;2;"Eleição Ordinária";1;1996001;"Eleições Municipais 1996";"03/10/1996";"M";"SP";"65196";"IPAUCU";"65196";"IPAUCU";-3;13;"Vereador";8256;0;0;0;0;6871;0;1385;"N";0;0;0;5579;19;0;0;0;0;0;0;0;0;934;0;339;0;0;"15:16:04";"27/10/2005"
"12/02/2026";"18:27:56";1996;2;"Eleição Ordinária";1;1996001;"Eleições Municipais 1996";"03/10/1996";"M";"SP";"65196";"IPAUCU";"65196";"IPAUCU";-3;11;"Prefeito";8256;0;0;0;0;6871;0;1385;"N";0;0;0;6326;0;0;0;0;0;0;0;0;0;157;0;388;0;0;"15:16:04";"27/10/2005"
"12/02/2026";"18:27:56";1996;2;"Eleição Ordinária";1;1996001;"Eleições Municipais 1996";"03/10/1996";"M";"SP";"65218";"IPERO";"65218";"IPERO";-3;13;"Vereador";7927;0;0;0;0;6821;0;1106;"N";0;0;0;5683;52;0;0;0;0;0;0;0;0;743;0;343;0;0;"15:16:04";"27/10/2005"
"12/02/2026";"18:27:56";1996;2;"Eleição Ordinária";1;1996001;"Eleições Municipais 1996";"03/10/1996";"M";"SP";"65218";"IPERO";"65218";"IPERO";-3;11;"Prefeito";7927;0;0;0;0;6821;0;1106;"N";0;0;0;6161;0;0;0;0;0;0;0;0;0;147;0;513;0;0;"15:16:04";"27/10/2005"
"12/02/2026";"18:27:56";1996;2;"Eleição Ordinária";1;1996001;"Eleições Municipais 1996";"03/10/1996";"M";"SP";"65234";"IPEUNA";"65234";"IPEUNA";-3;11;"Prefeito";2436;0;0;0;0;2088;0;348;"N";0;0;0;1903;0;0;0;0;0;0;0;0;0;97;0;88;0;0;"15:16:04";"27/10/2005"
"12/02/2026";"18:27:56";1996;2;"Eleição Ordinária";1;1996001;"Eleições Municipais 1996";"03/10/1996";"M";"SP";"65234";"IPEUNA";"65234";"IPEUNA";-3;13;"Vereador";2436;0;0;0;0;2088;0;348;"N";0;0;0;1790;17;0;0;0;0;0;0;0;0;176;0;105;0;0;"15:16:04";"27/10/2005"
"12/02/2026";"18:27:56";1996;2;"Eleição Ordinária";1;1996001;"Eleições Municipais 1996";"03/10/1996";"M";"SP";"65250";"IPORANGA";"65250";"IPORANGA";-3;13;"Vereador";3051;0;0;0;0;2436;0;615;"N";0;0;0;2055;1;0;0;0;0;0;0;0;0;305;0;75;0;0;"15:16:04";"27/10/2005"
"12/02/2026";"18:27:56";1996;2;"Eleição Ordinária";1;1996001;"Eleições Municipais 1996";"03/10/1996";"M";"SP";"65250";"IPORANGA";"65250";"IPORANGA";-3;11;"Prefeito";3051;0;0;0;0;2436;0;615;"N";0;0;0;2334;0;0;0;0;0;0;0;0;0;74;0;28;0;0;"15:16:04";"27/10/2005"
"12/02/2026";"18:27:56";1996;2;"Eleição Ordinária";1;1996001;"Eleições Municipais 1996";"03/10/1996";"M";"SP";"65277";"IPUA";"65277";"IPUA";-3;11;"Prefeito";6966;0;0;0;0;6337;0;629;"N";0;0;0;6115;0;0;0;0;0;0;0;0;0;90;0;132;0;0;"15:16:04";"27/10/2005"
"12/02/2026";"18:27:56";1996;2;"Eleição Ordinária";1;1996001;"Eleições Municipais 1996";"03/10/1996";"M";"SP";"65293";"IRACEMAPOLIS";"65293";"IRACEMAPOLIS";-3;11;"Prefeito";9041;0;0;0;0;8366;0;675;"N";0;0;0;7951;0;0;0;0;0;0;0;0;0;133;0;282;0;0;"15:16:04";"27/10/2005"
"12/02/2026";"18:27:56";1996;2;"Eleição Ordinária";1;1996001;"Eleições Municipais 1996";"03/10/1996";"M";"SP";"65277";"IPUA";"65277";"IPUA";-3;13;"Vereador";6966;0;0;0;0;6337;0;629;"N";0;0;0;5632;55;0;0;0;0;0;0;0;0;476;0;174;0;0;"15:16:04";"27/10/2005"
"12/02/2026";"18:27:56";1996;2;"Eleição Ordinária";1;1996001;"Eleições Municipais 1996";"03/10/1996";"M";"SP";"65315";"IRAPUA";"65315";"IRAPUA";-3;11;"Prefeito";4915;0;0;0;0;4356;0;559;"N";0;0;0;4200;0;0;0;0;0;0;0;0;0;71;0;85;0;0;"15:16:04";"27/10/2005"
"12/02/2026";"18:27:56";1996;2;"Eleição Ordinária";1;1996001;"Eleições Municipais 1996";"03/10/1996";"M";"SP";"65293";"IRACEMAPOLIS";"65293";"IRACEMAPOLIS";-3;13;"Vereador";9041;0;0;0;0;8366;0;675;"N";0;0;0;7581;58;0;0;0;0;0;0;0;0;499;0;228;0;0;"15:16:04";"27/10/2005"
"12/02/2026";"18:27:56";1996;2;"Eleição Ordinária";1;1996001;"Eleições Municipais 1996";"03/10/1996";"M";"SP";"65315";"IRAPUA";"65315";"IRAPUA";-3;13;"Vereador";4915;0;0;0;0;4356;0;559;"N";0;0;0;3874;2;0;0;0;0;0;0;0;0;348;0;132;0;0;"15:16:04";"27/10/2005"
"12/02/2026";"18:27:56";1996;2;"Eleição Ordinária";1;1996001;"Eleições Municipais 1996";"03/10/1996";"M";"SP";"65331";"IRAPURU";"65331";"IRAPURU";-3;11;"Prefeito";6533;0;0;0;0;5059;0;1474;"N";0;0;0;4831;0;0;0;0;0;0;0;0;0;80;0;148;0;0;"15:16:04";"27/10/2005"
"12/02/2026";"18:27:56";1996;2;"Eleição Ordinária";1;1996001;"Eleições Municipais 1996";"03/10/1996";"M";"SP";"65358";"ITABERA";"65358";"ITABERA";-3;11;"Prefeito";11446;0;0;0;0;9817;0;1629;"N";0;0;0;9111;0;0;0;0;0;0;0;0;0;199;0;507;0;0;"15:16:04";"27/10/2005"
"12/02/2026";"18:27:56";1996;2;"Eleição Ordinária";1;1996001;"Eleições Municipais 1996";"03/10/1996";"M";"SP";"65331";"IRAPURU";"65331";"IRAPURU";-3;13;"Vereador";6533;0;0;0;0;5059;0;1474;"N";0;0;0;4329;7;0;0;0;0;0;0;0;0;525;0;198;0;0;"15:16:04";"27/10/2005"
"12/02/2026";"18:27:56";1996;2;"Eleição Ordinária";1;1996001;"Eleições Municipais 1996";"03/10/1996";"M";"SP";"65374";"ITAI";"65374";"ITAI";-3;11;"Prefeito";12472;0;0;0;0;10898;0;1574;"N";0;0;0;10475;0;0;0;0;0;0;0;0;0;152;0;271;0;0;"15:16:04";"27/10/2005"
"12/02/2026";"18:27:56";1996;2;"Eleição Ordinária";1;1996001;"Eleições Municipais 1996";"03/10/1996";"M";"SP";"65358";"ITABERA";"65358";"ITABERA";-3;13;"Vereador";11446;0;0;0;0;9817;0;1629;"N";0;0;0;8322;56;0;0;0;0;0;0;0;0;1107;0;332;0;0;"15:16:04";"27/10/2005"
"12/02/2026";"18:27:56";1996;2;"Eleição Ordinária";1;1996001;"Eleições Municipais 1996";"03/10/1996";"M";"SP";"65374";"ITAI";"65374";"ITAI";-3;13;"Vereador";12472;0;0;0;0;10898;0;1574;"N";0;0;0;9403;79;0;0;0;0;0;0;0;0;1051;0;365;0;0;"15:16:04";"27/10/2005"
"12/02/2026";"18:27:56";1996;2;"Eleição Ordinária";1;1996001;"Eleições Municipais 1996";"03/10/1996";"M";"SP";"65390";"ITAJOBI";"65390";"ITAJOBI";-3;11;"Prefeito";10845;0;0;0;0;9713;0;1132;"N";0;0;0;8892;0;0;0;0;0;0;0;0;0;273;0;548;0;0;"15:16:04";"27/10/2005"
"12/02/2026";"18:27:56";1996;2;"Eleição Ordinária";1;1996001;"Eleições Municipais 1996";"03/10/1996";"M";"SP";"65412";"ITAJU";"65412";"ITAJU";-3;11;"Prefeito";2414;0;0;0;0;2249;0;165;"N";0;0;0;2196;0;0;0;0;0;0;0;0;0;30;0;23;0;0;"15:16:04";"27/10/2005"
"12/02/2026";"18:27:56";1996;2;"Eleição Ordinária";1;1996001;"Eleições Municipais 1996";"03/10/1996";"M";"SP";"65390";"ITAJOBI";"65390";"ITAJOBI";-3;13;"Vereador";10845;0;0;0;0;9713;0;1132;"N";0;0;0;8296;17;0;0;0;0;0;0;0;0;903;0;497;0;0;"15:16:04";"27/10/2005"
"12/02/2026";"18:27:56";1996;2;"Eleição Ordinária";1;1996001;"Eleições Municipais 1996";"03/10/1996";"M";"SP";"65439";"ITANHAEM";"65439";"ITANHAEM";-3;11;"Prefeito";38945;0;0;0;0;31132;0;7813;"N";0;0;0;26898;0;0;0;0;0;0;0;0;0;908;0;2651;0;0;"15:16:04";"27/10/2005"
"12/02/2026";"18:27:56";1996;2;"Eleição Ordinária";1;1996001;"Eleições Municipais 1996";"03/10/1996";"M";"SP";"65412";"ITAJU";"65412";"ITAJU";-3;13;"Vereador";2414;0;0;0;0;2249;0;165;"N";0;0;0;2130;3;0;0;0;0;0;0;0;0;82;0;34;0;0;"15:16:04";"27/10/2005"
"12/02/2026";"18:27:56";1996;2;"Eleição Ordinária";1;1996001;"Eleições Municipais 1996";"03/10/1996";"M";"SP";"65439";"ITANHAEM";"65439";"ITANHAEM";-3;13;"Vereador";38945;0;0;0;0;31132;0;7813;"N";0;0;0;25167;351;0;0;0;0;0;0;0;0;3066;0;1687;0;0;"15:16:04";"27/10/2005"
"12/02/2026";"18:27:56";1996;2;"Eleição Ordinária";1;1996001;"Eleições Municipais 1996";"03/10/1996";"M";"SP";"65455";"ITAPECERICA DA SERRA";"65455";"ITAPECERICA DA SERRA";-3;11;"Prefeito";58240;0;0;0;0;50292;0;7948;"N";0;0;0;41494;0;0;0;0;0;0;0;0;0;2148;0;6650;0;0;"15:16:04";"27/10/2005"
"12/02/2026";"18:27:56";1996;2;"Eleição Ordinária";1;1996001;"Eleições Municipais 1996";"03/10/1996";"M";"SP";"65471";"ITAPETININGA";"65471";"ITAPETININGA";-3;11;"Prefeito";65255;0;0;0;0;56191;0;9064;"N";0;0;0;50715;0;0;0;0;0;0;0;0;0;1365;0;4111;0;0;"15:16:04";"27/10/2005"
"12/02/2026";"18:27:56";1996;2;"Eleição Ordinária";1;1996001;"Eleições Municipais 1996";"03/10/1996";"M";"SP";"65455";"ITAPECERICA DA SERRA";"65455";"ITAPECERICA DA SERRA";-3;13;"Vereador";58240;0;0;0;0;50292;0;7948;"N";0;0;0;36820;1374;0;0;0;0;0;0;0;0;7800;0;4298;0;0;"15:16:04";"27/10/2005"
"12/02/2026";"18:27:56";1996;2;"Eleição Ordinária";1;1996001;"Eleições Municipais 1996";"03/10/1996";"M";"SP";"65498";"ITAPEVA";"65498";"ITAPEVA";-3;11;"Prefeito";45726;0;0;0;0;39006;0;6720;"N";0;0;0;35509;0;0;0;0;0;0;0;0;0;759;0;2738;0;0;"15:16:04";"27/10/2005"
"12/02/2026";"18:27:56";1996;2;"Eleição Ordinária";1;1996001;"Eleições Municipais 1996";"03/10/1996";"M";"SP";"65471";"ITAPETININGA";"65471";"ITAPETININGA";-3;13;"Vereador";65255;0;0;0;0;56191;0;9064;"N";0;0;0;44459;510;0;0;0;0;0;0;0;0;7105;0;4117;0;0;"15:16:04";"27/10/2005"
"12/02/2026";"18:27:56";1996;2;"Eleição Ordinária";1;1996001;"Eleições Municipais 1996";"03/10/1996";"M";"SP";"65498";"ITAPEVA";"65498";"ITAPEVA";-3;13;"Vereador";45726;0;0;0;0;39006;0;6720;"N";0;0;0;32112;456;0;0;0;0;0;0;0;0;4665;0;1773;0;0;"15:16:04";"27/10/2005"
"12/02/2026";"18:27:56";1996;2;"Eleição Ordinária";1;1996001;"Eleições Municipais 1996";"03/10/1996";"M";"SP";"65510";"ITAPEVI";"65510";"ITAPEVI";-3;11;"Prefeito";71357;0;0;0;0;60018;0;11339;"N";0;0;0;51307;0;0;0;0;0;0;0;0;0;1669;0;7042;0;0;"15:16:04";"27/10/2005"
"12/02/2026";"18:27:56";1996;2;"Eleição Ordinária";1;1996001;"Eleições Municipais 1996";"03/10/1996";"M";"SP";"65536";"ITAPIRA";"65536";"ITAPIRA";-3;11;"Prefeito";38658;0;0;0;0;35013;0;3645;"N";0;0;0;31377;0;0;0;0;0;0;0;0;0;923;0;2713;0;0;"15:16:04";"27/10/2005"
"12/02/2026";"18:27:56";1996;2;"Eleição Ordinária";1;1996001;"Eleições Municipais 1996";"03/10/1996";"M";"SP";"65510";"ITAPEVI";"65510";"ITAPEVI";-3;13;"Vereador";71357;0;0;0;0;60018;0;11339;"N";0;0;0;40685;1771;0;0;0;0;0;0;0;0;9586;0;6497;0;0;"15:16:04";"27/10/2005"
"12/02/2026";"18:27:56";1996;2;"Eleição Ordinária";1;1996001;"Eleições Municipais 1996";"03/10/1996";"M";"SP";"65552";"ITAPOLIS";"65552";"ITAPOLIS";-3;11;"Prefeito";23445;0;0;0;0;20964;0;2481;"N";0;0;0;20083;0;0;0;0;0;0;0;0;0;222;0;659;0;0;"15:16:04";"27/10/2005"
"12/02/2026";"18:27:56";1996;2;"Eleição Ordinária";1;1996001;"Eleições Municipais 1996";"03/10/1996";"M";"SP";"65536";"ITAPIRA";"65536";"ITAPIRA";-3;13;"Vereador";38658;0;0;0;0;35013;0;3645;"N";0;0;0;28418;305;0;0;0;0;0;0;0;0;3912;0;2378;0;0;"15:16:04";"27/10/2005"
"12/02/2026";"18:27:56";1996;2;"Eleição Ordinária";1;1996001;"Eleições Municipais 1996";"03/10/1996";"M";"SP";"65552";"ITAPOLIS";"65552";"ITAPOLIS";-3;13;"Vereador";23445;0;0;0;0;20964;0;2481;"N";0;0;0;18358;133;0;0;0;0;0;0;0;0;1697;0;776;0;0;"15:16:04";"27/10/2005"
"12/02/2026";"18:27:56";1996;2;"Eleição Ordinária";1;1996001;"Eleições Municipais 1996";"03/10/1996";"M";"SP";"65579";"ITAPORANGA";"65579";"ITAPORANGA";-3;11;"Prefeito";10289;0;0;0;0;8478;0;1811;"N";0;0;0;8129;0;0;0;0;0;0;0;0;0;149;0;200;0;0;"15:16:04";"27/10/2005"
"12/02/2026";"18:27:56";1996;2;"Eleição Ordinária";1;1996001;"Eleições Municipais 1996";"03/10/1996";"M";"SP";"65595";"ITAPUI";"65595";"ITAPUI";-3;11;"Prefeito";5942;0;0;0;0;5224;0;718;"N";0;0;0;4886;0;0;0;0;0;0;0;0;0;87;0;251;0;0;"15:16:04";"27/10/2005"
"12/02/2026";"18:27:56";1996;2;"Eleição Ordinária";1;1996001;"Eleições Municipais 1996";"03/10/1996";"M";"SP";"65579";"ITAPORANGA";"65579";"ITAPORANGA";-3;13;"Vereador";10289;0;0;0;0;8478;0;1811;"N";0;0;0;7140;16;0;0;0;0;0;0;0;0;1037;0;285;0;0;"15:16:04";"27/10/2005"
"12/02/2026";"18:27:56";1996;2;"Eleição Ordinária";1;1996001;"Eleições Municipais 1996";"03/10/1996";"M";"SP";"65617";"ITAPURA";"65617";"ITAPURA";-3;11;"Prefeito";3056;0;0;0;0;2524;0;532;"N";0;0;0;2420;0;0;0;0;0;0;0;0;0;39;0;65;0;0;"15:16:04";"27/10/2005"
"12/02/2026";"18:27:56";1996;2;"Eleição Ordinária";1;1996001;"Eleições Municipais 1996";"03/10/1996";"M";"SP";"65595";"ITAPUI";"65595";"ITAPUI";-3;13;"Vereador";5942;0;0;0;0;5224;0;718;"N";0;0;0;4464;12;0;0;0;0;0;0;0;0;554;0;194;0;0;"15:16:04";"27/10/2005"
"12/02/2026";"18:27:56";1996;2;"Eleição Ordinária";1;1996001;"Eleições Municipais 1996";"03/10/1996";"M";"SP";"65617";"ITAPURA";"65617";"ITAPURA";-3;13;"Vereador";3056;0;0;0;0;2524;0;532;"N";0;0;0;2286;19;0;0;0;0;0;0;0;0;132;0;87;0;0;"15:16:04";"27/10/2005"
"12/02/2026";"18:27:56";1996;2;"Eleição Ordinária";1;1996001;"Eleições Municipais 1996";"03/10/1996";"M";"SP";"65633";"ITAQUAQUECETUBA";"65633";"ITAQUAQUECETUBA";-3;11;"Prefeito";94366;0;0;0;0;78099;0;16267;"N";0;0;0;62897;0;0;0;0;0;0;0;0;0;3575;0;11627;0;0;"15:16:04";"27/10/2005"
"12/02/2026";"18:27:56";1996;2;"Eleição Ordinária";1;1996001;"Eleições Municipais 1996";"03/10/1996";"M";"SP";"65650";"ITARARE";"65650";"ITARARE";-3;11;"Prefeito";26956;0;0;0;0;22425;0;4531;"N";0;0;0;21322;0;0;0;0;0;0;0;0;0;300;0;803;0;0;"15:16:04";"27/10/2005"
"12/02/2026";"18:27:56";1996;2;"Eleição Ordinária";1;1996001;"Eleições Municipais 1996";"03/10/1996";"M";"SP";"65633";"ITAQUAQUECETUBA";"65633";"ITAQUAQUECETUBA";-3;13;"Vereador";94366;0;0;0;0;78099;0;16267;"N";0;0;0;53026;2041;0;0;0;0;0;0;0;0;13207;0;7843;0;0;"15:16:04";"27/10/2005"
"12/02/2026";"18:27:56";1996;2;"Eleição Ordinária";1;1996001;"Eleições Municipais 1996";"03/10/1996";"M";"SP";"65676";"ITARIRI";"65676";"ITARIRI";-3;11;"Prefeito";7194;0;0;0;0;5422;0;1772;"N";0;0;0;4731;0;0;0;0;0;0;0;0;0;247;0;444;0;0;"15:16:04";"27/10/2005"
"12/02/2026";"18:27:56";1996;2;"Eleição Ordinária";1;1996001;"Eleições Municipais 1996";"03/10/1996";"M";"SP";"65650";"ITARARE";"65650";"ITARARE";-3;13;"Vereador";26956;0;0;0;0;22425;0;4531;"N";0;0;0;19205;121;0;0;0;0;0;0;0;0;2281;0;818;0;0;"15:16:04";"27/10/2005"
"12/02/2026";"18:27:56";1996;2;"Eleição Ordinária";1;1996001;"Eleições Municipais 1996";"03/10/1996";"M";"SP";"65676";"ITARIRI";"65676";"ITARIRI";-3;13;"Vereador";7194;0;0;0;0;5422;0;1772;"N";0;0;0;4099;50;0;0;0;0;0;0;0;0;920;0;353;0;0;"15:16:04";"27/10/2005"
"12/02/2026";"18:27:56";1996;2;"Eleição Ordinária";1;1996001;"Eleições Municipais 1996";"03/10/1996";"M";"SP";"65692";"ITATIBA";"65692";"ITATIBA";-3;11;"Prefeito";41783;0;0;0;0;37625;0;4158;"N";0;0;0;34049;0;0;0;0;0;0;0;0;0;735;0;2841;0;0;"15:16:04";"27/10/2005"
"12/02/2026";"18:27:56";1996;2;"Eleição Ordinária";1;1996001;"Eleições Municipais 1996";"03/10/1996";"M";"SP";"65714";"ITATINGA";"65714";"ITATINGA";-3;11;"Prefeito";9438;0;0;0;0;7871;0;1567;"N";0;0;0;7523;0;0;0;0;0;0;0;0;0;74;0;274;0;0;"15:16:04";"27/10/2005"
"12/02/2026";"18:27:56";1996;2;"Eleição Ordinária";1;1996001;"Eleições Municipais 1996";"03/10/1996";"M";"SP";"65692";"ITATIBA";"65692";"ITATIBA";-3;13;"Vereador";41783;0;0;0;0;37625;0;4158;"N";0;0;0;29553;950;0;0;0;0;0;0;0;0;4603;0;2519;0;0;"15:16:04";"27/10/2005"
"12/02/2026";"18:27:56";1996;2;"Eleição Ordinária";1;1996001;"Eleições Municipais 1996";"03/10/1996";"M";"SP";"65730";"ITIRAPINA";"65730";"ITIRAPINA";-3;11;"Prefeito";6401;0;0;0;0;5496;0;905;"N";0;0;0;5137;0;0;0;0;0;0;0;0;0;105;0;254;0;0;"15:16:04";"27/10/2005"
"12/02/2026";"18:27:56";1996;2;"Eleição Ordinária";1;1996001;"Eleições Municipais 1996";"03/10/1996";"M";"SP";"65714";"ITATINGA";"65714";"ITATINGA";-3;13;"Vereador";9438;0;0;0;0;7871;0;1567;"N";0;0;0;6514;42;0;0;0;0;0;0;0;0;1021;0;294;0;0;"15:16:04";"27/10/2005"
"12/02/2026";"18:27:56";1996;2;"Eleição Ordinária";1;1996001;"Eleições Municipais 1996";"03/10/1996";"M";"SP";"65730";"ITIRAPINA";"65730";"ITIRAPINA";-3;13;"Vereador";6401;0;0;0;0;5496;0;905;"N";0;0;0;4809;45;0;0;0;0;0;0;0;0;416;0;226;0;0;"15:16:04";"27/10/2005"
"12/02/2026";"18:27:56";1996;2;"Eleição Ordinária";1;1996001;"Eleições Municipais 1996";"03/10/1996";"M";"SP";"65757";"ITIRAPUA";"65757";"ITIRAPUA";-3;11;"Prefeito";3755;0;0;0;0;3295;0;460;"N";0;0;0;3095;0;0;0;0;0;0;0;0;0;51;0;149;0;0;"15:16:04";"27/10/2005"
"12/02/2026";"18:27:56";1996;2;"Eleição Ordinária";1;1996001;"Eleições Municipais 1996";"03/10/1996";"M";"SP";"65773";"ITOBI";"65773";"ITOBI";-3;11;"Prefeito";4663;0;0;0;0;4142;0;521;"N";0;0;0;3875;0;0;0;0;0;0;0;0;0;92;0;175;0;0;"15:16:04";"27/10/2005"
"12/02/2026";"18:27:56";1996;2;"Eleição Ordinária";1;1996001;"Eleições Municipais 1996";"03/10/1996";"M";"SP";"65757";"ITIRAPUA";"65757";"ITIRAPUA";-3;13;"Vereador";3755;0;0;0;0;3295;0;460;"N";0;0;0;2828;49;0;0;0;0;0;0;0;0;329;0;89;0;0;"15:16:04";"27/10/2005"
"12/02/2026";"18:27:56";1996;2;"Eleição Ordinária";1;1996001;"Eleições Municipais 1996";"03/10/1996";"M";"SP";"65790";"ITU";"65790";"ITU";-3;11;"Prefeito";70947;0;0;0;0;62640;0;8307;"N";0;0;0;54822;0;0;0;0;0;0;0;0;0;1899;0;5919;0;0;"15:16:04";"27/10/2005"
"12/02/2026";"18:27:56";1996;2;"Eleição Ordinária";1;1996001;"Eleições Municipais 1996";"03/10/1996";"M";"SP";"65773";"ITOBI";"65773";"ITOBI";-3;13;"Vereador";4663;0;0;0;0;4142;0;521;"N";0;0;0;3501;13;0;0;0;0;0;0;0;0;442;0;186;0;0;"15:16:04";"27/10/2005"
"12/02/2026";"18:27:56";1996;2;"Eleição Ordinária";1;1996001;"Eleições Municipais 1996";"03/10/1996";"M";"SP";"65790";"ITU";"65790";"ITU";-3;13;"Vereador";70947;0;0;0;0;62640;0;8307;"N";0;0;0;49353;1100;0;0;0;0;0;0;0;0;6946;0;5241;0;0;"15:16:04";"27/10/2005"
"12/02/2026";"18:27:56";1996;2;"Eleição Ordinária";1;1996001;"Eleições Municipais 1996";"03/10/1996";"M";"SP";"65811";"ITUPEVA";"65811";"ITUPEVA";-3;11;"Prefeito";14052;0;0;0;0;11934;0;2118;"N";0;0;0;10641;0;0;0;0;0;0;0;0;0;380;0;913;0;0;"15:16:04";"27/10/2005"
"12/02/2026";"18:27:56";1996;2;"Eleição Ordinária";1;1996001;"Eleições Municipais 1996";"03/10/1996";"M";"SP";"65838";"ITUVERAVA";"65838";"ITUVERAVA";-3;11;"Prefeito";22377;0;0;0;0;19816;0;2561;"N";0;0;0;18824;0;0;0;0;0;0;0;0;0;231;0;761;0;0;"15:16:04";"27/10/2005"
"12/02/2026";"18:27:56";1996;2;"Eleição Ordinária";1;1996001;"Eleições Municipais 1996";"03/10/1996";"M";"SP";"65811";"ITUPEVA";"65811";"ITUPEVA";-3;13;"Vereador";14052;0;0;0;0;11934;0;2118;"N";0;0;0;9343;151;0;0;0;0;0;0;0;0;1512;0;928;0;0;"15:16:04";"27/10/2005"
"12/02/2026";"18:27:56";1996;2;"Eleição Ordinária";1;1996001;"Eleições Municipais 1996";"03/10/1996";"M";"SP";"65854";"JABORANDI";"65854";"JABORANDI";-3;11;"Prefeito";4338;0;0;0;0;3914;0;424;"N";0;0;0;3795;0;0;0;0;0;0;0;0;0;38;0;81;0;0;"15:16:04";"27/10/2005"
"12/02/2026";"18:27:56";1996;2;"Eleição Ordinária";1;1996001;"Eleições Municipais 1996";"03/10/1996";"M";"SP";"65838";"ITUVERAVA";"65838";"ITUVERAVA";-3;13;"Vereador";22377;0;0;0;0;19816;0;2561;"N";0;0;0;17720;107;0;0;0;0;0;0;0;0;1433;0;556;0;0;"15:16:04";"27/10/2005"
"12/02/2026";"18:27:56";1996;2;"Eleição Ordinária";1;1996001;"Eleições Municipais 1996";"03/10/1996";"M";"SP";"65854";"JABORANDI";"65854";"JABORANDI";-3;13;"Vereador";4338;0;0;0;0;3914;0;424;"N";0;0;0;3617;26;0;0;0;0;0;0;0;0;192;0;79;0;0;"15:16:04";"27/10/2005"
"12/02/2026";"18:27:56";1996;2;"Eleição Ordinária";1;1996001;"Eleições Municipais 1996";"03/10/1996";"M";"SP";"65870";"JABOTICABAL";"65870";"JABOTICABAL";-3;11;"Prefeito";39721;0;0;0;0;34891;0;4830;"N";0;0;0;31198;0;0;0;0;0;0;0;0;0;1031;0;2662;0;0;"15:16:04";"27/10/2005"
"12/02/2026";"18:27:56";1996;2;"Eleição Ordinária";1;1996001;"Eleições Municipais 1996";"03/10/1996";"M";"SP";"65897";"JACAREI";"65897";"JACAREI";-3;11;"Prefeito";111076;0;0;0;0;98742;0;12334;"N";0;0;0;85187;0;0;0;0;0;0;0;0;0;2555;0;11000;0;0;"15:16:04";"27/10/2005"
"12/02/2026";"18:27:56";1996;2;"Eleição Ordinária";1;1996001;"Eleições Municipais 1996";"03/10/1996";"M";"SP";"65870";"JABOTICABAL";"65870";"JABOTICABAL";-3;13;"Vereador";39721;0;0;0;0;34891;0;4830;"N";0;0;0;29441;567;0;0;0;0;0;0;0;0;3018;0;1865;0;0;"15:16:04";"27/10/2005"
"12/02/2026";"18:27:56";1996;2;"Eleição Ordinária";1;1996001;"Eleições Municipais 1996";"03/10/1996";"M";"SP";"65919";"JACI";"65919";"JACI";-3;11;"Prefeito";2906;0;0;0;0;2619;0;287;"N";0;0;0;2456;0;0;0;0;0;0;0;0;0;64;0;99;0;0;"15:16:04";"27/10/2005"
"12/02/2026";"18:27:56";1996;2;"Eleição Ordinária";1;1996001;"Eleições Municipais 1996";"03/10/1996";"M";"SP";"65897";"JACAREI";"65897";"JACAREI";-3;13;"Vereador";111076;0;0;0;0;98742;0;12334;"N";0;0;0;74723;3336;0;0;0;0;0;0;0;0;12018;0;8665;0;0;"15:16:04";"27/10/2005"
"12/02/2026";"18:27:56";1996;2;"Eleição Ordinária";1;1996001;"Eleições Municipais 1996";"03/10/1996";"M";"SP";"65919";"JACI";"65919";"JACI";-3;13;"Vereador";2906;0;0;0;0;2619;0;287;"N";0;0;0;2378;2;0;0;0;0;0;0;0;0;146;0;93;0;0;"15:16:04";"27/10/2005"
"12/02/2026";"18:27:56";1996;2;"Eleição Ordinária";1;1996001;"Eleições Municipais 1996";"03/10/1996";"M";"SP";"65935";"JACUPIRANGA";"65935";"JACUPIRANGA";-3;11;"Prefeito";9835;0;0;0;0;7917;0;1918;"N";0;0;0;7231;0;0;0;0;0;0;0;0;0;203;0;483;0;0;"15:16:04";"27/10/2005"
"12/02/2026";"18:27:56";1996;2;"Eleição Ordinária";1;1996001;"Eleições Municipais 1996";"03/10/1996";"M";"SP";"65951";"JAGUARIUNA";"65951";"JAGUARIUNA";-3;11;"Prefeito";15655;0;0;0;0;13836;0;1819;"N";0;0;0;12426;0;0;0;0;0;0;0;0;0;440;0;970;0;0;"15:16:04";"27/10/2005"
"12/02/2026";"18:27:56";1996;2;"Eleição Ordinária";1;1996001;"Eleições Municipais 1996";"03/10/1996";"M";"SP";"65935";"JACUPIRANGA";"65935";"JACUPIRANGA";-3;13;"Vereador";9835;0;0;0;0;7917;0;1918;"N";0;0;0;6368;76;0;0;0;0;0;0;0;0;1010;0;463;0;0;"15:16:04";"27/10/2005"
"12/02/2026";"18:27:56";1996;2;"Eleição Ordinária";1;1996001;"Eleições Municipais 1996";"03/10/1996";"M";"SP";"65978";"JALES";"65978";"JALES";-3;11;"Prefeito";28425;0;0;0;0;23820;0;4605;"N";0;0;0;22338;0;0;0;0;0;0;0;0;0;541;0;941;0;0;"15:16:04";"27/10/2005"
"12/02/2026";"18:27:56";1996;2;"Eleição Ordinária";1;1996001;"Eleições Municipais 1996";"03/10/1996";"M";"SP";"65951";"JAGUARIUNA";"65951";"JAGUARIUNA";-3;13;"Vereador";15655;0;0;0;0;13836;0;1819;"N";0;0;0;11030;327;0;0;0;0;0;0;0;0;1549;0;930;0;0;"15:16:04";"27/10/2005"
"12/02/2026";"18:27:56";1996;2;"Eleição Ordinária";1;1996001;"Eleições Municipais 1996";"03/10/1996";"M";"SP";"65978";"JALES";"65978";"JALES";-3;13;"Vereador";28425;0;0;0;0;23820;0;4605;"N";0;0;0;20869;347;0;0;0;0;0;0;0;0;1412;0;1192;0;0;"15:16:04";"27/10/2005"
"12/02/2026";"18:27:56";1996;2;"Eleição Ordinária";1;1996001;"Eleições Municipais 1996";"03/10/1996";"M";"SP";"65994";"JAMBEIRO";"65994";"JAMBEIRO";-3;11;"Prefeito";2875;0;0;0;0;2494;0;381;"N";0;0;0;2313;0;0;0;0;0;0;0;0;0;102;0;79;0;0;"15:16:04";"27/10/2005"
"12/02/2026";"18:27:56";1996;2;"Eleição Ordinária";1;1996001;"Eleições Municipais 1996";"03/10/1996";"M";"SP";"66010";"JANDIRA";"66010";"JANDIRA";-3;11;"Prefeito";49199;0;0;0;0;42458;0;6741;"N";0;0;0;37410;0;0;0;0;0;0;0;0;0;923;0;4125;0;0;"15:16:04";"27/10/2005"
"12/02/2026";"18:27:56";1996;2;"Eleição Ordinária";1;1996001;"Eleições Municipais 1996";"03/10/1996";"M";"SP";"65994";"JAMBEIRO";"65994";"JAMBEIRO";-3;13;"Vereador";2875;0;0;0;0;2494;0;381;"N";0;0;0;2133;7;0;0;0;0;0;0;0;0;245;0;109;0;0;"15:16:04";"27/10/2005"
"12/02/2026";"18:27:56";1996;2;"Eleição Ordinária";1;1996001;"Eleições Municipais 1996";"03/10/1996";"M";"SP";"66036";"JARDINOPOLIS";"66036";"JARDINOPOLIS";-3;11;"Prefeito";17105;0;0;0;0;15285;0;1820;"N";0;0;0;14206;0;0;0;0;0;0;0;0;0;300;0;779;0;0;"15:16:04";"27/10/2005"
"12/02/2026";"18:27:56";1996;2;"Eleição Ordinária";1;1996001;"Eleições Municipais 1996";"03/10/1996";"M";"SP";"66010";"JANDIRA";"66010";"JANDIRA";-3;13;"Vereador";49199;0;0;0;0;42458;0;6741;"N";0;0;0;33024;885;0;0;0;0;0;0;0;0;5567;0;2982;0;0;"15:16:04";"27/10/2005"
"12/02/2026";"18:27:56";1996;2;"Eleição Ordinária";1;1996001;"Eleições Municipais 1996";"03/10/1996";"M";"SP";"66036";"JARDINOPOLIS";"66036";"JARDINOPOLIS";-3;13;"Vereador";17105;0;0;0;0;15285;0;1820;"N";0;0;0;13160;69;0;0;0;0;0;0;0;0;1349;0;707;0;0;"15:16:04";"27/10/2005"
"12/02/2026";"18:27:56";1996;2;"Eleição Ordinária";1;1996001;"Eleições Municipais 1996";"03/10/1996";"M";"SP";"66052";"JARINU";"66052";"JARINU";-3;11;"Prefeito";7966;0;0;0;0;6628;0;1338;"N";0;0;0;5866;0;0;0;0;0;0;0;0;0;299;0;463;0;0;"15:16:04";"27/10/2005"
"12/02/2026";"18:27:56";1996;2;"Eleição Ordinária";1;1996001;"Eleições Municipais 1996";"03/10/1996";"M";"SP";"66079";"JAU";"66079";"JAU";-3;11;"Prefeito";64894;0;0;0;0;58518;0;6376;"N";0;0;0;54765;0;0;0;0;0;0;0;0;0;709;0;3044;0;0;"15:16:04";"27/10/2005"
"12/02/2026";"18:27:56";1996;2;"Eleição Ordinária";1;1996001;"Eleições Municipais 1996";"03/10/1996";"M";"SP";"66052";"JARINU";"66052";"JARINU";-3;13;"Vereador";7966;0;0;0;0;6628;0;1338;"N";0;0;0;5345;65;0;0;0;0;0;0;0;0;825;0;393;0;0;"15:16:04";"27/10/2005"
"12/02/2026";"18:27:56";1996;2;"Eleição Ordinária";1;1996001;"Eleições Municipais 1996";"03/10/1996";"M";"SP";"66095";"JERIQUARA";"66095";"JERIQUARA";-3;11;"Prefeito";2907;0;0;0;0;2443;0;464;"N";0;0;0;2314;0;0;0;0;0;0;0;0;0;41;0;88;0;0;"15:16:04";"27/10/2005"
"12/02/2026";"18:27:56";1996;2;"Eleição Ordinária";1;1996001;"Eleições Municipais 1996";"03/10/1996";"M";"SP";"66079";"JAU";"66079";"JAU";-3;13;"Vereador";64894;0;0;0;0;58518;0;6376;"N";0;0;0;46849;940;0;0;0;0;0;0;0;0;7023;0;3706;0;0;"15:16:04";"27/10/2005"
"12/02/2026";"18:27:56";1996;2;"Eleição Ordinária";1;1996001;"Eleições Municipais 1996";"03/10/1996";"M";"SP";"66095";"JERIQUARA";"66095";"JERIQUARA";-3;13;"Vereador";2907;0;0;0;0;2443;0;464;"N";0;0;0;2071;10;0;0;0;0;0;0;0;0;241;0;121;0;0;"15:16:04";"27/10/2005"
"12/02/2026";"18:27:56";1996;2;"Eleição Ordinária";1;1996001;"Eleições Municipais 1996";"03/10/1996";"M";"SP";"66117";"JOANOPOLIS";"66117";"JOANOPOLIS";-3;11;"Prefeito";6831;0;0;0;0;5781;0;1050;"N";0;0;0;5497;0;0;0;0;0;0;0;0;0;117;0;167;0;0;"15:16:04";"27/10/2005"
"12/02/2026";"18:27:56";1996;2;"Eleição Ordinária";1;1996001;"Eleições Municipais 1996";"03/10/1996";"M";"SP";"66133";"JOAO RAMALHO";"66133";"JOAO RAMALHO";-3;11;"Prefeito";2587;0;0;0;0;2226;0;361;"N";0;0;0;2072;0;0;0;0;0;0;0;0;0;67;0;87;0;0;"15:16:04";"27/10/2005"
"12/02/2026";"18:27:56";1996;2;"Eleição Ordinária";1;1996001;"Eleições Municipais 1996";"03/10/1996";"M";"SP";"66117";"JOANOPOLIS";"66117";"JOANOPOLIS";-3;13;"Vereador";6831;0;0;0;0;5781;0;1050;"N";0;0;0;4880;75;0;0;0;0;0;0;0;0;659;0;167;0;0;"15:16:04";"27/10/2005"
"12/02/2026";"18:27:56";1996;2;"Eleição Ordinária";1;1996001;"Eleições Municipais 1996";"03/10/1996";"M";"SP";"66150";"JOSE BONIFACIO";"66150";"JOSE BONIFACIO";-3;11;"Prefeito";15782;0;0;0;0;14344;0;1438;"N";0;0;0;13674;0;0;0;0;0;0;0;0;0;132;0;538;0;0;"15:16:04";"27/10/2005"
"12/02/2026";"18:27:56";1996;2;"Eleição Ordinária";1;1996001;"Eleições Municipais 1996";"03/10/1996";"M";"SP";"66133";"JOAO RAMALHO";"66133";"JOAO RAMALHO";-3;13;"Vereador";2587;0;0;0;0;2226;0;361;"N";0;0;0;1904;4;0;0;0;0;0;0;0;0;204;0;114;0;0;"15:16:04";"27/10/2005"
"12/02/2026";"18:27:56";1996;2;"Eleição Ordinária";1;1996001;"Eleições Municipais 1996";"03/10/1996";"M";"SP";"66150";"JOSE BONIFACIO";"66150";"JOSE BONIFACIO";-3;13;"Vereador";15782;0;0;0;0;14344;0;1438;"N";0;0;0;12416;131;0;0;0;0;0;0;0;0;1289;0;508;0;0;"15:16:04";"27/10/2005"
"12/02/2026";"18:27:56";1996;2;"Eleição Ordinária";1;1996001;"Eleições Municipais 1996";"03/10/1996";"M";"SP";"66176";"JULIO MESQUITA";"66176";"JULIO MESQUITA";-3;11;"Prefeito";3746;0;0;0;0;3212;0;534;"N";0;0;0;3105;0;0;0;0;0;0;0;0;0;43;0;64;0;0;"15:16:04";"27/10/2005"
"12/02/2026";"18:27:56";1996;2;"Eleição Ordinária";1;1996001;"Eleições Municipais 1996";"03/10/1996";"M";"SP";"66192";"JUNDIAI";"66192";"JUNDIAI";-3;11;"Prefeito";198411;0;0;0;0;177580;0;20831;"N";0;0;0;151888;0;0;0;0;0;0;0;0;0;4340;0;21352;0;0;"15:16:04";"27/10/2005"
"12/02/2026";"18:27:56";1996;2;"Eleição Ordinária";1;1996001;"Eleições Municipais 1996";"03/10/1996";"M";"SP";"66176";"JULIO MESQUITA";"66176";"JULIO MESQUITA";-3;13;"Vereador";3746;0;0;0;0;3212;0;534;"N";0;0;0;2778;27;0;0;0;0;0;0;0;0;276;0;131;0;0;"15:16:04";"27/10/2005"
"12/02/2026";"18:27:56";1996;2;"Eleição Ordinária";1;1996001;"Eleições Municipais 1996";"03/10/1996";"M";"SP";"66214";"JUNQUEIROPOLIS";"66214";"JUNQUEIROPOLIS";-3;11;"Prefeito";12634;0;0;0;0;9606;0;3028;"N";0;0;0;8883;0;0;0;0;0;0;0;0;0;288;0;435;0;0;"15:16:04";"27/10/2005"
"12/02/2026";"18:27:56";1996;2;"Eleição Ordinária";1;1996001;"Eleições Municipais 1996";"03/10/1996";"M";"SP";"66192";"JUNDIAI";"66192";"JUNDIAI";-3;13;"Vereador";198411;0;0;0;0;177580;0;20831;"N";0;0;0;129824;20423;0;0;0;0;0;0;0;0;7146;0;19660;0;0;"15:16:04";"27/10/2005"
"12/02/2026";"18:27:56";1996;2;"Eleição Ordinária";1;1996001;"Eleições Municipais 1996";"03/10/1996";"M";"SP";"66214";"JUNQUEIROPOLIS";"66214";"JUNQUEIROPOLIS";-3;13;"Vereador";12634;0;0;0;0;9606;0;3028;"N";0;0;0;8100;28;0;0;0;0;0;0;0;0;1019;0;459;0;0;"15:16:04";"27/10/2005"
"12/02/2026";"18:27:56";1996;2;"Eleição Ordinária";1;1996001;"Eleições Municipais 1996";"03/10/1996";"M";"SP";"66230";"JUQUIA";"66230";"JUQUIA";-3;11;"Prefeito";13415;0;0;0;0;10105;0;3310;"N";0;0;0;9202;0;0;0;0;0;0;0;0;0;229;0;674;0;0;"15:16:04";"27/10/2005"
"12/02/2026";"18:27:56";1996;2;"Eleição Ordinária";1;1996001;"Eleições Municipais 1996";"03/10/1996";"M";"SP";"66257";"JUQUITIBA";"66257";"JUQUITIBA";-3;11;"Prefeito";15850;0;0;0;0;12799;0;3051;"N";0;0;0;11404;0;0;0;0;0;0;0;0;0;396;0;999;0;0;"15:16:04";"27/10/2005"
"12/02/2026";"18:27:56";1996;2;"Eleição Ordinária";1;1996001;"Eleições Municipais 1996";"03/10/1996";"M";"SP";"66230";"JUQUIA";"66230";"JUQUIA";-3;13;"Vereador";13415;0;0;0;0;10105;0;3310;"N";0;0;0;7910;113;0;0;0;0;0;0;0;0;1665;0;417;0;0;"15:16:04";"27/10/2005"
"12/02/2026";"18:27:56";1996;2;"Eleição Ordinária";1;1996001;"Eleições Municipais 1996";"03/10/1996";"M";"SP";"66273";"LAGOINHA";"66273";"LAGOINHA";-3;11;"Prefeito";5752;0;0;0;0;4694;0;1058;"N";0;0;0;4449;0;0;0;0;0;0;0;0;0;66;0;179;0;0;"15:16:04";"27/10/2005"
"12/02/2026";"18:27:56";1996;2;"Eleição Ordinária";1;1996001;"Eleições Municipais 1996";"03/10/1996";"M";"SP";"66257";"JUQUITIBA";"66257";"JUQUITIBA";-3;13;"Vereador";15850;0;0;0;0;12799;0;3051;"N";0;0;0;10028;206;0;0;0;0;0;0;0;0;1888;0;677;0;0;"15:16:04";"27/10/2005"
"12/02/2026";"18:27:56";1996;2;"Eleição Ordinária";1;1996001;"Eleições Municipais 1996";"03/10/1996";"M";"SP";"66273";"LAGOINHA";"66273";"LAGOINHA";-3;13;"Vereador";5752;0;0;0;0;4694;0;1058;"N";0;0;0;3967;47;0;0;0;0;0;0;0;0;521;0;159;0;0;"15:16:04";"27/10/2005"
"12/02/2026";"18:27:56";1996;2;"Eleição Ordinária";1;1996001;"Eleições Municipais 1996";"03/10/1996";"M";"SP";"66290";"LARANJAL PAULISTA";"66290";"LARANJAL PAULISTA";-3;13;"Vereador";13158;0;0;0;0;11623;0;1535;"N";0;0;0;9416;154;0;0;0;0;0;0;0;0;1387;0;666;0;0;"15:16:04";"27/10/2005"
"12/02/2026";"18:27:56";1996;2;"Eleição Ordinária";1;1996001;"Eleições Municipais 1996";"03/10/1996";"M";"SP";"66290";"LARANJAL PAULISTA";"66290";"LARANJAL PAULISTA";-3;11;"Prefeito";13158;0;0;0;0;11623;0;1535;"N";0;0;0;10719;0;0;0;0;0;0;0;0;0;209;0;695;0;0;"15:16:04";"27/10/2005"
"12/02/2026";"18:27:56";1996;2;"Eleição Ordinária";1;1996001;"Eleições Municipais 1996";"03/10/1996";"M";"SP";"66311";"LAVINIA";"66311";"LAVINIA";-3;11;"Prefeito";4120;0;0;0;0;3524;0;596;"N";0;0;0;3377;0;0;0;0;0;0;0;0;0;81;0;66;0;0;"15:16:04";"27/10/2005"
"12/02/2026";"18:27:56";1996;2;"Eleição Ordinária";1;1996001;"Eleições Municipais 1996";"03/10/1996";"M";"SP";"66311";"LAVINIA";"66311";"LAVINIA";-3;13;"Vereador";4120;0;0;0;0;3524;0;596;"N";0;0;0;3143;6;0;0;0;0;0;0;0;0;264;0;111;0;0;"15:16:04";"27/10/2005"
"12/02/2026";"18:27:56";1996;2;"Eleição Ordinária";1;1996001;"Eleições Municipais 1996";"03/10/1996";"M";"SP";"66338";"LAVRINHAS";"66338";"LAVRINHAS";-3;13;"Vereador";4075;0;0;0;0;3564;0;511;"N";0;0;0;2936;7;0;0;0;0;0;0;0;0;440;0;181;0;0;"15:16:04";"27/10/2005"
"12/02/2026";"18:27:56";1996;2;"Eleição Ordinária";1;1996001;"Eleições Municipais 1996";"03/10/1996";"M";"SP";"66338";"LAVRINHAS";"66338";"LAVRINHAS";-3;11;"Prefeito";4075;0;0;0;0;3564;0;511;"N";0;0;0;3258;0;0;0;0;0;0;0;0;0;89;0;217;0;0;"15:16:04";"27/10/2005"
"12/02/2026";"18:27:56";1996;2;"Eleição Ordinária";1;1996001;"Eleições Municipais 1996";"03/10/1996";"M";"SP";"66354";"LEME";"66354";"LEME";-3;13;"Vereador";45543;0;0;0;0;40340;0;5203;"N";0;0;0;31924;501;0;0;0;0;0;0;0;0;4952;0;2963;0;0;"15:16:04";"27/10/2005"
"12/02/2026";"18:27:56";1996;2;"Eleição Ordinária";1;1996001;"Eleições Municipais 1996";"03/10/1996";"M";"SP";"66354";"LEME";"66354";"LEME";-3;11;"Prefeito";45543;0;0;0;0;40340;0;5203;"N";0;0;0;35093;0;0;0;0;0;0;0;0;0;1437;0;3810;0;0;"15:16:04";"27/10/2005"
"12/02/2026";"18:27:56";1996;2;"Eleição Ordinária";1;1996001;"Eleições Municipais 1996";"03/10/1996";"M";"SP";"66370";"LENCOIS PAULISTA";"66370";"LENCOIS PAULISTA";-3;11;"Prefeito";30171;0;0;0;0;27172;0;2999;"N";0;0;0;24258;0;0;0;0;0;0;0;0;0;679;0;2235;0;0;"15:16:04";"27/10/2005"
"12/02/2026";"18:27:56";1996;2;"Eleição Ordinária";1;1996001;"Eleições Municipais 1996";"03/10/1996";"M";"SP";"66370";"LENCOIS PAULISTA";"66370";"LENCOIS PAULISTA";-3;13;"Vereador";30171;0;0;0;0;27172;0;2999;"N";0;0;0;22598;91;0;0;0;0;0;0;0;0;2696;0;1787;0;0;"15:16:04";"27/10/2005"
"12/02/2026";"18:27:56";1996;2;"Eleição Ordinária";1;1996001;"Eleições Municipais 1996";"03/10/1996";"M";"SP";"66397";"LIMEIRA";"66397";"LIMEIRA";-3;13;"Vereador";139724;0;0;0;0;126432;0;13292;"N";0;0;0;105837;2018;0;0;0;0;0;0;0;0;10875;0;7702;0;0;"15:16:04";"27/10/2005"
"12/02/2026";"18:27:56";1996;2;"Eleição Ordinária";1;1996001;"Eleições Municipais 1996";"03/10/1996";"M";"SP";"66397";"LIMEIRA";"66397";"LIMEIRA";-3;11;"Prefeito";139724;0;0;0;0;126432;0;13292;"N";0;0;0;117532;0;0;0;0;0;0;0;0;0;1594;0;7306;0;0;"15:16:04";"27/10/2005"
"12/02/2026";"18:27:56";1996;2;"Eleição Ordinária";1;1996001;"Eleições Municipais 1996";"03/10/1996";"M";"SP";"66419";"LINDOIA";"66419";"LINDOIA";-3;13;"Vereador";3716;0;0;0;0;3278;0;438;"N";0;0;0;2842;12;0;0;0;0;0;0;0;0;267;0;157;0;0;"15:16:04";"27/10/2005"
"12/02/2026";"18:27:56";1996;2;"Eleição Ordinária";1;1996001;"Eleições Municipais 1996";"03/10/1996";"M";"SP";"66419";"LINDOIA";"66419";"LINDOIA";-3;11;"Prefeito";3716;0;0;0;0;3278;0;438;"N";0;0;0;3141;0;0;0;0;0;0;0;0;0;41;0;96;0;0;"15:16:04";"27/10/2005"
"12/02/2026";"18:27:56";1996;2;"Eleição Ordinária";1;1996001;"Eleições Municipais 1996";"03/10/1996";"M";"SP";"66435";"LINS";"66435";"LINS";-3;11;"Prefeito";41060;0;0;0;0;34569;0;6491;"N";0;0;0;30758;0;0;0;0;0;0;0;0;0;876;0;2935;0;0;"15:16:04";"27/10/2005"
"12/02/2026";"18:27:56";1996;2;"Eleição Ordinária";1;1996001;"Eleições Municipais 1996";"03/10/1996";"M";"SP";"66435";"LINS";"66435";"LINS";-3;13;"Vereador";41060;0;0;0;0;34569;0;6491;"N";0;0;0;29149;399;0;0;0;0;0;0;0;0;3098;0;1923;0;0;"15:16:04";"27/10/2005"
"12/02/2026";"18:27:56";1996;2;"Eleição Ordinária";1;1996001;"Eleições Municipais 1996";"03/10/1996";"M";"SP";"66451";"LORENA";"66451";"LORENA";-3;13;"Vereador";50002;0;0;0;0;42994;0;7008;"N";0;0;0;35523;537;0;0;0;0;0;0;0;0;4109;0;2825;0;0;"15:16:04";"27/10/2005"
"12/02/2026";"18:27:56";1996;2;"Eleição Ordinária";1;1996001;"Eleições Municipais 1996";"03/10/1996";"M";"SP";"66451";"LORENA";"66451";"LORENA";-3;11;"Prefeito";50002;0;0;0;0;42994;0;7008;"N";0;0;0;38466;0;0;0;0;0;0;0;0;0;1346;0;3182;0;0;"15:16:04";"27/10/2005"
"12/02/2026";"18:27:56";1996;2;"Eleição Ordinária";1;1996001;"Eleições Municipais 1996";"03/10/1996";"M";"SP";"66478";"LOUVEIRA";"66478";"LOUVEIRA";-3;13;"Vereador";11976;0;0;0;0;10769;0;1207;"N";0;0;0;8804;122;0;0;0;0;0;0;0;0;1192;0;651;0;0;"15:16:04";"27/10/2005"
"12/02/2026";"18:27:56";1996;2;"Eleição Ordinária";1;1996001;"Eleições Municipais 1996";"03/10/1996";"M";"SP";"66478";"LOUVEIRA";"66478";"LOUVEIRA";-3;11;"Prefeito";11976;0;0;0;0;10769;0;1207;"N";0;0;0;9812;0;0;0;0;0;0;0;0;0;241;0;716;0;0;"15:16:04";"27/10/2005"
"12/02/2026";"18:27:56";1996;2;"Eleição Ordinária";1;1996001;"Eleições Municipais 1996";"03/10/1996";"M";"SP";"66494";"LUCELIA";"66494";"LUCELIA";-3;11;"Prefeito";13167;0;0;0;0;10536;0;2631;"N";0;0;0;9802;0;0;0;0;0;0;0;0;0;233;0;501;0;0;"15:16:04";"27/10/2005"
"12/02/2026";"18:27:56";1996;2;"Eleição Ordinária";1;1996001;"Eleições Municipais 1996";"03/10/1996";"M";"SP";"66494";"LUCELIA";"66494";"LUCELIA";-3;13;"Vereador";13167;0;0;0;0;10536;0;2631;"N";0;0;0;9201;17;0;0;0;0;0;0;0;0;870;0;448;0;0;"15:16:04";"27/10/2005"
"12/02/2026";"18:27:56";1996;2;"Eleição Ordinária";1;1996001;"Eleições Municipais 1996";"03/10/1996";"M";"SP";"66516";"LUCIANOPOLIS";"66516";"LUCIANOPOLIS";-3;13;"Vereador";1899;0;0;0;0;1645;0;254;"N";0;0;0;1480;0;0;0;0;0;0;0;0;0;105;0;60;0;0;"15:16:04";"27/10/2005"
"12/02/2026";"18:27:56";1996;2;"Eleição Ordinária";1;1996001;"Eleições Municipais 1996";"03/10/1996";"M";"SP";"66516";"LUCIANOPOLIS";"66516";"LUCIANOPOLIS";-3;11;"Prefeito";1899;0;0;0;0;1645;0;254;"N";0;0;0;1602;0;0;0;0;0;0;0;0;0;23;0;20;0;0;"15:16:04";"27/10/2005"
"12/02/2026";"18:27:56";1996;2;"Eleição Ordinária";1;1996001;"Eleições Municipais 1996";"03/10/1996";"M";"SP";"66532";"LUIS ANTONIO";"66532";"LUIS ANTONIO";-3;13;"Vereador";4179;0;0;0;0;3718;0;461;"N";0;0;0;3462;3;0;0;0;0;0;0;0;0;147;0;106;0;0;"15:16:04";"27/10/2005"
"12/02/2026";"18:27:56";1996;2;"Eleição Ordinária";1;1996001;"Eleições Municipais 1996";"03/10/1996";"M";"SP";"66532";"LUIS ANTONIO";"66532";"LUIS ANTONIO";-3;11;"Prefeito";4179;0;0;0;0;3718;0;461;"N";0;0;0;3594;0;0;0;0;0;0;0;0;0;45;0;79;0;0;"15:16:04";"27/10/2005"
"12/02/2026";"18:27:56";1996;2;"Eleição Ordinária";1;1996001;"Eleições Municipais 1996";"03/10/1996";"M";"SP";"66559";"LUISIANIA";"66559";"LUISIANIA";-3;11;"Prefeito";3283;0;0;0;0;2783;0;500;"N";0;0;0;2270;0;0;0;0;0;0;0;0;0;301;0;212;0;0;"15:16:04";"27/10/2005"
"12/02/2026";"18:27:56";1996;2;"Eleição Ordinária";1;1996001;"Eleições Municipais 1996";"03/10/1996";"M";"SP";"66559";"LUISIANIA";"66559";"LUISIANIA";-3;13;"Vereador";3283;0;0;0;0;2783;0;500;"N";0;0;0;2465;9;0;0;0;0;0;0;0;0;199;0;110;0;0;"15:16:04";"27/10/2005"
"12/02/2026";"18:27:56";1996;2;"Eleição Ordinária";1;1996001;"Eleições Municipais 1996";"03/10/1996";"M";"SP";"66575";"LUPERCIO";"66575";"LUPERCIO";-3;13;"Vereador";2880;0;0;0;0;2346;0;534;"N";0;0;0;1979;5;0;0;0;0;0;0;0;0;265;0;97;0;0;"15:16:04";"27/10/2005"
"12/02/2026";"18:27:56";1996;2;"Eleição Ordinária";1;1996001;"Eleições Municipais 1996";"03/10/1996";"M";"SP";"66575";"LUPERCIO";"66575";"LUPERCIO";-3;11;"Prefeito";2880;0;0;0;0;2346;0;534;"N";0;0;0;2137;0;0;0;0;0;0;0;0;0;91;0;118;0;0;"15:16:04";"27/10/2005"
"12/02/2026";"18:27:56";1996;2;"Eleição Ordinária";1;1996001;"Eleições Municipais 1996";"03/10/1996";"M";"SP";"66591";"LUTECIA";"66591";"LUTECIA";-3;13;"Vereador";2801;0;0;0;0;2342;0;459;"N";0;0;0;1998;8;0;0;0;0;0;0;0;0;238;0;98;0;0;"15:16:04";"27/10/2005"
"12/02/2026";"18:27:56";1996;2;"Eleição Ordinária";1;1996001;"Eleições Municipais 1996";"03/10/1996";"M";"SP";"66591";"LUTECIA";"66591";"LUTECIA";-3;11;"Prefeito";2801;0;0;0;0;2342;0;459;"N";0;0;0;2247;0;0;0;0;0;0;0;0;0;36;0;59;0;0;"15:16:04";"27/10/2005"
"12/02/2026";"18:27:56";1996;2;"Eleição Ordinária";1;1996001;"Eleições Municipais 1996";"03/10/1996";"M";"SP";"66613";"MACATUBA";"66613";"MACATUBA";-3;11;"Prefeito";10257;0;0;0;0;9171;0;1086;"N";0;0;0;8627;0;0;0;0;0;0;0;0;0;219;0;325;0;0;"15:16:04";"27/10/2005"
"12/02/2026";"18:27:56";1996;2;"Eleição Ordinária";1;1996001;"Eleições Municipais 1996";"03/10/1996";"M";"SP";"66613";"MACATUBA";"66613";"MACATUBA";-3;13;"Vereador";10257;0;0;0;0;9171;0;1086;"N";0;0;0;7962;82;0;0;0;0;0;0;0;0;876;0;251;0;0;"15:16:04";"27/10/2005"
"12/02/2026";"18:27:56";1996;2;"Eleição Ordinária";1;1996001;"Eleições Municipais 1996";"03/10/1996";"M";"SP";"66630";"MACAUBAL";"66630";"MACAUBAL";-3;13;"Vereador";5569;0;0;0;0;4869;0;700;"N";0;0;0;4275;8;0;0;0;0;0;0;0;0;444;0;142;0;0;"15:16:04";"27/10/2005"
"12/02/2026";"18:27:56";1996;2;"Eleição Ordinária";1;1996001;"Eleições Municipais 1996";"03/10/1996";"M";"SP";"66630";"MACAUBAL";"66630";"MACAUBAL";-3;11;"Prefeito";5569;0;0;0;0;4869;0;700;"N";0;0;0;4646;0;0;0;0;0;0;0;0;0;88;0;135;0;0;"15:16:04";"27/10/2005"
"12/02/2026";"18:27:56";1996;2;"Eleição Ordinária";1;1996001;"Eleições Municipais 1996";"03/10/1996";"M";"SP";"66656";"MACEDONIA";"66656";"MACEDONIA";-3;13;"Vereador";2701;0;0;0;0;2521;0;180;"N";0;0;0;2263;10;0;0;0;0;0;0;0;0;186;0;62;0;0;"15:16:04";"27/10/2005"
"12/02/2026";"18:27:56";1996;2;"Eleição Ordinária";1;1996001;"Eleições Municipais 1996";"03/10/1996";"M";"SP";"66656";"MACEDONIA";"66656";"MACEDONIA";-3;11;"Prefeito";2701;0;0;0;0;2521;0;180;"N";0;0;0;2452;0;0;0;0;0;0;0;0;0;37;0;32;0;0;"15:16:04";"27/10/2005"
"12/02/2026";"18:27:56";1996;2;"Eleição Ordinária";1;1996001;"Eleições Municipais 1996";"03/10/1996";"M";"SP";"66672";"MAGDA";"66672";"MAGDA";-3;11;"Prefeito";2925;0;0;0;0;2703;0;222;"N";0;0;0;2658;0;0;0;0;0;0;0;0;0;19;0;26;0;0;"15:16:04";"27/10/2005"
"12/02/2026";"18:27:56";1996;2;"Eleição Ordinária";1;1996001;"Eleições Municipais 1996";"03/10/1996";"M";"SP";"66672";"MAGDA";"66672";"MAGDA";-3;13;"Vereador";2925;0;0;0;0;2703;0;222;"N";0;0;0;2448;1;0;0;0;0;0;0;0;0;188;0;66;0;0;"15:16:04";"27/10/2005"
"12/02/2026";"18:27:56";1996;2;"Eleição Ordinária";1;1996001;"Eleições Municipais 1996";"03/10/1996";"M";"SP";"66699";"MAIRINQUE";"66699";"MAIRINQUE";-3;13;"Vereador";24151;0;0;0;0;20737;0;3414;"N";0;0;0;17104;224;0;0;0;0;0;0;0;0;2122;0;1287;0;0;"15:16:04";"27/10/2005"
"12/02/2026";"18:27:56";1996;2;"Eleição Ordinária";1;1996001;"Eleições Municipais 1996";"03/10/1996";"M";"SP";"66699";"MAIRINQUE";"66699";"MAIRINQUE";-3;11;"Prefeito";24151;0;0;0;0;20737;0;3414;"N";0;0;0;18607;0;0;0;0;0;0;0;0;0;564;0;1566;0;0;"15:16:04";"27/10/2005"
"12/02/2026";"18:27:56";1996;2;"Eleição Ordinária";1;1996001;"Eleições Municipais 1996";"03/10/1996";"M";"SP";"66710";"MAIRIPORA";"66710";"MAIRIPORA";-3;13;"Vereador";23687;0;0;0;0;22622;0;1065;"N";0;0;0;17640;326;0;0;0;0;0;0;0;0;2585;0;1630;0;0;"15:16:04";"27/10/2005"
"12/02/2026";"18:27:56";1996;2;"Eleição Ordinária";1;1996001;"Eleições Municipais 1996";"03/10/1996";"M";"SP";"66710";"MAIRIPORA";"66710";"MAIRIPORA";-3;11;"Prefeito";23687;0;0;0;0;22622;0;1065;"N";0;0;0;19420;0;0;0;0;0;0;0;0;0;763;0;2439;0;0;"15:16:04";"27/10/2005"
"12/02/2026";"18:27:56";1996;2;"Eleição Ordinária";1;1996001;"Eleições Municipais 1996";"03/10/1996";"M";"SP";"66737";"MANDURI";"66737";"MANDURI";-3;11;"Prefeito";5525;0;0;0;0;4751;0;774;"N";0;0;0;4499;0;0;0;0;0;0;0;0;0;66;0;186;0;0;"15:16:04";"27/10/2005"
"12/02/2026";"18:27:56";1996;2;"Eleição Ordinária";1;1996001;"Eleições Municipais 1996";"03/10/1996";"M";"SP";"66737";"MANDURI";"66737";"MANDURI";-3;13;"Vereador";5525;0;0;0;0;4751;0;774;"N";0;0;0;4097;46;0;0;0;0;0;0;0;0;393;0;215;0;0;"15:16:04";"27/10/2005"
"12/02/2026";"18:27:56";1996;2;"Eleição Ordinária";1;1996001;"Eleições Municipais 1996";"03/10/1996";"M";"SP";"66753";"MARABA PAULISTA";"66753";"MARABA PAULISTA";-3;13;"Vereador";2892;0;0;0;0;2578;0;314;"N";0;0;0;2311;11;0;0;0;0;0;0;0;0;177;0;79;0;0;"15:16:04";"27/10/2005"
"12/02/2026";"18:27:56";1996;2;"Eleição Ordinária";1;1996001;"Eleições Municipais 1996";"03/10/1996";"M";"SP";"66753";"MARABA PAULISTA";"66753";"MARABA PAULISTA";-3;11;"Prefeito";2892;0;0;0;0;2578;0;314;"N";0;0;0;2503;0;0;0;0;0;0;0;0;0;39;0;36;0;0;"15:16:04";"27/10/2005"
"12/02/2026";"18:27:56";1996;2;"Eleição Ordinária";1;1996001;"Eleições Municipais 1996";"03/10/1996";"M";"SP";"66770";"MARACAI";"66770";"MARACAI";-3;13;"Vereador";9560;0;0;0;0;8269;0;1291;"N";0;0;0;7460;22;0;0;0;0;0;0;0;0;541;0;246;0;0;"15:16:04";"27/10/2005"
"12/02/2026";"18:27:56";1996;2;"Eleição Ordinária";1;1996001;"Eleições Municipais 1996";"03/10/1996";"M";"SP";"66770";"MARACAI";"66770";"MARACAI";-3;11;"Prefeito";9560;0;0;0;0;8269;0;1291;"N";0;0;0;7878;0;0;0;0;0;0;0;0;0;120;0;271;0;0;"15:16:04";"27/10/2005"
"12/02/2026";"18:27:56";1996;2;"Eleição Ordinária";1;1996001;"Eleições Municipais 1996";"03/10/1996";"M";"SP";"66796";"MARIAPOLIS";"66796";"MARIAPOLIS";-3;11;"Prefeito";3656;0;0;0;0;3155;0;501;"N";0;0;0;3009;0;0;0;0;0;0;0;0;0;74;0;72;0;0;"15:16:04";"27/10/2005"
"12/02/2026";"18:27:56";1996;2;"Eleição Ordinária";1;1996001;"Eleições Municipais 1996";"03/10/1996";"M";"SP";"66796";"MARIAPOLIS";"66796";"MARIAPOLIS";-3;13;"Vereador";3656;0;0;0;0;3155;0;501;"N";0;0;0;2724;0;0;0;0;0;0;0;0;0;335;0;96;0;0;"15:16:04";"27/10/2005"
"12/02/2026";"18:27:56";1996;2;"Eleição Ordinária";1;1996001;"Eleições Municipais 1996";"03/10/1996";"M";"SP";"66818";"MARILIA";"66818";"MARILIA";-3;13;"Vereador";110510;0;0;0;0;94555;0;15955;"N";0;0;0;77927;582;0;0;0;0;0;0;0;0;9555;0;6491;0;0;"15:16:04";"27/10/2005"
"12/02/2026";"18:27:56";1996;2;"Eleição Ordinária";1;1996001;"Eleições Municipais 1996";"03/10/1996";"M";"SP";"66818";"MARILIA";"66818";"MARILIA";-3;11;"Prefeito";110510;0;0;0;0;94555;0;15955;"N";0;0;0;83425;0;0;0;0;0;0;0;0;0;2267;0;8863;0;0;"15:16:04";"27/10/2005"
"12/02/2026";"18:27:56";1996;2;"Eleição Ordinária";1;1996001;"Eleições Municipais 1996";"03/10/1996";"M";"SP";"66834";"MARINOPOLIS";"66834";"MARINOPOLIS";-3;13;"Vereador";2067;0;0;0;0;1823;0;244;"N";0;0;0;1659;9;0;0;0;0;0;0;0;0;119;0;36;0;0;"15:16:04";"27/10/2005"
"12/02/2026";"18:27:56";1996;2;"Eleição Ordinária";1;1996001;"Eleições Municipais 1996";"03/10/1996";"M";"SP";"66834";"MARINOPOLIS";"66834";"MARINOPOLIS";-3;11;"Prefeito";2067;0;0;0;0;1823;0;244;"N";0;0;0;1784;0;0;0;0;0;0;0;0;0;8;0;31;0;0;"15:16:04";"27/10/2005"
"12/02/2026";"18:27:56";1996;2;"Eleição Ordinária";1;1996001;"Eleições Municipais 1996";"03/10/1996";"M";"SP";"66850";"MARTINOPOLIS";"66850";"MARTINOPOLIS";-3;11;"Prefeito";14351;0;0;0;0;12223;0;2128;"N";0;0;0;11491;0;0;0;0;0;0;0;0;0;233;0;499;0;0;"15:16:04";"27/10/2005"
"12/02/2026";"18:27:56";1996;2;"Eleição Ordinária";1;1996001;"Eleições Municipais 1996";"03/10/1996";"M";"SP";"66850";"MARTINOPOLIS";"66850";"MARTINOPOLIS";-3;13;"Vereador";14351;0;0;0;0;12223;0;2128;"N";0;0;0;10861;43;0;0;0;0;0;0;0;0;916;0;403;0;0;"15:16:04";"27/10/2005"
"12/02/2026";"18:27:56";1996;2;"Eleição Ordinária";1;1996001;"Eleições Municipais 1996";"03/10/1996";"M";"SP";"66877";"MATAO";"66877";"MATAO";-3;13;"Vereador";43335;0;0;0;0;38570;0;4765;"N";0;0;0;32700;581;0;0;0;0;0;0;0;0;3415;0;1874;0;0;"15:16:04";"27/10/2005"
"12/02/2026";"18:27:56";1996;2;"Eleição Ordinária";1;1996001;"Eleições Municipais 1996";"03/10/1996";"M";"SP";"66877";"MATAO";"66877";"MATAO";-3;11;"Prefeito";43335;0;0;0;0;38570;0;4765;"N";0;0;0;35364;0;0;0;0;0;0;0;0;0;933;0;2273;0;0;"15:16:04";"27/10/2005"
"12/02/2026";"18:27:56";1996;2;"Eleição Ordinária";1;1996001;"Eleições Municipais 1996";"03/10/1996";"M";"SP";"66893";"MAUA";"66893";"MAUA";-3;13;"Vereador";196121;0;0;0;0;172994;0;23127;"N";0;0;0;126489;7997;0;0;0;0;0;0;0;0;24315;0;14193;0;0;"15:16:04";"27/10/2005"
"12/02/2026";"18:27:56";1996;2;"Eleição Ordinária";1;1996001;"Eleições Municipais 1996";"03/10/1996";"M";"SP";"66893";"MAUA";"66893";"MAUA";-3;11;"Prefeito";196121;0;0;0;0;172994;0;23127;"N";0;0;0;148811;0;0;0;0;0;0;0;0;0;4069;0;20114;0;0;"15:16:04";"27/10/2005"
"12/02/2026";"18:27:56";1996;2;"Eleição Ordinária";1;1996001;"Eleições Municipais 1996";"03/10/1996";"M";"SP";"66915";"MENDONCA";"66915";"MENDONCA";-3;11;"Prefeito";2959;0;0;0;0;2627;0;332;"N";0;0;0;2548;0;0;0;0;0;0;0;0;0;20;0;59;0;0;"15:16:04";"27/10/2005"
"12/02/2026";"18:27:56";1996;2;"Eleição Ordinária";1;1996001;"Eleições Municipais 1996";"03/10/1996";"M";"SP";"66931";"MERIDIANO";"66931";"MERIDIANO";-3;11;"Prefeito";3439;0;0;0;0;3063;0;376;"N";0;0;0;2961;0;0;0;0;0;0;0;0;0;38;0;64;0;0;"15:16:04";"27/10/2005"
"12/02/2026";"18:27:56";1996;2;"Eleição Ordinária";1;1996001;"Eleições Municipais 1996";"03/10/1996";"M";"SP";"66915";"MENDONCA";"66915";"MENDONCA";-3;13;"Vereador";2959;0;0;0;0;2627;0;332;"N";0;0;0;2376;13;0;0;0;0;0;0;0;0;163;0;75;0;0;"15:16:04";"27/10/2005"
"12/02/2026";"18:27:56";1996;2;"Eleição Ordinária";1;1996001;"Eleições Municipais 1996";"03/10/1996";"M";"SP";"66931";"MERIDIANO";"66931";"MERIDIANO";-3;13;"Vereador";3439;0;0;0;0;3063;0;376;"N";0;0;0;2740;2;0;0;0;0;0;0;0;0;219;0;102;0;0;"15:16:04";"27/10/2005"
"12/02/2026";"18:27:56";1996;2;"Eleição Ordinária";1;1996001;"Eleições Municipais 1996";"03/10/1996";"M";"SP";"66958";"MIGUELOPOLIS";"66958";"MIGUELOPOLIS";-3;11;"Prefeito";13091;0;0;0;0;11455;0;1636;"N";0;0;0;11139;0;0;0;0;0;0;0;0;0;124;0;192;0;0;"15:16:04";"27/10/2005"
"12/02/2026";"18:27:56";1996;2;"Eleição Ordinária";1;1996001;"Eleições Municipais 1996";"03/10/1996";"M";"SP";"66974";"MINEIROS DO TIETE";"66974";"MINEIROS DO TIETE";-3;11;"Prefeito";6816;0;0;0;0;6084;0;732;"N";0;0;0;5751;0;0;0;0;0;0;0;0;0;83;0;250;0;0;"15:16:04";"27/10/2005"
"12/02/2026";"18:27:56";1996;2;"Eleição Ordinária";1;1996001;"Eleições Municipais 1996";"03/10/1996";"M";"SP";"66958";"MIGUELOPOLIS";"66958";"MIGUELOPOLIS";-3;13;"Vereador";13091;0;0;0;0;11455;0;1636;"N";0;0;0;10509;2;0;0;0;0;0;0;0;0;653;0;291;0;0;"15:16:04";"27/10/2005"
"12/02/2026";"18:27:56";1996;2;"Eleição Ordinária";1;1996001;"Eleições Municipais 1996";"03/10/1996";"M";"SP";"66990";"MIRACATU";"66990";"MIRACATU";-3;11;"Prefeito";12119;0;0;0;0;9478;0;2641;"N";0;0;0;8776;0;0;0;0;0;0;0;0;0;239;0;463;0;0;"15:16:04";"27/10/2005"
"12/02/2026";"18:27:56";1996;2;"Eleição Ordinária";1;1996001;"Eleições Municipais 1996";"03/10/1996";"M";"SP";"66974";"MINEIROS DO TIETE";"66974";"MINEIROS DO TIETE";-3;13;"Vereador";6816;0;0;0;0;6084;0;732;"N";0;0;0;5233;13;0;0;0;0;0;0;0;0;593;0;245;0;0;"15:16:04";"27/10/2005"
"12/02/2026";"18:27:56";1996;2;"Eleição Ordinária";1;1996001;"Eleições Municipais 1996";"03/10/1996";"M";"SP";"66990";"MIRACATU";"66990";"MIRACATU";-3;13;"Vereador";12119;0;0;0;0;9478;0;2641;"N";0;0;0;7720;142;0;0;0;0;0;0;0;0;1274;0;342;0;0;"15:16:04";"27/10/2005"
"12/02/2026";"18:27:56";1996;2;"Eleição Ordinária";1;1996001;"Eleições Municipais 1996";"03/10/1996";"M";"SP";"67016";"MIRA ESTRELA";"67016";"MIRA ESTRELA";-3;11;"Prefeito";2580;0;0;0;0;2353;0;227;"N";0;0;0;2293;0;0;0;0;0;0;0;0;0;34;0;26;0;0;"15:16:04";"27/10/2005"
"12/02/2026";"18:27:56";1996;2;"Eleição Ordinária";1;1996001;"Eleições Municipais 1996";"03/10/1996";"M";"SP";"67032";"MIRANDOPOLIS";"67032";"MIRANDOPOLIS";-3;11;"Prefeito";16935;0;0;0;0;14392;0;2543;"N";0;0;0;13806;0;0;0;0;0;0;0;0;0;226;0;360;0;0;"15:16:04";"27/10/2005"
"12/02/2026";"18:27:56";1996;2;"Eleição Ordinária";1;1996001;"Eleições Municipais 1996";"03/10/1996";"M";"SP";"67016";"MIRA ESTRELA";"67016";"MIRA ESTRELA";-3;13;"Vereador";2580;0;0;0;0;2353;0;227;"N";0;0;0;2156;0;0;0;0;0;0;0;0;0;138;0;59;0;0;"15:16:04";"27/10/2005"
"12/02/2026";"18:27:56";1996;2;"Eleição Ordinária";1;1996001;"Eleições Municipais 1996";"03/10/1996";"M";"SP";"67059";"MIRANTE DO PARANAPANEMA";"67059";"MIRANTE DO PARANAPANEMA";-3;11;"Prefeito";11817;0;0;0;0;9807;0;2010;"N";0;0;0;9476;0;0;0;0;0;0;0;0;0;116;0;215;0;0;"15:16:04";"27/10/2005"
"12/02/2026";"18:27:56";1996;2;"Eleição Ordinária";1;1996001;"Eleições Municipais 1996";"03/10/1996";"M";"SP";"67032";"MIRANDOPOLIS";"67032";"MIRANDOPOLIS";-3;13;"Vereador";16935;0;0;0;0;14392;0;2543;"N";0;0;0;12687;79;0;0;0;0;0;0;0;0;1118;0;508;0;0;"15:16:04";"27/10/2005"
"12/02/2026";"18:27:56";1996;2;"Eleição Ordinária";1;1996001;"Eleições Municipais 1996";"03/10/1996";"M";"SP";"67059";"MIRANTE DO PARANAPANEMA";"67059";"MIRANTE DO PARANAPANEMA";-3;13;"Vereador";11817;0;0;0;0;9807;0;2010;"N";0;0;0;8779;17;0;0;0;0;0;0;0;0;675;0;336;0;0;"15:16:04";"27/10/2005"
"12/02/2026";"18:27:56";1996;2;"Eleição Ordinária";1;1996001;"Eleições Municipais 1996";"03/10/1996";"M";"SP";"67075";"MIRASSOL";"67075";"MIRASSOL";-3;11;"Prefeito";27611;0;0;0;0;24197;0;3414;"N";0;0;0;21708;0;0;0;0;0;0;0;0;0;619;0;1870;0;0;"15:16:04";"27/10/2005"
"12/02/2026";"18:27:56";1996;2;"Eleição Ordinária";1;1996001;"Eleições Municipais 1996";"03/10/1996";"M";"SP";"67091";"MIRASSOLANDIA";"67091";"MIRASSOLANDIA";-3;11;"Prefeito";2995;0;0;0;0;2726;0;269;"N";0;0;0;2646;0;0;0;0;0;0;0;0;0;52;0;28;0;0;"15:16:04";"27/10/2005"
"12/02/2026";"18:27:56";1996;2;"Eleição Ordinária";1;1996001;"Eleições Municipais 1996";"03/10/1996";"M";"SP";"67075";"MIRASSOL";"67075";"MIRASSOL";-3;13;"Vereador";27611;0;0;0;0;24197;0;3414;"N";0;0;0;20727;64;0;0;0;0;0;0;0;0;1900;0;1506;0;0;"15:16:04";"27/10/2005"
"12/02/2026";"18:27:56";1996;2;"Eleição Ordinária";1;1996001;"Eleições Municipais 1996";"03/10/1996";"M";"SP";"67113";"MOCOCA";"67113";"MOCOCA";-3;11;"Prefeito";37488;0;0;0;0;33159;0;4329;"N";0;0;0;29139;0;0;0;0;0;0;0;0;0;1103;0;2917;0;0;"15:16:04";"27/10/2005"
"12/02/2026";"18:27:56";1996;2;"Eleição Ordinária";1;1996001;"Eleições Municipais 1996";"03/10/1996";"M";"SP";"67091";"MIRASSOLANDIA";"67091";"MIRASSOLANDIA";-3;13;"Vereador";2995;0;0;0;0;2726;0;269;"N";0;0;0;2517;3;0;0;0;0;0;0;0;0;117;0;89;0;0;"15:16:04";"27/10/2005"
"12/02/2026";"18:27:56";1996;2;"Eleição Ordinária";1;1996001;"Eleições Municipais 1996";"03/10/1996";"M";"SP";"67113";"MOCOCA";"67113";"MOCOCA";-3;13;"Vereador";37488;0;0;0;0;33159;0;4329;"N";0;0;0;27507;458;0;0;0;0;0;0;0;0;3160;0;2034;0;0;"15:16:04";"27/10/2005"
"12/02/2026";"18:27:56";1996;2;"Eleição Ordinária";1;1996001;"Eleições Municipais 1996";"03/10/1996";"M";"SP";"67130";"MOJI DAS CRUZES";"67130";"MOJI DAS CRUZES";-3;11;"Prefeito";181213;0;0;0;0;158243;0;22970;"N";0;0;0;131742;0;0;0;0;0;0;0;0;0;6881;0;19620;0;0;"15:16:04";"27/10/2005"
"12/02/2026";"18:27:56";1996;2;"Eleição Ordinária";1;1996001;"Eleições Municipais 1996";"03/10/1996";"M";"SP";"67156";"MOJI GUACU";"67156";"MOJI GUACU";-3;11;"Prefeito";69966;0;0;0;0;63288;0;6678;"N";0;0;0;56192;0;0;0;0;0;0;0;0;0;1618;0;5478;0;0;"15:16:04";"27/10/2005"
"12/02/2026";"18:27:56";1996;2;"Eleição Ordinária";1;1996001;"Eleições Municipais 1996";"03/10/1996";"M";"SP";"67130";"MOJI DAS CRUZES";"67130";"MOJI DAS CRUZES";-3;13;"Vereador";181213;0;0;0;0;158243;0;22970;"N";0;0;0;125037;3282;0;0;0;0;0;0;0;0;15542;0;14382;0;0;"15:16:04";"27/10/2005"
"12/02/2026";"18:27:56";1996;2;"Eleição Ordinária";1;1996001;"Eleições Municipais 1996";"03/10/1996";"M";"SP";"67172";"MOJI MIRIM";"67172";"MOJI MIRIM";-3;11;"Prefeito";44161;0;0;0;0;39162;0;4999;"N";0;0;0;34213;0;0;0;0;0;0;0;0;0;1115;0;3834;0;0;"15:16:04";"27/10/2005"
"12/02/2026";"18:27:56";1996;2;"Eleição Ordinária";1;1996001;"Eleições Municipais 1996";"03/10/1996";"M";"SP";"67156";"MOJI GUACU";"67156";"MOJI GUACU";-3;13;"Vereador";69966;0;0;0;0;63288;0;6678;"N";0;0;0;50135;977;0;0;0;0;0;0;0;0;7637;0;4539;0;0;"15:16:04";"27/10/2005"
"12/02/2026";"18:27:56";1996;2;"Eleição Ordinária";1;1996001;"Eleições Municipais 1996";"03/10/1996";"M";"SP";"67172";"MOJI MIRIM";"67172";"MOJI MIRIM";-3;13;"Vereador";44161;0;0;0;0;39162;0;4999;"N";0;0;0;31613;1035;0;0;0;0;0;0;0;0;3651;0;2863;0;0;"15:16:04";"27/10/2005"
"12/02/2026";"18:27:56";1996;2;"Eleição Ordinária";1;1996001;"Eleições Municipais 1996";"03/10/1996";"M";"SP";"67199";"MOMBUCA";"67199";"MOMBUCA";-3;11;"Prefeito";2491;0;0;0;0;2174;0;317;"N";0;0;0;2017;0;0;0;0;0;0;0;0;0;87;0;70;0;0;"15:16:04";"27/10/2005"
"12/02/2026";"18:27:56";1996;2;"Eleição Ordinária";1;1996001;"Eleições Municipais 1996";"03/10/1996";"M";"SP";"67210";"MONCOES";"67210";"MONCOES";-3;11;"Prefeito";2067;0;0;0;0;1846;0;221;"N";0;0;0;1789;0;0;0;0;0;0;0;0;0;28;0;29;0;0;"15:16:04";"27/10/2005"
"12/02/2026";"18:27:56";1996;2;"Eleição Ordinária";1;1996001;"Eleições Municipais 1996";"03/10/1996";"M";"SP";"67199";"MOMBUCA";"67199";"MOMBUCA";-3;13;"Vereador";2491;0;0;0;0;2174;0;317;"N";0;0;0;1796;10;0;0;0;0;0;0;0;0;263;0;105;0;0;"15:16:04";"27/10/2005"
"12/02/2026";"18:27:56";1996;2;"Eleição Ordinária";1;1996001;"Eleições Municipais 1996";"03/10/1996";"M";"SP";"67237";"MONGAGUA";"67237";"MONGAGUA";-3;11;"Prefeito";19423;0;0;0;0;12631;0;6792;"N";0;0;0;11933;0;0;0;0;0;0;0;0;0;184;0;514;0;0;"15:16:04";"27/10/2005"
"12/02/2026";"18:27:56";1996;2;"Eleição Ordinária";1;1996001;"Eleições Municipais 1996";"03/10/1996";"M";"SP";"67210";"MONCOES";"67210";"MONCOES";-3;13;"Vereador";2067;0;0;0;0;1846;0;221;"N";0;0;0;1686;2;0;0;0;0;0;0;0;0;93;0;65;0;0;"15:16:04";"27/10/2005"
"12/02/2026";"18:27:56";1996;2;"Eleição Ordinária";1;1996001;"Eleições Municipais 1996";"03/10/1996";"M";"SP";"67237";"MONGAGUA";"67237";"MONGAGUA";-3;13;"Vereador";19423;0;0;0;0;12631;0;6792;"N";0;0;0;11319;139;0;0;0;0;0;0;0;0;748;0;425;0;0;"15:16:04";"27/10/2005"
"12/02/2026";"18:27:56";1996;2;"Eleição Ordinária";1;1996001;"Eleições Municipais 1996";"03/10/1996";"M";"SP";"67253";"MONTE ALEGRE DO SUL";"67253";"MONTE ALEGRE DO SUL";-3;11;"Prefeito";4706;0;0;0;0;4151;0;555;"N";0;0;0;3817;0;0;0;0;0;0;0;0;0;149;0;185;0;0;"15:16:04";"27/10/2005"
"12/02/2026";"18:27:56";1996;2;"Eleição Ordinária";1;1996001;"Eleições Municipais 1996";"03/10/1996";"M";"SP";"67270";"MONTE ALTO";"67270";"MONTE ALTO";-3;11;"Prefeito";27070;0;0;0;0;24133;0;2937;"N";0;0;0;21632;0;0;0;0;0;0;0;0;0;728;0;1773;0;0;"15:16:04";"27/10/2005"
"12/02/2026";"18:27:56";1996;2;"Eleição Ordinária";1;1996001;"Eleições Municipais 1996";"03/10/1996";"M";"SP";"67253";"MONTE ALEGRE DO SUL";"67253";"MONTE ALEGRE DO SUL";-3;13;"Vereador";4706;0;0;0;0;4151;0;555;"N";0;0;0;3506;47;0;0;0;0;0;0;0;0;375;0;223;0;0;"15:16:04";"27/10/2005"
"12/02/2026";"18:27:56";1996;2;"Eleição Ordinária";1;1996001;"Eleições Municipais 1996";"03/10/1996";"M";"SP";"67296";"MONTE APRAZIVEL";"67296";"MONTE APRAZIVEL";-3;11;"Prefeito";12694;0;0;0;0;11120;0;1574;"N";0;0;0;10450;0;0;0;0;0;0;0;0;0;249;0;421;0;0;"15:16:04";"27/10/2005"
"12/02/2026";"18:27:56";1996;2;"Eleição Ordinária";1;1996001;"Eleições Municipais 1996";"03/10/1996";"M";"SP";"67270";"MONTE ALTO";"67270";"MONTE ALTO";-3;13;"Vereador";27070;0;0;0;0;24133;0;2937;"N";0;0;0;19930;210;0;0;0;0;0;0;0;0;2594;0;1399;0;0;"15:16:04";"27/10/2005"
"12/02/2026";"18:27:56";1996;2;"Eleição Ordinária";1;1996001;"Eleições Municipais 1996";"03/10/1996";"M";"SP";"67296";"MONTE APRAZIVEL";"67296";"MONTE APRAZIVEL";-3;13;"Vereador";12694;0;0;0;0;11120;0;1574;"N";0;0;0;9980;15;0;0;0;0;0;0;0;0;710;0;415;0;0;"15:16:04";"27/10/2005"
"12/02/2026";"18:27:56";1996;2;"Eleição Ordinária";1;1996001;"Eleições Municipais 1996";"03/10/1996";"M";"SP";"67318";"MONTE AZUL PAULISTA";"67318";"MONTE AZUL PAULISTA";-3;11;"Prefeito";12627;0;0;0;0;11410;0;1217;"N";0;0;0;10838;0;0;0;0;0;0;0;0;0;226;0;346;0;0;"15:16:04";"27/10/2005"
"12/02/2026";"18:27:56";1996;2;"Eleição Ordinária";1;1996001;"Eleições Municipais 1996";"03/10/1996";"M";"SP";"67334";"MONTE CASTELO";"67334";"MONTE CASTELO";-3;11;"Prefeito";3935;0;0;0;0;3152;0;783;"N";0;0;0;3042;0;0;0;0;0;0;0;0;0;46;0;64;0;0;"15:16:04";"27/10/2005"
"12/02/2026";"18:27:56";1996;2;"Eleição Ordinária";1;1996001;"Eleições Municipais 1996";"03/10/1996";"M";"SP";"67318";"MONTE AZUL PAULISTA";"67318";"MONTE AZUL PAULISTA";-3;13;"Vereador";12627;0;0;0;0;11410;0;1217;"N";0;0;0;10050;27;0;0;0;0;0;0;0;0;877;0;456;0;0;"15:16:04";"27/10/2005"
"12/02/2026";"18:27:56";1996;2;"Eleição Ordinária";1;1996001;"Eleições Municipais 1996";"03/10/1996";"M";"SP";"67350";"MONTEIRO LOBATO";"67350";"MONTEIRO LOBATO";-3;11;"Prefeito";3729;0;0;0;0;3036;0;693;"N";0;0;0;2760;0;0;0;0;0;0;0;0;0;97;0;179;0;0;"15:16:04";"27/10/2005"
"12/02/2026";"18:27:56";1996;2;"Eleição Ordinária";1;1996001;"Eleições Municipais 1996";"03/10/1996";"M";"SP";"67334";"MONTE CASTELO";"67334";"MONTE CASTELO";-3;13;"Vereador";3935;0;0;0;0;3152;0;783;"N";0;0;0;2858;7;0;0;0;0;0;0;0;0;217;0;70;0;0;"15:16:04";"27/10/2005"
"12/02/2026";"18:27:56";1996;2;"Eleição Ordinária";1;1996001;"Eleições Municipais 1996";"03/10/1996";"M";"SP";"67350";"MONTEIRO LOBATO";"67350";"MONTEIRO LOBATO";-3;13;"Vereador";3729;0;0;0;0;3036;0;693;"N";0;0;0;2463;28;0;0;0;0;0;0;0;0;364;0;181;0;0;"15:16:04";"27/10/2005"
"12/02/2026";"18:27:56";1996;2;"Eleição Ordinária";1;1996001;"Eleições Municipais 1996";"03/10/1996";"M";"SP";"67377";"MONTE MOR";"67377";"MONTE MOR";-3;11;"Prefeito";19035;0;0;0;0;16260;0;2775;"N";0;0;0;14549;0;0;0;0;0;0;0;0;0;467;0;1244;0;0;"15:16:04";"27/10/2005"
"12/02/2026";"18:27:56";1996;2;"Eleição Ordinária";1;1996001;"Eleições Municipais 1996";"03/10/1996";"M";"SP";"67393";"MORRO AGUDO";"67393";"MORRO AGUDO";-3;11;"Prefeito";14058;0;0;0;0;12562;0;1496;"N";0;0;0;11895;0;0;0;0;0;0;0;0;0;239;0;428;0;0;"15:16:04";"27/10/2005"
"12/02/2026";"18:27:56";1996;2;"Eleição Ordinária";1;1996001;"Eleições Municipais 1996";"03/10/1996";"M";"SP";"67377";"MONTE MOR";"67377";"MONTE MOR";-3;13;"Vereador";19035;0;0;0;0;16260;0;2775;"N";0;0;0;12882;166;0;0;0;0;0;0;0;0;2213;0;999;0;0;"15:16:04";"27/10/2005"
"12/02/2026";"18:27:56";1996;2;"Eleição Ordinária";1;1996001;"Eleições Municipais 1996";"03/10/1996";"M";"SP";"67415";"MORUNGABA";"67415";"MORUNGABA";-3;11;"Prefeito";7827;0;0;0;0;6927;0;900;"N";0;0;0;6445;0;0;0;0;0;0;0;0;0;142;0;340;0;0;"15:16:04";"27/10/2005"
"12/02/2026";"18:27:56";1996;2;"Eleição Ordinária";1;1996001;"Eleições Municipais 1996";"03/10/1996";"M";"SP";"67393";"MORRO AGUDO";"67393";"MORRO AGUDO";-3;13;"Vereador";14058;0;0;0;0;12562;0;1496;"N";0;0;0;11212;81;0;0;0;0;0;0;0;0;818;0;451;0;0;"15:16:04";"27/10/2005"
"12/02/2026";"18:27:56";1996;2;"Eleição Ordinária";1;1996001;"Eleições Municipais 1996";"03/10/1996";"M";"SP";"67415";"MORUNGABA";"67415";"MORUNGABA";-3;13;"Vereador";7827;0;0;0;0;6927;0;900;"N";0;0;0;5713;66;0;0;0;0;0;0;0;0;810;0;338;0;0;"15:16:04";"27/10/2005"
"12/02/2026";"18:27:56";1996;2;"Eleição Ordinária";1;1996001;"Eleições Municipais 1996";"03/10/1996";"M";"SP";"67431";"MURUTINGA DO SUL";"67431";"MURUTINGA DO SUL";-3;11;"Prefeito";3091;0;0;0;0;2720;0;371;"N";0;0;0;2609;0;0;0;0;0;0;0;0;0;51;0;60;0;0;"15:16:04";"27/10/2005"
"12/02/2026";"18:27:56";1996;2;"Eleição Ordinária";1;1996001;"Eleições Municipais 1996";"03/10/1996";"M";"SP";"67458";"NARANDIBA";"67458";"NARANDIBA";-3;11;"Prefeito";3171;0;0;0;0;2796;0;375;"N";0;0;0;2702;0;0;0;0;0;0;0;0;0;40;0;54;0;0;"15:16:04";"27/10/2005"
"12/02/2026";"18:27:56";1996;2;"Eleição Ordinária";1;1996001;"Eleições Municipais 1996";"03/10/1996";"M";"SP";"67431";"MURUTINGA DO SUL";"67431";"MURUTINGA DO SUL";-3;13;"Vereador";3091;0;0;0;0;2720;0;371;"N";0;0;0;2408;3;0;0;0;0;0;0;0;0;224;0;85;0;0;"15:16:04";"27/10/2005"
"12/02/2026";"18:27:56";1996;2;"Eleição Ordinária";1;1996001;"Eleições Municipais 1996";"03/10/1996";"M";"SP";"67474";"NATIVIDADE DA SERRA";"67474";"NATIVIDADE DA SERRA";-3;11;"Prefeito";6424;0;0;0;0;5280;0;1144;"N";0;0;0;4867;0;0;0;0;0;0;0;0;0;212;0;201;0;0;"15:16:04";"27/10/2005"
"12/02/2026";"18:27:56";1996;2;"Eleição Ordinária";1;1996001;"Eleições Municipais 1996";"03/10/1996";"M";"SP";"67458";"NARANDIBA";"67458";"NARANDIBA";-3;13;"Vereador";3171;0;0;0;0;2796;0;375;"N";0;0;0;2508;13;0;0;0;0;0;0;0;0;161;0;114;0;0;"15:16:04";"27/10/2005"
"12/02/2026";"18:27:56";1996;2;"Eleição Ordinária";1;1996001;"Eleições Municipais 1996";"03/10/1996";"M";"SP";"67474";"NATIVIDADE DA SERRA";"67474";"NATIVIDADE DA SERRA";-3;13;"Vereador";6424;0;0;0;0;5280;0;1144;"N";0;0;0;4600;25;0;0;0;0;0;0;0;0;487;0;168;0;0;"15:16:04";"27/10/2005"
"12/02/2026";"18:27:56";1996;2;"Eleição Ordinária";1;1996001;"Eleições Municipais 1996";"03/10/1996";"M";"SP";"67490";"NAZARE PAULISTA";"67490";"NAZARE PAULISTA";-3;11;"Prefeito";8342;0;0;0;0;6937;0;1405;"N";0;0;0;6357;0;0;0;0;0;0;0;0;0;296;0;284;0;0;"15:16:04";"27/10/2005"
"12/02/2026";"18:27:56";1996;2;"Eleição Ordinária";1;1996001;"Eleições Municipais 1996";"03/10/1996";"M";"SP";"67512";"NEVES PAULISTA";"67512";"NEVES PAULISTA";-3;11;"Prefeito";6508;0;0;0;0;5727;0;781;"N";0;0;0;3933;0;0;0;0;0;0;0;0;0;1188;0;606;0;0;"15:16:04";"27/10/2005"
"12/02/2026";"18:27:56";1996;2;"Eleição Ordinária";1;1996001;"Eleições Municipais 1996";"03/10/1996";"M";"SP";"67490";"NAZARE PAULISTA";"67490";"NAZARE PAULISTA";-3;13;"Vereador";8342;0;0;0;0;6937;0;1405;"N";0;0;0;5300;86;0;0;0;0;0;0;0;0;1158;0;393;0;0;"15:16:04";"27/10/2005"
"12/02/2026";"18:27:56";1996;2;"Eleição Ordinária";1;1996001;"Eleições Municipais 1996";"03/10/1996";"M";"SP";"67539";"NHANDEARA";"67539";"NHANDEARA";-3;11;"Prefeito";8112;0;0;0;0;7070;0;1042;"N";0;0;0;6606;0;0;0;0;0;0;0;0;0;138;0;326;0;0;"15:16:04";"27/10/2005"
"12/02/2026";"18:27:56";1996;2;"Eleição Ordinária";1;1996001;"Eleições Municipais 1996";"03/10/1996";"M";"SP";"67512";"NEVES PAULISTA";"67512";"NEVES PAULISTA";-3;13;"Vereador";6508;0;0;0;0;5727;0;781;"N";0;0;0;4764;8;0;0;0;0;0;0;0;0;514;0;441;0;0;"15:16:04";"27/10/2005"
"12/02/2026";"18:27:56";1996;2;"Eleição Ordinária";1;1996001;"Eleições Municipais 1996";"03/10/1996";"M";"SP";"67539";"NHANDEARA";"67539";"NHANDEARA";-3;13;"Vereador";8112;0;0;0;0;7070;0;1042;"N";0;0;0;6439;2;0;0;0;0;0;0;0;0;409;0;220;0;0;"15:16:04";"27/10/2005"
"12/02/2026";"18:27:56";1996;2;"Eleição Ordinária";1;1996001;"Eleições Municipais 1996";"03/10/1996";"M";"SP";"67555";"NIPOA";"67555";"NIPOA";-3;11;"Prefeito";2959;0;0;0;0;2658;0;301;"N";0;0;0;2573;0;0;0;0;0;0;0;0;0;30;0;55;0;0;"15:16:04";"27/10/2005"
"12/02/2026";"18:27:56";1996;2;"Eleição Ordinária";1;1996001;"Eleições Municipais 1996";"03/10/1996";"M";"SP";"67571";"NOVA ALIANCA";"67571";"NOVA ALIANCA";-3;11;"Prefeito";3629;0;0;0;0;3282;0;347;"N";0;0;0;3111;0;0;0;0;0;0;0;0;0;56;0;115;0;0;"15:16:04";"27/10/2005"
"12/02/2026";"18:27:56";1996;2;"Eleição Ordinária";1;1996001;"Eleições Municipais 1996";"03/10/1996";"M";"SP";"67555";"NIPOA";"67555";"NIPOA";-3;13;"Vereador";2959;0;0;0;0;2658;0;301;"N";0;0;0;2348;2;0;0;0;0;0;0;0;0;217;0;91;0;0;"15:16:04";"27/10/2005"
"12/02/2026";"18:27:56";1996;2;"Eleição Ordinária";1;1996001;"Eleições Municipais 1996";"03/10/1996";"M";"SP";"67598";"NOVA EUROPA";"67598";"NOVA EUROPA";-3;11;"Prefeito";5053;0;0;0;0;4412;0;641;"N";0;0;0;4110;0;0;0;0;0;0;0;0;0;126;0;176;0;0;"15:16:04";"27/10/2005"
"12/02/2026";"18:27:56";1996;2;"Eleição Ordinária";1;1996001;"Eleições Municipais 1996";"03/10/1996";"M";"SP";"67571";"NOVA ALIANCA";"67571";"NOVA ALIANCA";-3;13;"Vereador";3629;0;0;0;0;3282;0;347;"N";0;0;0;2849;4;0;0;0;0;0;0;0;0;249;0;180;0;0;"15:16:04";"27/10/2005"
"12/02/2026";"18:27:56";1996;2;"Eleição Ordinária";1;1996001;"Eleições Municipais 1996";"03/10/1996";"M";"SP";"67598";"NOVA EUROPA";"67598";"NOVA EUROPA";-3;13;"Vereador";5053;0;0;0;0;4412;0;641;"N";0;0;0;3538;15;0;0;0;0;0;0;0;0;373;0;185;0;0;"15:16:04";"27/10/2005"
"12/02/2026";"18:27:56";1996;2;"Eleição Ordinária";1;1996001;"Eleições Municipais 1996";"03/10/1996";"M";"SP";"67610";"NOVA GRANADA";"67610";"NOVA GRANADA";-3;11;"Prefeito";11020;0;0;0;0;9747;0;1273;"N";0;0;0;9411;0;0;0;0;0;0;0;0;0;102;0;234;0;0;"15:16:04";"27/10/2005"
"12/02/2026";"18:27:56";1996;2;"Eleição Ordinária";1;1996001;"Eleições Municipais 1996";"03/10/1996";"M";"SP";"67636";"NOVA GUATAPORANGA";"67636";"NOVA GUATAPORANGA";-3;11;"Prefeito";2462;0;0;0;0;2028;0;434;"N";0;0;0;1968;0;0;0;0;0;0;0;0;0;22;0;38;0;0;"15:16:04";"27/10/2005"
"12/02/2026";"18:27:56";1996;2;"Eleição Ordinária";1;1996001;"Eleições Municipais 1996";"03/10/1996";"M";"SP";"67610";"NOVA GRANADA";"67610";"NOVA GRANADA";-3;13;"Vereador";11020;0;0;0;0;9747;0;1273;"N";0;0;0;8696;56;0;0;0;0;0;0;0;0;695;0;300;0;0;"15:16:04";"27/10/2005"
"12/02/2026";"18:27:56";1996;2;"Eleição Ordinária";1;1996001;"Eleições Municipais 1996";"03/10/1996";"M";"SP";"67652";"NOVA INDEPENDENCIA";"67652";"NOVA INDEPENDENCIA";-3;11;"Prefeito";2075;0;0;0;0;1863;0;212;"N";0;0;0;1781;0;0;0;0;0;0;0;0;0;55;0;27;0;0;"15:16:04";"27/10/2005"
"12/02/2026";"18:27:56";1996;2;"Eleição Ordinária";1;1996001;"Eleições Municipais 1996";"03/10/1996";"M";"SP";"67636";"NOVA GUATAPORANGA";"67636";"NOVA GUATAPORANGA";-3;13;"Vereador";2462;0;0;0;0;2028;0;434;"N";0;0;0;1828;3;0;0;0;0;0;0;0;0;126;0;71;0;0;"15:16:04";"27/10/2005"
"12/02/2026";"18:27:56";1996;2;"Eleição Ordinária";1;1996001;"Eleições Municipais 1996";"03/10/1996";"M";"SP";"67652";"NOVA INDEPENDENCIA";"67652";"NOVA INDEPENDENCIA";-3;13;"Vereador";2075;0;0;0;0;1863;0;212;"N";0;0;0;1642;0;0;0;0;0;0;0;0;0;131;0;90;0;0;"15:16:04";"27/10/2005"
"12/02/2026";"18:27:56";1996;2;"Eleição Ordinária";1;1996001;"Eleições Municipais 1996";"03/10/1996";"M";"SP";"67679";"NOVA LUZITANIA";"67679";"NOVA LUZITANIA";-3;11;"Prefeito";2612;0;0;0;0;2280;0;332;"N";0;0;0;2211;0;0;0;0;0;0;0;0;0;33;0;36;0;0;"15:16:04";"27/10/2005"
"12/02/2026";"18:27:56";1996;2;"Eleição Ordinária";1;1996001;"Eleições Municipais 1996";"03/10/1996";"M";"SP";"67695";"NOVA ODESSA";"67695";"NOVA ODESSA";-3;11;"Prefeito";24099;0;0;0;0;21499;0;2600;"N";0;0;0;18367;0;0;0;0;0;0;0;0;0;1781;0;1351;0;0;"15:16:04";"27/10/2005"
"12/02/2026";"18:27:56";1996;2;"Eleição Ordinária";1;1996001;"Eleições Municipais 1996";"03/10/1996";"M";"SP";"67679";"NOVA LUZITANIA";"67679";"NOVA LUZITANIA";-3;13;"Vereador";2612;0;0;0;0;2280;0;332;"N";0;0;0;2099;0;0;0;0;0;0;0;0;0;122;0;59;0;0;"15:16:04";"27/10/2005"
"12/02/2026";"18:27:56";1996;2;"Eleição Ordinária";1;1996001;"Eleições Municipais 1996";"03/10/1996";"M";"SP";"67717";"NOVO HORIZONTE";"67717";"NOVO HORIZONTE";-3;11;"Prefeito";20431;0;0;0;0;17662;0;2769;"N";0;0;0;16376;0;0;0;0;0;0;0;0;0;380;0;906;0;0;"15:16:04";"27/10/2005"
"12/02/2026";"18:27:56";1996;2;"Eleição Ordinária";1;1996001;"Eleições Municipais 1996";"03/10/1996";"M";"SP";"67695";"NOVA ODESSA";"67695";"NOVA ODESSA";-3;13;"Vereador";24099;0;0;0;0;21499;0;2600;"N";0;0;0;17306;1612;0;0;0;0;0;0;0;0;974;0;1607;0;0;"15:16:04";"27/10/2005"
"12/02/2026";"18:27:56";1996;2;"Eleição Ordinária";1;1996001;"Eleições Municipais 1996";"03/10/1996";"M";"SP";"67717";"NOVO HORIZONTE";"67717";"NOVO HORIZONTE";-3;13;"Vereador";20431;0;0;0;0;17662;0;2769;"N";0;0;0;14644;60;0;0;0;0;0;0;0;0;2142;0;816;0;0;"15:16:04";"27/10/2005"
"12/02/2026";"18:27:56";1996;2;"Eleição Ordinária";1;1996001;"Eleições Municipais 1996";"03/10/1996";"M";"SP";"67733";"NUPORANGA";"67733";"NUPORANGA";-3;11;"Prefeito";4193;0;0;0;0;3821;0;372;"N";0;0;0;3644;0;0;0;0;0;0;0;0;0;84;0;93;0;0;"15:16:04";"27/10/2005"
"12/02/2026";"18:27:56";1996;2;"Eleição Ordinária";1;1996001;"Eleições Municipais 1996";"03/10/1996";"M";"SP";"67750";"OCAUCU";"67750";"OCAUCU";-3;11;"Prefeito";3777;0;0;0;0;3040;0;737;"N";0;0;0;2827;0;0;0;0;0;0;0;0;0;89;0;124;0;0;"15:16:04";"27/10/2005"
"12/02/2026";"18:27:56";1996;2;"Eleição Ordinária";1;1996001;"Eleições Municipais 1996";"03/10/1996";"M";"SP";"67733";"NUPORANGA";"67733";"NUPORANGA";-3;13;"Vereador";4193;0;0;0;0;3821;0;372;"N";0;0;0;3416;8;0;0;0;0;0;0;0;0;270;0;127;0;0;"15:16:04";"27/10/2005"
"12/02/2026";"18:27:56";1996;2;"Eleição Ordinária";1;1996001;"Eleições Municipais 1996";"03/10/1996";"M";"SP";"67776";"OLEO";"67776";"OLEO";-3;11;"Prefeito";2896;0;0;0;0;2545;0;351;"N";0;0;0;2456;0;0;0;0;0;0;0;0;0;44;0;45;0;0;"15:16:04";"27/10/2005"
"12/02/2026";"18:27:56";1996;2;"Eleição Ordinária";1;1996001;"Eleições Municipais 1996";"03/10/1996";"M";"SP";"67750";"OCAUCU";"67750";"OCAUCU";-3;13;"Vereador";3777;0;0;0;0;3040;0;737;"N";0;0;0;2613;6;0;0;0;0;0;0;0;0;322;0;99;0;0;"15:16:04";"27/10/2005"
"12/02/2026";"18:27:56";1996;2;"Eleição Ordinária";1;1996001;"Eleições Municipais 1996";"03/10/1996";"M";"SP";"67776";"OLEO";"67776";"OLEO";-3;13;"Vereador";2896;0;0;0;0;2545;0;351;"N";0;0;0;2293;9;0;0;0;0;0;0;0;0;165;0;78;0;0;"15:16:04";"27/10/2005"
"12/02/2026";"18:27:56";1996;2;"Eleição Ordinária";1;1996001;"Eleições Municipais 1996";"03/10/1996";"M";"SP";"67792";"OLIMPIA";"67792";"OLIMPIA";-3;11;"Prefeito";29832;0;0;0;0;25931;0;3901;"N";0;0;0;22136;0;0;0;0;0;0;0;0;0;1140;0;2655;0;0;"15:16:04";"27/10/2005"
"12/02/2026";"18:27:56";1996;2;"Eleição Ordinária";1;1996001;"Eleições Municipais 1996";"03/10/1996";"M";"SP";"67814";"ONDA VERDE";"67814";"ONDA VERDE";-3;11;"Prefeito";2524;0;0;0;0;2200;0;324;"N";0;0;0;2141;0;0;0;0;0;0;0;0;0;18;0;41;0;0;"15:16:04";"27/10/2005"
"12/02/2026";"18:27:56";1996;2;"Eleição Ordinária";1;1996001;"Eleições Municipais 1996";"03/10/1996";"M";"SP";"67792";"OLIMPIA";"67792";"OLIMPIA";-3;13;"Vereador";29832;0;0;0;0;25931;0;3901;"N";0;0;0;21941;165;0;0;0;0;0;0;0;0;2182;0;1643;0;0;"15:16:04";"27/10/2005"
"12/02/2026";"18:27:56";1996;2;"Eleição Ordinária";1;1996001;"Eleições Municipais 1996";"03/10/1996";"M";"SP";"67830";"ORIENTE";"67830";"ORIENTE";-3;11;"Prefeito";5332;0;0;0;0;4305;0;1027;"N";0;0;0;3978;0;0;0;0;0;0;0;0;0;104;0;223;0;0;"15:16:04";"27/10/2005"
"12/02/2026";"18:27:56";1996;2;"Eleição Ordinária";1;1996001;"Eleições Municipais 1996";"03/10/1996";"M";"SP";"67814";"ONDA VERDE";"67814";"ONDA VERDE";-3;13;"Vereador";2524;0;0;0;0;2200;0;324;"N";0;0;0;2050;0;0;0;0;0;0;0;0;0;111;0;39;0;0;"15:16:04";"27/10/2005"
"12/02/2026";"18:27:56";1996;2;"Eleição Ordinária";1;1996001;"Eleições Municipais 1996";"03/10/1996";"M";"SP";"67830";"ORIENTE";"67830";"ORIENTE";-3;13;"Vereador";5332;0;0;0;0;4305;0;1027;"N";0;0;0;3670;8;0;0;0;0;0;0;0;0;404;0;223;0;0;"15:16:04";"27/10/2005"
"12/02/2026";"18:27:56";1996;2;"Eleição Ordinária";1;1996001;"Eleições Municipais 1996";"03/10/1996";"M";"SP";"67857";"ORINDIUVA";"67857";"ORINDIUVA";-3;11;"Prefeito";2981;0;0;0;0;2611;0;370;"N";0;0;0;2499;0;0;0;0;0;0;0;0;0;29;0;83;0;0;"15:16:04";"27/10/2005"
"12/02/2026";"18:27:56";1996;2;"Eleição Ordinária";1;1996001;"Eleições Municipais 1996";"03/10/1996";"M";"SP";"67873";"ORLANDIA";"67873";"ORLANDIA";-3;11;"Prefeito";21206;0;0;0;0;18951;0;2255;"N";0;0;0;11605;0;0;0;0;0;0;0;0;0;3657;0;3689;0;0;"15:16:04";"27/10/2005"
"12/02/2026";"18:27:56";1996;2;"Eleição Ordinária";1;1996001;"Eleições Municipais 1996";"03/10/1996";"M";"SP";"67857";"ORINDIUVA";"67857";"ORINDIUVA";-3;13;"Vereador";2981;0;0;0;0;2611;0;370;"N";0;0;0;2279;1;0;0;0;0;0;0;0;0;208;0;123;0;0;"15:16:04";"27/10/2005"
"12/02/2026";"18:27:56";1996;2;"Eleição Ordinária";1;1996001;"Eleições Municipais 1996";"03/10/1996";"M";"SP";"67890";"OSASCO";"67890";"OSASCO";-3;11;"Prefeito";403789;0;0;0;0;347925;0;55864;"N";0;0;0;302761;0;0;0;0;0;0;0;0;0;8564;0;36600;0;0;"15:16:04";"27/10/2005"
"12/02/2026";"18:27:56";1996;2;"Eleição Ordinária";1;1996001;"Eleições Municipais 1996";"03/10/1996";"M";"SP";"67873";"ORLANDIA";"67873";"ORLANDIA";-3;13;"Vereador";21206;0;0;0;0;18951;0;2255;"N";0;0;0;13580;67;0;0;0;0;0;0;0;0;1045;0;4259;0;0;"15:16:04";"27/10/2005"
"12/02/2026";"18:27:56";1996;2;"Eleição Ordinária";1;1996001;"Eleições Municipais 1996";"03/10/1996";"M";"SP";"67890";"OSASCO";"67890";"OSASCO";-3;13;"Vereador";403789;0;0;0;0;347925;0;55864;"N";0;0;0;224187;54319;0;0;0;0;0;0;0;0;15509;0;28818;0;0;"15:16:04";"27/10/2005"
"12/02/2026";"18:27:56";1996;2;"Eleição Ordinária";1;1996001;"Eleições Municipais 1996";"03/10/1996";"M";"SP";"67911";"OSCAR BRESSANE";"67911";"OSCAR BRESSANE";-3;11;"Prefeito";2532;0;0;0;0;2151;0;381;"N";0;0;0;2074;0;0;0;0;0;0;0;0;0;43;0;34;0;0;"15:16:04";"27/10/2005"
"12/02/2026";"18:27:56";1996;2;"Eleição Ordinária";1;1996001;"Eleições Municipais 1996";"03/10/1996";"M";"SP";"67938";"OSVALDO CRUZ";"67938";"OSVALDO CRUZ";-3;11;"Prefeito";20501;0;0;0;0;17018;0;3483;"N";0;0;0;16124;0;0;0;0;0;0;0;0;0;281;0;613;0;0;"15:16:04";"27/10/2005"
"12/02/2026";"18:27:56";1996;2;"Eleição Ordinária";1;1996001;"Eleições Municipais 1996";"03/10/1996";"M";"SP";"67911";"OSCAR BRESSANE";"67911";"OSCAR BRESSANE";-3;13;"Vereador";2532;0;0;0;0;2151;0;381;"N";0;0;0;1944;2;0;0;0;0;0;0;0;0;150;0;55;0;0;"15:16:04";"27/10/2005"
"12/02/2026";"18:27:56";1996;2;"Eleição Ordinária";1;1996001;"Eleições Municipais 1996";"03/10/1996";"M";"SP";"67954";"OURINHOS";"67954";"OURINHOS";-3;11;"Prefeito";50507;0;0;0;0;43158;0;7349;"N";0;0;0;39453;0;0;0;0;0;0;0;0;0;911;0;2794;0;0;"15:16:04";"27/10/2005"
"12/02/2026";"18:27:56";1996;2;"Eleição Ordinária";1;1996001;"Eleições Municipais 1996";"03/10/1996";"M";"SP";"67938";"OSVALDO CRUZ";"67938";"OSVALDO CRUZ";-3;13;"Vereador";20501;0;0;0;0;17018;0;3483;"N";0;0;0;15101;53;0;0;0;0;0;0;0;0;1304;0;560;0;0;"15:16:04";"27/10/2005"
"12/02/2026";"18:27:56";1996;2;"Eleição Ordinária";1;1996001;"Eleições Municipais 1996";"03/10/1996";"M";"SP";"67954";"OURINHOS";"67954";"OURINHOS";-3;13;"Vereador";50507;0;0;0;0;43158;0;7349;"N";0;0;0;36445;224;0;0;0;0;0;0;0;0;4072;0;2417;0;0;"15:16:04";"27/10/2005"
"12/02/2026";"18:27:56";1996;2;"Eleição Ordinária";1;1996001;"Eleições Municipais 1996";"03/10/1996";"M";"SP";"67970";"OURO VERDE";"67970";"OURO VERDE";-3;11;"Prefeito";5347;0;0;0;0;4406;0;941;"N";0;0;0;4176;0;0;0;0;0;0;0;0;0;139;0;91;0;0;"15:16:04";"27/10/2005"
"12/02/2026";"18:27:56";1996;2;"Eleição Ordinária";1;1996001;"Eleições Municipais 1996";"03/10/1996";"M";"SP";"67997";"PACAEMBU";"67997";"PACAEMBU";-3;11;"Prefeito";9144;0;0;0;0;6876;0;2268;"N";0;0;0;6586;0;0;0;0;0;0;0;0;0;115;0;175;0;0;"15:16:04";"27/10/2005"
"12/02/2026";"18:27:56";1996;2;"Eleição Ordinária";1;1996001;"Eleições Municipais 1996";"03/10/1996";"M";"SP";"67970";"OURO VERDE";"67970";"OURO VERDE";-3;13;"Vereador";5347;0;0;0;0;4406;0;941;"N";0;0;0;3591;2;0;0;0;0;0;0;0;0;409;0;404;0;0;"15:16:04";"27/10/2005"
"12/02/2026";"18:27:56";1996;2;"Eleição Ordinária";1;1996001;"Eleições Municipais 1996";"03/10/1996";"M";"SP";"68012";"PALESTINA";"68012";"PALESTINA";-3;11;"Prefeito";7629;0;0;0;0;6527;0;1102;"N";0;0;0;6212;0;0;0;0;0;0;0;0;0;113;0;202;0;0;"15:16:04";"27/10/2005"
"12/02/2026";"18:27:56";1996;2;"Eleição Ordinária";1;1996001;"Eleições Municipais 1996";"03/10/1996";"M";"SP";"67997";"PACAEMBU";"67997";"PACAEMBU";-3;13;"Vereador";9144;0;0;0;0;6876;0;2268;"N";0;0;0;5940;11;0;0;0;0;0;0;0;0;694;0;231;0;0;"15:16:04";"27/10/2005"
"12/02/2026";"18:27:56";1996;2;"Eleição Ordinária";1;1996001;"Eleições Municipais 1996";"03/10/1996";"M";"SP";"68012";"PALESTINA";"68012";"PALESTINA";-3;13;"Vereador";7629;0;0;0;0;6527;0;1102;"N";0;0;0;5865;9;0;0;0;0;0;0;0;0;456;0;197;0;0;"15:16:04";"27/10/2005"
"12/02/2026";"18:27:56";1996;2;"Eleição Ordinária";1;1996001;"Eleições Municipais 1996";"03/10/1996";"M";"SP";"68039";"PALMARES PAULISTA";"68039";"PALMARES PAULISTA";-3;11;"Prefeito";5451;0;0;0;0;4854;0;597;"N";0;0;0;4514;0;0;0;0;0;0;0;0;0;84;0;256;0;0;"15:16:04";"27/10/2005"
"12/02/2026";"18:27:56";1996;2;"Eleição Ordinária";1;1996001;"Eleições Municipais 1996";"03/10/1996";"M";"SP";"68055";"PALMEIRA D OESTE";"68055";"PALMEIRA D OESTE";-3;11;"Prefeito";7994;0;0;0;0;6755;0;1239;"N";0;0;0;6565;0;0;0;0;0;0;0;0;0;57;0;133;0;0;"15:16:04";"27/10/2005"
"12/02/2026";"18:27:56";1996;2;"Eleição Ordinária";1;1996001;"Eleições Municipais 1996";"03/10/1996";"M";"SP";"68039";"PALMARES PAULISTA";"68039";"PALMARES PAULISTA";-3;13;"Vereador";5451;0;0;0;0;4854;0;597;"N";0;0;0;4089;9;0;0;0;0;0;0;0;0;524;0;232;0;0;"15:16:04";"27/10/2005"
"12/02/2026";"18:27:56";1996;2;"Eleição Ordinária";1;1996001;"Eleições Municipais 1996";"03/10/1996";"M";"SP";"68071";"PALMITAL";"68071";"PALMITAL";-3;11;"Prefeito";13755;0;0;0;0;12118;0;1637;"N";0;0;0;11485;0;0;0;0;0;0;0;0;0;278;0;355;0;0;"15:16:04";"27/10/2005"
"12/02/2026";"18:27:56";1996;2;"Eleição Ordinária";1;1996001;"Eleições Municipais 1996";"03/10/1996";"M";"SP";"68055";"PALMEIRA D OESTE";"68055";"PALMEIRA D OESTE";-3;13;"Vereador";7994;0;0;0;0;6755;0;1239;"N";0;0;0;5996;38;0;0;0;0;0;0;0;0;477;0;244;0;0;"15:16:04";"27/10/2005"
"12/02/2026";"18:27:56";1996;2;"Eleição Ordinária";1;1996001;"Eleições Municipais 1996";"03/10/1996";"M";"SP";"68071";"PALMITAL";"68071";"PALMITAL";-3;13;"Vereador";13755;0;0;0;0;12118;0;1637;"N";0;0;0;10955;23;0;0;0;0;0;0;0;0;820;0;320;0;0;"15:16:04";"27/10/2005"
"12/02/2026";"18:27:56";1996;2;"Eleição Ordinária";1;1996001;"Eleições Municipais 1996";"03/10/1996";"M";"SP";"68098";"PANORAMA";"68098";"PANORAMA";-3;11;"Prefeito";7632;0;0;0;0;5903;0;1729;"N";0;0;0;5567;0;0;0;0;0;0;0;0;0;82;0;254;0;0;"15:16:04";"27/10/2005"
"12/02/2026";"18:27:56";1996;2;"Eleição Ordinária";1;1996001;"Eleições Municipais 1996";"03/10/1996";"M";"SP";"68110";"PARAGUACU PAULISTA";"68110";"PARAGUACU PAULISTA";-3;11;"Prefeito";22341;0;0;0;0;18990;0;3351;"N";0;0;0;17649;0;0;0;0;0;0;0;0;0;332;0;1009;0;0;"15:16:04";"27/10/2005"
"12/02/2026";"18:27:56";1996;2;"Eleição Ordinária";1;1996001;"Eleições Municipais 1996";"03/10/1996";"M";"SP";"68098";"PANORAMA";"68098";"PANORAMA";-3;13;"Vereador";7632;0;0;0;0;5903;0;1729;"N";0;0;0;4910;17;0;0;0;0;0;0;0;0;746;0;230;0;0;"15:16:04";"27/10/2005"
"12/02/2026";"18:27:56";1996;2;"Eleição Ordinária";1;1996001;"Eleições Municipais 1996";"03/10/1996";"M";"SP";"68110";"PARAGUACU PAULISTA";"68110";"PARAGUACU PAULISTA";-3;13;"Vereador";22341;0;0;0;0;18990;0;3351;"N";0;0;0;15997;150;0;0;0;0;0;0;0;0;1881;0;962;0;0;"15:16:04";"27/10/2005"
"12/02/2026";"18:27:56";1996;2;"Eleição Ordinária";1;1996001;"Eleições Municipais 1996";"03/10/1996";"M";"SP";"68136";"PARAIBUNA";"68136";"PARAIBUNA";-3;13;"Vereador";11710;0;0;0;0;10068;0;1642;"N";0;0;0;8577;118;0;0;0;0;0;0;0;0;1012;0;361;0;0;"15:16:04";"27/10/2005"
"12/02/2026";"18:27:56";1996;2;"Eleição Ordinária";1;1996001;"Eleições Municipais 1996";"03/10/1996";"M";"SP";"68136";"PARAIBUNA";"68136";"PARAIBUNA";-3;11;"Prefeito";11710;0;0;0;0;10068;0;1642;"N";0;0;0;9333;0;0;0;0;0;0;0;0;0;300;0;435;0;0;"15:16:04";"27/10/2005"
"12/02/2026";"18:27:56";1996;2;"Eleição Ordinária";1;1996001;"Eleições Municipais 1996";"03/10/1996";"M";"SP";"68152";"PARAISO";"68152";"PARAISO";-3;13;"Vereador";3486;0;0;0;0;3221;0;265;"N";0;0;0;2506;10;0;0;0;0;0;0;0;0;366;0;339;0;0;"15:16:04";"27/10/2005"
"12/02/2026";"18:27:56";1996;2;"Eleição Ordinária";1;1996001;"Eleições Municipais 1996";"03/10/1996";"M";"SP";"68152";"PARAISO";"68152";"PARAISO";-3;11;"Prefeito";3486;0;0;0;0;3221;0;265;"N";0;0;0;2902;0;0;0;0;0;0;0;0;0;124;0;195;0;0;"15:16:04";"27/10/2005"
"12/02/2026";"18:27:56";1996;2;"Eleição Ordinária";1;1996001;"Eleições Municipais 1996";"03/10/1996";"M";"SP";"68179";"PARANAPANEMA";"68179";"PARANAPANEMA";-3;11;"Prefeito";9127;0;0;0;0;7790;0;1337;"N";0;0;0;7455;0;0;0;0;0;0;0;0;0;135;0;200;0;0;"15:16:04";"27/10/2005"
"12/02/2026";"18:27:56";1996;2;"Eleição Ordinária";1;1996001;"Eleições Municipais 1996";"03/10/1996";"M";"SP";"68179";"PARANAPANEMA";"68179";"PARANAPANEMA";-3;13;"Vereador";9127;0;0;0;0;7790;0;1337;"N";0;0;0;6717;40;0;0;0;0;0;0;0;0;779;0;254;0;0;"15:16:04";"27/10/2005"
"12/02/2026";"18:27:56";1996;2;"Eleição Ordinária";1;1996001;"Eleições Municipais 1996";"03/10/1996";"M";"SP";"68195";"PARANAPUA";"68195";"PARANAPUA";-3;13;"Vereador";3219;0;0;0;0;2789;0;430;"N";0;0;0;2544;19;0;0;0;0;0;0;0;0;145;0;81;0;0;"15:16:04";"27/10/2005"
"12/02/2026";"18:27:56";1996;2;"Eleição Ordinária";1;1996001;"Eleições Municipais 1996";"03/10/1996";"M";"SP";"68195";"PARANAPUA";"68195";"PARANAPUA";-3;11;"Prefeito";3219;0;0;0;0;2789;0;430;"N";0;0;0;2713;0;0;0;0;0;0;0;0;0;34;0;42;0;0;"15:16:04";"27/10/2005"
"12/02/2026";"18:27:56";1996;2;"Eleição Ordinária";1;1996001;"Eleições Municipais 1996";"03/10/1996";"M";"SP";"68217";"PARAPUA";"68217";"PARAPUA";-3;13;"Vereador";7628;0;0;0;0;6286;0;1342;"N";0;0;0;5361;15;0;0;0;0;0;0;0;0;621;0;289;0;0;"15:16:04";"27/10/2005"
"12/02/2026";"18:27:56";1996;2;"Eleição Ordinária";1;1996001;"Eleições Municipais 1996";"03/10/1996";"M";"SP";"68217";"PARAPUA";"68217";"PARAPUA";-3;11;"Prefeito";7628;0;0;0;0;6286;0;1342;"N";0;0;0;5856;0;0;0;0;0;0;0;0;0;134;0;296;0;0;"15:16:04";"27/10/2005"
"12/02/2026";"18:27:56";1996;2;"Eleição Ordinária";1;1996001;"Eleições Municipais 1996";"03/10/1996";"M";"SP";"68233";"PARDINHO";"68233";"PARDINHO";-3;11;"Prefeito";3514;0;0;0;0;3015;0;499;"N";0;0;0;2895;0;0;0;0;0;0;0;0;0;21;0;99;0;0;"15:16:04";"27/10/2005"
"12/02/2026";"18:27:56";1996;2;"Eleição Ordinária";1;1996001;"Eleições Municipais 1996";"03/10/1996";"M";"SP";"68233";"PARDINHO";"68233";"PARDINHO";-3;13;"Vereador";3514;0;0;0;0;3015;0;499;"N";0;0;0;2485;22;0;0;0;0;0;0;0;0;392;0;116;0;0;"15:16:04";"27/10/2005"
"12/02/2026";"18:27:56";1996;2;"Eleição Ordinária";1;1996001;"Eleições Municipais 1996";"03/10/1996";"M";"SP";"68250";"PARIQUERA-ACU";"68250";"PARIQUERA-ACU";-3;13;"Vereador";10150;0;0;0;0;8396;0;1754;"N";0;0;0;6885;74;0;0;0;0;0;0;0;0;1028;0;409;0;0;"15:16:04";"27/10/2005"
"12/02/2026";"18:27:56";1996;2;"Eleição Ordinária";1;1996001;"Eleições Municipais 1996";"03/10/1996";"M";"SP";"68250";"PARIQUERA-ACU";"68250";"PARIQUERA-ACU";-3;11;"Prefeito";10150;0;0;0;0;8396;0;1754;"N";0;0;0;7637;0;0;0;0;0;0;0;0;0;283;0;476;0;0;"15:16:04";"27/10/2005"
"12/02/2026";"18:27:56";1996;2;"Eleição Ordinária";1;1996001;"Eleições Municipais 1996";"03/10/1996";"M";"SP";"68276";"PATROCINIO PAULISTA";"68276";"PATROCINIO PAULISTA";-3;13;"Vereador";7181;0;0;0;0;6329;0;852;"N";0;0;0;5524;88;0;0;0;0;0;0;0;0;541;0;176;0;0;"15:16:04";"27/10/2005"
"12/02/2026";"18:27:56";1996;2;"Eleição Ordinária";1;1996001;"Eleições Municipais 1996";"03/10/1996";"M";"SP";"68276";"PATROCINIO PAULISTA";"68276";"PATROCINIO PAULISTA";-3;11;"Prefeito";7181;0;0;0;0;6329;0;852;"N";0;0;0;6074;0;0;0;0;0;0;0;0;0;49;0;206;0;0;"15:16:04";"27/10/2005"
"12/02/2026";"18:27:56";1996;2;"Eleição Ordinária";1;1996001;"Eleições Municipais 1996";"03/10/1996";"M";"SP";"68292";"PAULICEIA";"68292";"PAULICEIA";-3;11;"Prefeito";4001;0;0;0;0;3347;0;654;"N";0;0;0;3289;0;0;0;0;0;0;0;0;0;27;0;31;0;0;"15:16:04";"27/10/2005"
"12/02/2026";"18:27:56";1996;2;"Eleição Ordinária";1;1996001;"Eleições Municipais 1996";"03/10/1996";"M";"SP";"68292";"PAULICEIA";"68292";"PAULICEIA";-3;13;"Vereador";4001;0;0;0;0;3347;0;654;"N";0;0;0;2980;12;0;0;0;0;0;0;0;0;254;0;101;0;0;"15:16:04";"27/10/2005"
"12/02/2026";"18:27:56";1996;2;"Eleição Ordinária";1;1996001;"Eleições Municipais 1996";"03/10/1996";"M";"SP";"68314";"PAULINIA";"68314";"PAULINIA";-3;13;"Vereador";31177;0;0;0;0;28225;0;2952;"N";0;0;0;24755;493;0;0;0;0;0;0;0;0;1898;0;895;0;0;"15:16:04";"27/10/2005"
"12/02/2026";"18:27:56";1996;2;"Eleição Ordinária";1;1996001;"Eleições Municipais 1996";"03/10/1996";"M";"SP";"68314";"PAULINIA";"68314";"PAULINIA";-3;11;"Prefeito";31177;0;0;0;0;28225;0;2952;"N";0;0;0;26777;0;0;0;0;0;0;0;0;0;382;0;1066;0;0;"15:16:04";"27/10/2005"
"12/02/2026";"18:27:56";1996;2;"Eleição Ordinária";1;1996001;"Eleições Municipais 1996";"03/10/1996";"M";"SP";"68330";"PAULO DE FARIA";"68330";"PAULO DE FARIA";-3;13;"Vereador";6415;0;0;0;0;5426;0;989;"N";0;0;0;4768;7;0;0;0;0;0;0;0;0;426;0;225;0;0;"15:16:04";"27/10/2005"
"12/02/2026";"18:27:56";1996;2;"Eleição Ordinária";1;1996001;"Eleições Municipais 1996";"03/10/1996";"M";"SP";"68330";"PAULO DE FARIA";"68330";"PAULO DE FARIA";-3;11;"Prefeito";6415;0;0;0;0;5426;0;989;"N";0;0;0;5143;0;0;0;0;0;0;0;0;0;107;0;176;0;0;"15:16:04";"27/10/2005"
"12/02/2026";"18:27:56";1996;2;"Eleição Ordinária";1;1996001;"Eleições Municipais 1996";"03/10/1996";"M";"SP";"68357";"PEDERNEIRAS";"68357";"PEDERNEIRAS";-3;11;"Prefeito";20895;0;0;0;0;18527;0;2368;"N";0;0;0;17460;0;0;0;0;0;0;0;0;0;397;0;670;0;0;"15:16:04";"27/10/2005"
"12/02/2026";"18:27:56";1996;2;"Eleição Ordinária";1;1996001;"Eleições Municipais 1996";"03/10/1996";"M";"SP";"68357";"PEDERNEIRAS";"68357";"PEDERNEIRAS";-3;13;"Vereador";20895;0;0;0;0;18527;0;2368;"N";0;0;0;15863;174;0;0;0;0;0;0;0;0;1683;0;807;0;0;"15:16:04";"27/10/2005"
"12/02/2026";"18:27:56";1996;2;"Eleição Ordinária";1;1996001;"Eleições Municipais 1996";"03/10/1996";"M";"SP";"68373";"PEDRA BELA";"68373";"PEDRA BELA";-3;13;"Vereador";3584;0;0;0;0;3077;0;507;"N";0;0;0;2533;15;0;0;0;0;0;0;0;0;385;0;144;0;0;"15:16:04";"27/10/2005"
"12/02/2026";"18:27:56";1996;2;"Eleição Ordinária";1;1996001;"Eleições Municipais 1996";"03/10/1996";"M";"SP";"68373";"PEDRA BELA";"68373";"PEDRA BELA";-3;11;"Prefeito";3584;0;0;0;0;3077;0;507;"N";0;0;0;2951;0;0;0;0;0;0;0;0;0;38;0;88;0;0;"15:16:04";"27/10/2005"
"12/02/2026";"18:27:56";1996;2;"Eleição Ordinária";1;1996001;"Eleições Municipais 1996";"03/10/1996";"M";"SP";"68390";"PEDRANOPOLIS";"68390";"PEDRANOPOLIS";-3;13;"Vereador";2750;0;0;0;0;2544;0;206;"N";0;0;0;2327;6;0;0;0;0;0;0;0;0;146;0;65;0;0;"15:16:04";"27/10/2005"
"12/02/2026";"18:27:56";1996;2;"Eleição Ordinária";1;1996001;"Eleições Municipais 1996";"03/10/1996";"M";"SP";"68390";"PEDRANOPOLIS";"68390";"PEDRANOPOLIS";-3;11;"Prefeito";2750;0;0;0;0;2544;0;206;"N";0;0;0;2440;0;0;0;0;0;0;0;0;0;50;0;54;0;0;"15:16:04";"27/10/2005"
"12/02/2026";"18:27:56";1996;2;"Eleição Ordinária";1;1996001;"Eleições Municipais 1996";"03/10/1996";"M";"SP";"68411";"PEDREGULHO";"68411";"PEDREGULHO";-3;11;"Prefeito";11057;0;0;0;0;9583;0;1474;"N";0;0;0;9018;0;0;0;0;0;0;0;0;0;187;0;378;0;0;"15:16:04";"27/10/2005"
"12/02/2026";"18:27:56";1996;2;"Eleição Ordinária";1;1996001;"Eleições Municipais 1996";"03/10/1996";"M";"SP";"68411";"PEDREGULHO";"68411";"PEDREGULHO";-3;13;"Vereador";11057;0;0;0;0;9583;0;1474;"N";0;0;0;8226;44;0;0;0;0;0;0;0;0;1019;0;294;0;0;"15:16:04";"27/10/2005"
"12/02/2026";"18:27:56";1996;2;"Eleição Ordinária";1;1996001;"Eleições Municipais 1996";"03/10/1996";"M";"SP";"68438";"PEDREIRA";"68438";"PEDREIRA";-3;13;"Vereador";20359;0;0;0;0;18927;0;1432;"N";0;0;0;16233;118;0;0;0;0;0;0;0;0;1517;0;1059;0;0;"15:16:04";"27/10/2005"
"12/02/2026";"18:27:56";1996;2;"Eleição Ordinária";1;1996001;"Eleições Municipais 1996";"03/10/1996";"M";"SP";"68438";"PEDREIRA";"68438";"PEDREIRA";-3;11;"Prefeito";20359;0;0;0;0;18927;0;1432;"N";0;0;0;17252;0;0;0;0;0;0;0;0;0;420;0;1255;0;0;"15:16:04";"27/10/2005"
"12/02/2026";"18:27:56";1996;2;"Eleição Ordinária";1;1996001;"Eleições Municipais 1996";"03/10/1996";"M";"SP";"68454";"PEDRO DE TOLEDO";"68454";"PEDRO DE TOLEDO";-3;13;"Vereador";5476;0;0;0;0;4081;0;1395;"N";0;0;0;3110;44;0;0;0;0;0;0;0;0;711;0;216;0;0;"15:16:04";"27/10/2005"
"12/02/2026";"18:27:56";1996;2;"Eleição Ordinária";1;1996001;"Eleições Municipais 1996";"03/10/1996";"M";"SP";"68454";"PEDRO DE TOLEDO";"68454";"PEDRO DE TOLEDO";-3;11;"Prefeito";5476;0;0;0;0;4081;0;1395;"N";0;0;0;3562;0;0;0;0;0;0;0;0;0;125;0;394;0;0;"15:16:04";"27/10/2005"
"12/02/2026";"18:27:56";1996;2;"Eleição Ordinária";1;1996001;"Eleições Municipais 1996";"03/10/1996";"M";"SP";"68470";"PENAPOLIS";"68470";"PENAPOLIS";-3;11;"Prefeito";32664;0;0;0;0;27968;0;4696;"N";0;0;0;25537;0;0;0;0;0;0;0;0;0;674;0;1757;0;0;"15:16:04";"27/10/2005"
"12/02/2026";"18:27:56";1996;2;"Eleição Ordinária";1;1996001;"Eleições Municipais 1996";"03/10/1996";"M";"SP";"68470";"PENAPOLIS";"68470";"PENAPOLIS";-3;13;"Vereador";32664;0;0;0;0;27968;0;4696;"N";0;0;0;23966;226;0;0;0;0;0;0;0;0;2360;0;1416;0;0;"15:16:04";"27/10/2005"
"12/02/2026";"18:27:56";1996;2;"Eleição Ordinária";1;1996001;"Eleições Municipais 1996";"03/10/1996";"M";"SP";"68497";"PEREIRA BARRETO";"68497";"PEREIRA BARRETO";-3;13;"Vereador";18152;0;0;0;0;14500;0;3652;"N";0;0;0;12662;46;0;0;0;0;0;0;0;0;1228;0;564;0;0;"15:16:04";"27/10/2005"
"12/02/2026";"18:27:56";1996;2;"Eleição Ordinária";1;1996001;"Eleições Municipais 1996";"03/10/1996";"M";"SP";"68497";"PEREIRA BARRETO";"68497";"PEREIRA BARRETO";-3;11;"Prefeito";18152;0;0;0;0;14500;0;3652;"N";0;0;0;13791;0;0;0;0;0;0;0;0;0;184;0;525;0;0;"15:16:04";"27/10/2005"
"12/02/2026";"18:27:56";1996;2;"Eleição Ordinária";1;1996001;"Eleições Municipais 1996";"03/10/1996";"M";"SP";"68519";"PEREIRAS";"68519";"PEREIRAS";-3;13;"Vereador";4508;0;0;0;0;3877;0;631;"N";0;0;0;3304;25;0;0;0;0;0;0;0;0;388;0;160;0;0;"15:16:04";"27/10/2005"
"12/02/2026";"18:27:56";1996;2;"Eleição Ordinária";1;1996001;"Eleições Municipais 1996";"03/10/1996";"M";"SP";"68519";"PEREIRAS";"68519";"PEREIRAS";-3;11;"Prefeito";4508;0;0;0;0;3877;0;631;"N";0;0;0;3740;0;0;0;0;0;0;0;0;0;42;0;95;0;0;"15:16:04";"27/10/2005"
"12/02/2026";"18:27:56";1996;2;"Eleição Ordinária";1;1996001;"Eleições Municipais 1996";"03/10/1996";"M";"SP";"68535";"PERUIBE";"68535";"PERUIBE";-3;11;"Prefeito";26711;0;0;0;0;20808;0;5903;"N";0;0;0;19257;0;0;0;0;0;0;0;0;0;310;0;1241;0;0;"15:16:04";"27/10/2005"
"12/02/2026";"18:27:56";1996;2;"Eleição Ordinária";1;1996001;"Eleições Municipais 1996";"03/10/1996";"M";"SP";"68535";"PERUIBE";"68535";"PERUIBE";-3;13;"Vereador";26711;0;0;0;0;20808;0;5903;"N";0;0;0;17498;382;0;0;0;0;0;0;0;0;2066;0;862;0;0;"15:16:04";"27/10/2005"
"12/02/2026";"18:27:56";1996;2;"Eleição Ordinária";1;1996001;"Eleições Municipais 1996";"03/10/1996";"M";"SP";"68551";"PIACATU";"68551";"PIACATU";-3;13;"Vereador";3488;0;0;0;0;3027;0;461;"N";0;0;0;2535;0;0;0;0;0;0;0;0;0;243;0;249;0;0;"15:16:04";"27/10/2005"
"12/02/2026";"18:27:56";1996;2;"Eleição Ordinária";1;1996001;"Eleições Municipais 1996";"03/10/1996";"M";"SP";"68551";"PIACATU";"68551";"PIACATU";-3;11;"Prefeito";3488;0;0;0;0;3027;0;461;"N";0;0;0;2164;0;0;0;0;0;0;0;0;0;414;0;449;0;0;"15:16:04";"27/10/2005"
"12/02/2026";"18:27:56";1996;2;"Eleição Ordinária";1;1996001;"Eleições Municipais 1996";"03/10/1996";"M";"SP";"68578";"PIEDADE";"68578";"PIEDADE";-3;13;"Vereador";26003;0;0;0;0;22909;0;3094;"N";0;0;0;18015;194;0;0;0;0;0;0;0;0;3214;0;1486;0;0;"15:16:04";"27/10/2005"
"12/02/2026";"18:27:56";1996;2;"Eleição Ordinária";1;1996001;"Eleições Municipais 1996";"03/10/1996";"M";"SP";"68578";"PIEDADE";"68578";"PIEDADE";-3;11;"Prefeito";26003;0;0;0;0;22909;0;3094;"N";0;0;0;20480;0;0;0;0;0;0;0;0;0;692;0;1737;0;0;"15:16:04";"27/10/2005"
"12/02/2026";"18:27:56";1996;2;"Eleição Ordinária";1;1996001;"Eleições Municipais 1996";"03/10/1996";"M";"SP";"68594";"PILAR DO SUL";"68594";"PILAR DO SUL";-3;11;"Prefeito";11242;0;0;0;0;9938;0;1304;"N";0;0;0;9404;0;0;0;0;0;0;0;0;0;162;0;372;0;0;"15:16:04";"27/10/2005"
"12/02/2026";"18:27:56";1996;2;"Eleição Ordinária";1;1996001;"Eleições Municipais 1996";"03/10/1996";"M";"SP";"68594";"PILAR DO SUL";"68594";"PILAR DO SUL";-3;13;"Vereador";11242;0;0;0;0;9938;0;1304;"N";0;0;0;8221;70;0;0;0;0;0;0;0;0;1225;0;422;0;0;"15:16:04";"27/10/2005"
"12/02/2026";"18:27:56";1996;2;"Eleição Ordinária";1;1996001;"Eleições Municipais 1996";"03/10/1996";"M";"SP";"68616";"PINDAMONHANGABA";"68616";"PINDAMONHANGABA";-3;13;"Vereador";64915;0;0;0;0;57080;0;7835;"N";0;0;0;47362;775;0;0;0;0;0;0;0;0;4994;0;3949;0;0;"15:16:04";"27/10/2005"
"12/02/2026";"18:27:56";1996;2;"Eleição Ordinária";1;1996001;"Eleições Municipais 1996";"03/10/1996";"M";"SP";"68616";"PINDAMONHANGABA";"68616";"PINDAMONHANGABA";-3;11;"Prefeito";64915;0;0;0;0;57080;0;7835;"N";0;0;0;51672;0;0;0;0;0;0;0;0;0;1314;0;4094;0;0;"15:16:04";"27/10/2005"
"12/02/2026";"18:27:56";1996;2;"Eleição Ordinária";1;1996001;"Eleições Municipais 1996";"03/10/1996";"M";"SP";"68632";"PINDORAMA";"68632";"PINDORAMA";-3;13;"Vereador";9124;0;0;0;0;8398;0;726;"N";0;0;0;7392;16;0;0;0;0;0;0;0;0;675;0;315;0;0;"15:16:04";"27/10/2005"
"12/02/2026";"18:27:56";1996;2;"Eleição Ordinária";1;1996001;"Eleições Municipais 1996";"03/10/1996";"M";"SP";"68632";"PINDORAMA";"68632";"PINDORAMA";-3;11;"Prefeito";9124;0;0;0;0;8398;0;726;"N";0;0;0;7931;0;0;0;0;0;0;0;0;0;152;0;315;0;0;"15:16:04";"27/10/2005"
"12/02/2026";"18:27:56";1996;2;"Eleição Ordinária";1;1996001;"Eleições Municipais 1996";"03/10/1996";"M";"SP";"68659";"ESPIRITO SANTO DO PINHAL";"68659";"ESPIRITO SANTO DO PINHAL";-3;11;"Prefeito";25656;0;0;0;0;22515;0;3141;"N";0;0;0;20465;0;0;0;0;0;0;0;0;0;385;0;1665;0;0;"15:16:04";"27/10/2005"
"12/02/2026";"18:27:56";1996;2;"Eleição Ordinária";1;1996001;"Eleições Municipais 1996";"03/10/1996";"M";"SP";"68659";"ESPIRITO SANTO DO PINHAL";"68659";"ESPIRITO SANTO DO PINHAL";-3;13;"Vereador";25656;0;0;0;0;22515;0;3141;"N";0;0;0;17647;301;0;0;0;0;0;0;0;0;3288;0;1279;0;0;"15:16:04";"27/10/2005"
"12/02/2026";"18:27:56";1996;2;"Eleição Ordinária";1;1996001;"Eleições Municipais 1996";"03/10/1996";"M";"SP";"68675";"PINHALZINHO";"68675";"PINHALZINHO";-3;13;"Vereador";6751;0;0;0;0;5830;0;921;"N";0;0;0;4987;32;0;0;0;0;0;0;0;0;557;0;254;0;0;"15:16:04";"27/10/2005"
"12/02/2026";"18:27:56";1996;2;"Eleição Ordinária";1;1996001;"Eleições Municipais 1996";"03/10/1996";"M";"SP";"68675";"PINHALZINHO";"68675";"PINHALZINHO";-3;11;"Prefeito";6751;0;0;0;0;5830;0;921;"N";0;0;0;5425;0;0;0;0;0;0;0;0;0;109;0;296;0;0;"15:16:04";"27/10/2005"
"12/02/2026";"18:27:56";1996;2;"Eleição Ordinária";1;1996001;"Eleições Municipais 1996";"03/10/1996";"M";"SP";"68691";"PIQUEROBI";"68691";"PIQUEROBI";-3;13;"Vereador";2724;0;0;0;0;2473;0;251;"N";0;0;0;2290;4;0;0;0;0;0;0;0;0;108;0;71;0;0;"15:16:04";"27/10/2005"
"12/02/2026";"18:27:56";1996;2;"Eleição Ordinária";1;1996001;"Eleições Municipais 1996";"03/10/1996";"M";"SP";"68691";"PIQUEROBI";"68691";"PIQUEROBI";-3;11;"Prefeito";2724;0;0;0;0;2473;0;251;"N";0;0;0;2428;0;0;0;0;0;0;0;0;0;18;0;27;0;0;"15:16:04";"27/10/2005"
"12/02/2026";"18:27:56";1996;2;"Eleição Ordinária";1;1996001;"Eleições Municipais 1996";"03/10/1996";"M";"SP";"68713";"PIQUETE";"68713";"PIQUETE";-3;11;"Prefeito";11512;0;0;0;0;9826;0;1686;"N";0;0;0;9149;0;0;0;0;0;0;0;0;0;152;0;525;0;0;"15:16:04";"27/10/2005"
"12/02/2026";"18:27:56";1996;2;"Eleição Ordinária";1;1996001;"Eleições Municipais 1996";"03/10/1996";"M";"SP";"68713";"PIQUETE";"68713";"PIQUETE";-3;13;"Vereador";11512;0;0;0;0;9826;0;1686;"N";0;0;0;8326;74;0;0;0;0;0;0;0;0;1034;0;392;0;0;"15:16:04";"27/10/2005"
"12/02/2026";"18:27:56";1996;2;"Eleição Ordinária";1;1996001;"Eleições Municipais 1996";"03/10/1996";"M";"SP";"68730";"PIRACAIA";"68730";"PIRACAIA";-3;13;"Vereador";14244;0;0;0;0;12133;0;2111;"N";0;0;0;9671;186;0;0;0;0;0;0;0;0;1672;0;604;0;0;"15:16:04";"27/10/2005"
"12/02/2026";"18:27:56";1996;2;"Eleição Ordinária";1;1996001;"Eleições Municipais 1996";"03/10/1996";"M";"SP";"68730";"PIRACAIA";"68730";"PIRACAIA";-3;11;"Prefeito";14244;0;0;0;0;12133;0;2111;"N";0;0;0;11107;0;0;0;0;0;0;0;0;0;279;0;747;0;0;"15:16:04";"27/10/2005"
"12/02/2026";"18:27:56";1996;2;"Eleição Ordinária";1;1996001;"Eleições Municipais 1996";"03/10/1996";"M";"SP";"68756";"PIRACICABA";"68756";"PIRACICABA";-3;13;"Vereador";180366;0;0;0;0;160944;0;19422;"N";0;0;0;128003;2991;0;0;0;0;0;0;0;0;17058;0;12892;0;0;"15:16:04";"27/10/2005"
"12/02/2026";"18:27:56";1996;2;"Eleição Ordinária";1;1996001;"Eleições Municipais 1996";"03/10/1996";"M";"SP";"68756";"PIRACICABA";"68756";"PIRACICABA";-3;11;"Prefeito";180366;0;0;0;0;160944;0;19422;"N";0;0;0;143514;0;0;0;0;0;0;0;0;0;3957;0;13473;0;0;"15:16:04";"27/10/2005"
"12/02/2026";"18:27:56";1996;2;"Eleição Ordinária";1;1996001;"Eleições Municipais 1996";"03/10/1996";"M";"SP";"68772";"PIRAJU";"68772";"PIRAJU";-3;11;"Prefeito";18264;0;0;0;0;15440;0;2824;"N";0;0;0;14640;0;0;0;0;0;0;0;0;0;177;0;623;0;0;"15:16:04";"27/10/2005"
"12/02/2026";"18:27:56";1996;2;"Eleição Ordinária";1;1996001;"Eleições Municipais 1996";"03/10/1996";"M";"SP";"68772";"PIRAJU";"68772";"PIRAJU";-3;13;"Vereador";18264;0;0;0;0;15440;0;2824;"N";0;0;0;13394;102;0;0;0;0;0;0;0;0;1373;0;571;0;0;"15:16:04";"27/10/2005"
"12/02/2026";"18:27:56";1996;2;"Eleição Ordinária";1;1996001;"Eleições Municipais 1996";"03/10/1996";"M";"SP";"68799";"PIRAJUI";"68799";"PIRAJUI";-3;13;"Vereador";12935;0;0;0;0;10890;0;2045;"N";0;0;0;9496;35;0;0;0;0;0;0;0;0;960;0;399;0;0;"15:16:04";"27/10/2005"
"12/02/2026";"18:27:56";1996;2;"Eleição Ordinária";1;1996001;"Eleições Municipais 1996";"03/10/1996";"M";"SP";"68799";"PIRAJUI";"68799";"PIRAJUI";-3;11;"Prefeito";12935;0;0;0;0;10890;0;2045;"N";0;0;0;9888;0;0;0;0;0;0;0;0;0;257;0;745;0;0;"15:16:04";"27/10/2005"
"12/02/2026";"18:27:56";1996;2;"Eleição Ordinária";1;1996001;"Eleições Municipais 1996";"03/10/1996";"M";"SP";"68810";"PIRANGI";"68810";"PIRANGI";-3;13;"Vereador";6370;0;0;0;0;5627;0;743;"N";0;0;0;4789;12;0;0;0;0;0;0;0;0;542;0;284;0;0;"15:16:04";"27/10/2005"
"12/02/2026";"18:27:56";1996;2;"Eleição Ordinária";1;1996001;"Eleições Municipais 1996";"03/10/1996";"M";"SP";"68810";"PIRANGI";"68810";"PIRANGI";-3;11;"Prefeito";6370;0;0;0;0;5627;0;743;"N";0;0;0;5194;0;0;0;0;0;0;0;0;0;174;0;259;0;0;"15:16:04";"27/10/2005"
"12/02/2026";"18:27:56";1996;2;"Eleição Ordinária";1;1996001;"Eleições Municipais 1996";"03/10/1996";"M";"SP";"68837";"PIRAPORA DO BOM JESUS";"68837";"PIRAPORA DO BOM JESUS";-3;11;"Prefeito";6319;0;0;0;0;5007;0;1312;"N";0;0;0;4476;0;0;0;0;0;0;0;0;0;194;0;337;0;0;"15:16:04";"27/10/2005"
"12/02/2026";"18:27:56";1996;2;"Eleição Ordinária";1;1996001;"Eleições Municipais 1996";"03/10/1996";"M";"SP";"68837";"PIRAPORA DO BOM JESUS";"68837";"PIRAPORA DO BOM JESUS";-3;13;"Vereador";6319;0;0;0;0;5007;0;1312;"N";0;0;0;4234;44;0;0;0;0;0;0;0;0;399;0;330;0;0;"15:16:04";"27/10/2005"
"12/02/2026";"18:27:56";1996;2;"Eleição Ordinária";1;1996001;"Eleições Municipais 1996";"03/10/1996";"M";"SP";"68853";"PIRAPOZINHO";"68853";"PIRAPOZINHO";-3;13;"Vereador";15142;0;0;0;0;13000;0;2142;"N";0;0;0;11404;46;0;0;0;0;0;0;0;0;1121;0;429;0;0;"15:16:04";"27/10/2005"
"12/02/2026";"18:27:56";1996;2;"Eleição Ordinária";1;1996001;"Eleições Municipais 1996";"03/10/1996";"M";"SP";"68853";"PIRAPOZINHO";"68853";"PIRAPOZINHO";-3;11;"Prefeito";15142;0;0;0;0;13000;0;2142;"N";0;0;0;12147;0;0;0;0;0;0;0;0;0;187;0;666;0;0;"15:16:04";"27/10/2005"
"12/02/2026";"18:27:56";1996;2;"Eleição Ordinária";1;1996001;"Eleições Municipais 1996";"03/10/1996";"M";"SP";"68870";"PIRACUNUNGA";"68870";"PIRACUNUNGA";-3;13;"Vereador";39536;0;0;0;0;33284;0;6252;"N";0;0;0;27791;488;0;0;0;0;0;0;0;0;2856;0;2149;0;0;"15:16:04";"27/10/2005"
"12/02/2026";"18:27:56";1996;2;"Eleição Ordinária";1;1996001;"Eleições Municipais 1996";"03/10/1996";"M";"SP";"68870";"PIRACUNUNGA";"68870";"PIRACUNUNGA";-3;11;"Prefeito";39536;0;0;0;0;33284;0;6252;"N";0;0;0;30515;0;0;0;0;0;0;0;0;0;576;0;2193;0;0;"15:16:04";"27/10/2005"
"12/02/2026";"18:27:56";1996;2;"Eleição Ordinária";1;1996001;"Eleições Municipais 1996";"03/10/1996";"M";"SP";"68896";"PIRATININGA";"68896";"PIRATININGA";-3;11;"Prefeito";7389;0;0;0;0;6364;0;1025;"N";0;0;0;5885;0;0;0;0;0;0;0;0;0;173;0;306;0;0;"15:16:04";"27/10/2005"
"12/02/2026";"18:27:56";1996;2;"Eleição Ordinária";1;1996001;"Eleições Municipais 1996";"03/10/1996";"M";"SP";"68896";"PIRATININGA";"68896";"PIRATININGA";-3;13;"Vereador";7389;0;0;0;0;6364;0;1025;"N";0;0;0;5217;24;0;0;0;0;0;0;0;0;773;0;350;0;0;"15:16:04";"27/10/2005"
"12/02/2026";"18:27:56";1996;2;"Eleição Ordinária";1;1996001;"Eleições Municipais 1996";"03/10/1996";"M";"SP";"68918";"PITANGUEIRAS";"68918";"PITANGUEIRAS";-3;13;"Vereador";18912;0;0;0;0;15964;0;2948;"N";0;0;0;13605;20;0;0;0;0;0;0;0;0;1536;0;803;0;0;"15:16:04";"27/10/2005"
"12/02/2026";"18:27:56";1996;2;"Eleição Ordinária";1;1996001;"Eleições Municipais 1996";"03/10/1996";"M";"SP";"68918";"PITANGUEIRAS";"68918";"PITANGUEIRAS";-3;11;"Prefeito";18912;0;0;0;0;15964;0;2948;"N";0;0;0;14519;0;0;0;0;0;0;0;0;0;465;0;980;0;0;"15:16:04";"27/10/2005"
"12/02/2026";"18:27:56";1996;2;"Eleição Ordinária";1;1996001;"Eleições Municipais 1996";"03/10/1996";"M";"SP";"68934";"PLANALTO";"68934";"PLANALTO";-3;13;"Vereador";2956;0;0;0;0;2570;0;386;"N";0;0;0;2274;7;0;0;0;0;0;0;0;0;226;0;63;0;0;"15:16:04";"27/10/2005"
"12/02/2026";"18:27:56";1996;2;"Eleição Ordinária";1;1996001;"Eleições Municipais 1996";"03/10/1996";"M";"SP";"68934";"PLANALTO";"68934";"PLANALTO";-3;11;"Prefeito";2956;0;0;0;0;2570;0;386;"N";0;0;0;2469;0;0;0;0;0;0;0;0;0;49;0;52;0;0;"15:16:04";"27/10/2005"
"12/02/2026";"18:27:56";1996;2;"Eleição Ordinária";1;1996001;"Eleições Municipais 1996";"03/10/1996";"M";"SP";"68950";"PLATINA";"68950";"PLATINA";-3;11;"Prefeito";2294;0;0;0;0;1997;0;297;"N";0;0;0;1877;0;0;0;0;0;0;0;0;0;46;0;74;0;0;"15:16:04";"27/10/2005"
"12/02/2026";"18:27:56";1996;2;"Eleição Ordinária";1;1996001;"Eleições Municipais 1996";"03/10/1996";"M";"SP";"68950";"PLATINA";"68950";"PLATINA";-3;13;"Vereador";2294;0;0;0;0;1997;0;297;"N";0;0;0;1681;6;0;0;0;0;0;0;0;0;200;0;110;0;0;"15:16:04";"27/10/2005"
"12/02/2026";"18:27:56";1996;2;"Eleição Ordinária";1;1996001;"Eleições Municipais 1996";"03/10/1996";"M";"SP";"68977";"POA";"68977";"POA";-3;13;"Vereador";54153;0;0;0;0;46537;0;7616;"N";0;0;0;34389;1627;0;0;0;0;0;0;0;0;6345;0;4176;0;0;"15:16:04";"27/10/2005"
"12/02/2026";"18:27:56";1996;2;"Eleição Ordinária";1;1996001;"Eleições Municipais 1996";"03/10/1996";"M";"SP";"68977";"POA";"68977";"POA";-3;11;"Prefeito";54153;0;0;0;0;46537;0;7616;"N";0;0;0;39341;0;0;0;0;0;0;0;0;0;1508;0;5688;0;0;"15:16:04";"27/10/2005"
"12/02/2026";"18:27:56";1996;2;"Eleição Ordinária";1;1996001;"Eleições Municipais 1996";"03/10/1996";"M";"SP";"68993";"POLONI";"68993";"POLONI";-3;13;"Vereador";4234;0;0;0;0;3861;0;373;"N";0;0;0;3531;0;0;0;0;0;0;0;0;0;245;0;85;0;0;"15:16:04";"27/10/2005"
"12/02/2026";"18:27:56";1996;2;"Eleição Ordinária";1;1996001;"Eleições Municipais 1996";"03/10/1996";"M";"SP";"68993";"POLONI";"68993";"POLONI";-3;11;"Prefeito";4234;0;0;0;0;3861;0;373;"N";0;0;0;3717;0;0;0;0;0;0;0;0;0;54;0;90;0;0;"15:16:04";"27/10/2005"
"12/02/2026";"18:27:56";1996;2;"Eleição Ordinária";1;1996001;"Eleições Municipais 1996";"03/10/1996";"M";"SP";"69019";"POMPEIA";"69019";"POMPEIA";-3;11;"Prefeito";12425;0;0;0;0;10715;0;1710;"N";0;0;0;9896;0;0;0;0;0;0;0;0;0;223;0;596;0;0;"15:16:04";"27/10/2005"
"12/02/2026";"18:27:56";1996;2;"Eleição Ordinária";1;1996001;"Eleições Municipais 1996";"03/10/1996";"M";"SP";"69019";"POMPEIA";"69019";"POMPEIA";-3;13;"Vereador";12425;0;0;0;0;10715;0;1710;"N";0;0;0;9512;55;0;0;0;0;0;0;0;0;756;0;392;0;0;"15:16:04";"27/10/2005"
"12/02/2026";"18:27:56";1996;2;"Eleição Ordinária";1;1996001;"Eleições Municipais 1996";"03/10/1996";"M";"SP";"69035";"PONGAI";"69035";"PONGAI";-3;13;"Vereador";3243;0;0;0;0;2870;0;373;"N";0;0;0;2586;4;0;0;0;0;0;0;0;0;195;0;85;0;0;"15:16:04";"27/10/2005"
"12/02/2026";"18:27:56";1996;2;"Eleição Ordinária";1;1996001;"Eleições Municipais 1996";"03/10/1996";"M";"SP";"69035";"PONGAI";"69035";"PONGAI";-3;11;"Prefeito";3243;0;0;0;0;2870;0;373;"N";0;0;0;2771;0;0;0;0;0;0;0;0;0;48;0;51;0;0;"15:16:04";"27/10/2005"
"12/02/2026";"18:27:56";1996;2;"Eleição Ordinária";1;1996001;"Eleições Municipais 1996";"03/10/1996";"M";"SP";"69051";"PONTAL";"69051";"PONTAL";-3;13;"Vereador";18715;0;0;0;0;16049;0;2666;"N";0;0;0;13660;16;0;0;0;0;0;0;0;0;1555;0;818;0;0;"15:16:04";"27/10/2005"
"12/02/2026";"18:27:56";1996;2;"Eleição Ordinária";1;1996001;"Eleições Municipais 1996";"03/10/1996";"M";"SP";"69051";"PONTAL";"69051";"PONTAL";-3;11;"Prefeito";18715;0;0;0;0;16049;0;2666;"N";0;0;0;14811;0;0;0;0;0;0;0;0;0;528;0;710;0;0;"15:16:04";"27/10/2005"
"12/02/2026";"18:27:56";1996;2;"Eleição Ordinária";1;1996001;"Eleições Municipais 1996";"03/10/1996";"M";"SP";"69078";"PONTES GESTAL";"69078";"PONTES GESTAL";-3;11;"Prefeito";2693;0;0;0;0;2325;0;368;"N";0;0;0;2229;0;0;0;0;0;0;0;0;0;42;0;54;0;0;"15:16:04";"27/10/2005"
"12/02/2026";"18:27:56";1996;2;"Eleição Ordinária";1;1996001;"Eleições Municipais 1996";"03/10/1996";"M";"SP";"69078";"PONTES GESTAL";"69078";"PONTES GESTAL";-3;13;"Vereador";2693;0;0;0;0;2325;0;368;"N";0;0;0;2062;9;0;0;0;0;0;0;0;0;172;0;82;0;0;"15:16:04";"27/10/2005"
"12/02/2026";"18:27:56";1996;2;"Eleição Ordinária";1;1996001;"Eleições Municipais 1996";"03/10/1996";"M";"SP";"69094";"POPULINA";"69094";"POPULINA";-3;13;"Vereador";4099;0;0;0;0;3598;0;501;"N";0;0;0;3328;12;0;0;0;0;0;0;0;0;173;0;85;0;0;"15:16:04";"27/10/2005"
"12/02/2026";"18:27:56";1996;2;"Eleição Ordinária";1;1996001;"Eleições Municipais 1996";"03/10/1996";"M";"SP";"69094";"POPULINA";"69094";"POPULINA";-3;11;"Prefeito";4099;0;0;0;0;3598;0;501;"N";0;0;0;3506;0;0;0;0;0;0;0;0;0;39;0;53;0;0;"15:16:04";"27/10/2005"
"12/02/2026";"18:27:56";1996;2;"Eleição Ordinária";1;1996001;"Eleições Municipais 1996";"03/10/1996";"M";"SP";"69116";"PORANGABA";"69116";"PORANGABA";-3;13;"Vereador";4697;0;0;0;0;3978;0;719;"N";0;0;0;3404;9;0;0;0;0;0;0;0;0;395;0;170;0;0;"15:16:04";"27/10/2005"
"12/02/2026";"18:27:56";1996;2;"Eleição Ordinária";1;1996001;"Eleições Municipais 1996";"03/10/1996";"M";"SP";"69116";"PORANGABA";"69116";"PORANGABA";-3;11;"Prefeito";4697;0;0;0;0;3978;0;719;"N";0;0;0;3817;0;0;0;0;0;0;0;0;0;43;0;118;0;0;"15:16:04";"27/10/2005"
"12/02/2026";"18:27:56";1996;2;"Eleição Ordinária";1;1996001;"Eleições Municipais 1996";"03/10/1996";"M";"SP";"69132";"PORTO FELIZ";"69132";"PORTO FELIZ";-3;11;"Prefeito";23728;0;0;0;0;21137;0;2591;"N";0;0;0;18714;0;0;0;0;0;0;0;0;0;618;0;1805;0;0;"15:16:04";"27/10/2005"
"12/02/2026";"18:27:56";1996;2;"Eleição Ordinária";1;1996001;"Eleições Municipais 1996";"03/10/1996";"M";"SP";"69132";"PORTO FELIZ";"69132";"PORTO FELIZ";-3;13;"Vereador";23728;0;0;0;0;21137;0;2591;"N";0;0;0;16211;355;0;0;0;0;0;0;0;0;3080;0;1491;0;0;"15:16:04";"27/10/2005"
"12/02/2026";"18:27:56";1996;2;"Eleição Ordinária";1;1996001;"Eleições Municipais 1996";"03/10/1996";"M";"SP";"69159";"PORTO FERREIRA";"69159";"PORTO FERREIRA";-3;13;"Vereador";27578;0;0;0;0;24735;0;2843;"N";0;0;0;21669;139;0;0;0;0;0;0;0;0;1784;0;1143;0;0;"15:16:04";"27/10/2005"
"12/02/2026";"18:27:56";1996;2;"Eleição Ordinária";1;1996001;"Eleições Municipais 1996";"03/10/1996";"M";"SP";"69159";"PORTO FERREIRA";"69159";"PORTO FERREIRA";-3;11;"Prefeito";27578;0;0;0;0;24735;0;2843;"N";0;0;0;22905;0;0;0;0;0;0;0;0;0;459;0;1371;0;0;"15:16:04";"27/10/2005"
"12/02/2026";"18:27:56";1996;2;"Eleição Ordinária";1;1996001;"Eleições Municipais 1996";"03/10/1996";"M";"SP";"69175";"POTIRENDABA";"69175";"POTIRENDABA";-3;13;"Vereador";8799;0;0;0;0;8198;0;601;"N";0;0;0;7309;9;0;0;0;0;0;0;0;0;619;0;261;0;0;"15:16:04";"27/10/2005"
"12/02/2026";"18:27:56";1996;2;"Eleição Ordinária";1;1996001;"Eleições Municipais 1996";"03/10/1996";"M";"SP";"69175";"POTIRENDABA";"69175";"POTIRENDABA";-3;11;"Prefeito";8799;0;0;0;0;8198;0;601;"N";0;0;0;7863;0;0;0;0;0;0;0;0;0;143;0;192;0;0;"15:16:04";"27/10/2005"
"12/02/2026";"18:27:56";1996;2;"Eleição Ordinária";1;1996001;"Eleições Municipais 1996";"03/10/1996";"M";"SP";"69191";"PRADOPOLIS";"69191";"PRADOPOLIS";-3;11;"Prefeito";7516;0;0;0;0;7012;0;504;"N";0;0;0;6676;0;0;0;0;0;0;0;0;0;91;0;245;0;0;"15:16:04";"27/10/2005"
"12/02/2026";"18:27:56";1996;2;"Eleição Ordinária";1;1996001;"Eleições Municipais 1996";"03/10/1996";"M";"SP";"69213";"PRAIA GRANDE";"69213";"PRAIA GRANDE";-3;13;"Vereador";89564;0;0;0;0;71734;0;17830;"N";0;0;0;58555;1651;0;0;0;0;0;0;0;0;7255;0;4273;0;0;"15:16:04";"27/10/2005"
"12/02/2026";"18:27:56";1996;2;"Eleição Ordinária";1;1996001;"Eleições Municipais 1996";"03/10/1996";"M";"SP";"69191";"PRADOPOLIS";"69191";"PRADOPOLIS";-3;13;"Vereador";7516;0;0;0;0;7012;0;504;"N";0;0;0;6373;7;0;0;0;0;0;0;0;0;391;0;241;0;0;"15:16:04";"27/10/2005"
"12/02/2026";"18:27:56";1996;2;"Eleição Ordinária";1;1996001;"Eleições Municipais 1996";"03/10/1996";"M";"SP";"69213";"PRAIA GRANDE";"69213";"PRAIA GRANDE";-3;11;"Prefeito";89564;0;0;0;0;71734;0;17830;"N";0;0;0;65056;0;0;0;0;0;0;0;0;0;1382;0;5296;0;0;"15:16:04";"27/10/2005"
"12/02/2026";"18:27:56";1996;2;"Eleição Ordinária";1;1996001;"Eleições Municipais 1996";"03/10/1996";"M";"SP";"69230";"PRESIDENTE ALVES";"69230";"PRESIDENTE ALVES";-3;13;"Vereador";3572;0;0;0;0;2963;0;609;"N";0;0;0;2600;5;0;0;0;0;0;0;0;0;241;0;117;0;0;"15:16:04";"27/10/2005"
"12/02/2026";"18:27:56";1996;2;"Eleição Ordinária";1;1996001;"Eleições Municipais 1996";"03/10/1996";"M";"SP";"69230";"PRESIDENTE ALVES";"69230";"PRESIDENTE ALVES";-3;11;"Prefeito";3572;0;0;0;0;2963;0;609;"N";0;0;0;2779;0;0;0;0;0;0;0;0;0;77;0;107;0;0;"15:16:04";"27/10/2005"
"12/02/2026";"18:27:56";1996;2;"Eleição Ordinária";1;1996001;"Eleições Municipais 1996";"03/10/1996";"M";"SP";"69256";"PRESIDENTE BERNARDES";"69256";"PRESIDENTE BERNARDES";-3;11;"Prefeito";9452;0;0;0;0;8249;0;1203;"N";0;0;0;8035;0;0;0;0;0;0;0;0;0;65;0;149;0;0;"15:16:04";"27/10/2005"
"12/02/2026";"18:27:56";1996;2;"Eleição Ordinária";1;1996001;"Eleições Municipais 1996";"03/10/1996";"M";"SP";"69256";"PRESIDENTE BERNARDES";"69256";"PRESIDENTE BERNARDES";-3;13;"Vereador";9452;0;0;0;0;8249;0;1203;"N";0;0;0;7421;16;0;0;0;0;0;0;0;0;621;0;191;0;0;"15:16:04";"27/10/2005"
"12/02/2026";"18:27:56";1996;2;"Eleição Ordinária";1;1996001;"Eleições Municipais 1996";"03/10/1996";"M";"SP";"69272";"PRESIDENTE EPITACIO";"69272";"PRESIDENTE EPITACIO";-3;13;"Vereador";22358;0;0;0;0;18040;0;4318;"N";0;0;0;14076;827;0;0;0;0;0;0;0;0;2296;0;841;0;0;"15:16:04";"27/10/2005"
"12/02/2026";"18:27:56";1996;2;"Eleição Ordinária";1;1996001;"Eleições Municipais 1996";"03/10/1996";"M";"SP";"69272";"PRESIDENTE EPITACIO";"69272";"PRESIDENTE EPITACIO";-3;11;"Prefeito";22358;0;0;0;0;18040;0;4318;"N";0;0;0;16444;0;0;0;0;0;0;0;0;0;420;0;1176;0;0;"15:16:04";"27/10/2005"
"12/02/2026";"18:27:56";1996;2;"Eleição Ordinária";1;1996001;"Eleições Municipais 1996";"03/10/1996";"M";"SP";"69299";"PRESIDENTE PRUDENTE";"69299";"PRESIDENTE PRUDENTE";-3;13;"Vereador";118657;0;0;0;0;101179;0;17478;"N";0;0;0;87437;589;0;0;0;0;0;0;0;0;8136;0;5017;0;0;"15:16:04";"27/10/2005"
"12/02/2026";"18:27:56";1996;2;"Eleição Ordinária";1;1996001;"Eleições Municipais 1996";"03/10/1996";"M";"SP";"69299";"PRESIDENTE PRUDENTE";"69299";"PRESIDENTE PRUDENTE";-3;11;"Prefeito";118657;0;0;0;0;101179;0;17478;"N";0;0;0;95390;0;0;0;0;0;0;0;0;0;1696;0;4093;0;0;"15:16:04";"27/10/2005"
"12/02/2026";"18:27:56";1996;2;"Eleição Ordinária";1;1996001;"Eleições Municipais 1996";"03/10/1996";"M";"SP";"69310";"PRESIDENTE VENCESLAU";"69310";"PRESIDENTE VENCESLAU";-3;11;"Prefeito";25115;0;0;0;0;20586;0;4529;"N";0;0;0;19110;0;0;0;0;0;0;0;0;0;313;0;1163;0;0;"15:16:04";"27/10/2005"
"12/02/2026";"18:27:56";1996;2;"Eleição Ordinária";1;1996001;"Eleições Municipais 1996";"03/10/1996";"M";"SP";"69310";"PRESIDENTE VENCESLAU";"69310";"PRESIDENTE VENCESLAU";-3;13;"Vereador";25115;0;0;0;0;20586;0;4529;"N";0;0;0;17579;163;0;0;0;0;0;0;0;0;1904;0;940;0;0;"15:16:04";"27/10/2005"
"12/02/2026";"18:27:56";1996;2;"Eleição Ordinária";1;1996001;"Eleições Municipais 1996";"03/10/1996";"M";"SP";"69337";"PROMISSAO";"69337";"PROMISSAO";-3;13;"Vereador";20349;0;0;0;0;17514;0;2835;"N";0;0;0;15545;106;0;0;0;0;0;0;0;0;1317;0;546;0;0;"15:16:04";"27/10/2005"
"12/02/2026";"18:27:56";1996;2;"Eleição Ordinária";1;1996001;"Eleições Municipais 1996";"03/10/1996";"M";"SP";"69337";"PROMISSAO";"69337";"PROMISSAO";-3;11;"Prefeito";20349;0;0;0;0;17514;0;2835;"N";0;0;0;16421;0;0;0;0;0;0;0;0;0;390;0;703;0;0;"15:16:04";"27/10/2005"
"12/02/2026";"18:27:56";1996;2;"Eleição Ordinária";1;1996001;"Eleições Municipais 1996";"03/10/1996";"M";"SP";"69353";"QUATA";"69353";"QUATA";-3;13;"Vereador";8358;0;0;0;0;7022;0;1336;"N";0;0;0;6137;26;0;0;0;0;0;0;0;0;613;0;246;0;0;"15:16:04";"27/10/2005"
"12/02/2026";"18:27:56";1996;2;"Eleição Ordinária";1;1996001;"Eleições Municipais 1996";"03/10/1996";"M";"SP";"69353";"QUATA";"69353";"QUATA";-3;11;"Prefeito";8358;0;0;0;0;7022;0;1336;"N";0;0;0;6767;0;0;0;0;0;0;0;0;0;69;0;186;0;0;"15:16:04";"27/10/2005"
"12/02/2026";"18:27:56";1996;2;"Eleição Ordinária";1;1996001;"Eleições Municipais 1996";"03/10/1996";"M";"SP";"69370";"QUEIROZ";"69370";"QUEIROZ";-3;11;"Prefeito";2145;0;0;0;0;1925;0;220;"N";0;0;0;1900;0;0;0;0;0;0;0;0;0;9;0;16;0;0;"15:16:04";"27/10/2005"
"12/02/2026";"18:27:56";1996;2;"Eleição Ordinária";1;1996001;"Eleições Municipais 1996";"03/10/1996";"M";"SP";"69370";"QUEIROZ";"69370";"QUEIROZ";-3;13;"Vereador";2145;0;0;0;0;1925;0;220;"N";0;0;0;1785;15;0;0;0;0;0;0;0;0;98;0;27;0;0;"15:16:04";"27/10/2005"
"12/02/2026";"18:27:56";1996;2;"Eleição Ordinária";1;1996001;"Eleições Municipais 1996";"03/10/1996";"M";"SP";"69396";"QUELUZ";"69396";"QUELUZ";-3;13;"Vereador";6463;0;0;0;0;5501;0;962;"N";0;0;0;4635;113;0;0;0;0;0;0;0;0;582;0;171;0;0;"15:16:04";"27/10/2005"
"12/02/2026";"18:27:56";1996;2;"Eleição Ordinária";1;1996001;"Eleições Municipais 1996";"03/10/1996";"M";"SP";"69396";"QUELUZ";"69396";"QUELUZ";-3;11;"Prefeito";6463;0;0;0;0;5501;0;962;"N";0;0;0;5139;0;0;0;0;0;0;0;0;0;110;0;252;0;0;"15:16:04";"27/10/2005"
"12/02/2026";"18:27:56";1996;2;"Eleição Ordinária";1;1996001;"Eleições Municipais 1996";"03/10/1996";"M";"SP";"69418";"QUINTANA";"69418";"QUINTANA";-3;13;"Vereador";3902;0;0;0;0;3389;0;513;"N";0;0;0;3018;16;0;0;0;0;0;0;0;0;254;0;101;0;0;"15:16:04";"27/10/2005"
"12/02/2026";"18:27:56";1996;2;"Eleição Ordinária";1;1996001;"Eleições Municipais 1996";"03/10/1996";"M";"SP";"69418";"QUINTANA";"69418";"QUINTANA";-3;11;"Prefeito";3902;0;0;0;0;3389;0;513;"N";0;0;0;3224;0;0;0;0;0;0;0;0;0;71;0;94;0;0;"15:16:04";"27/10/2005"
"12/02/2026";"18:27:56";1996;2;"Eleição Ordinária";1;1996001;"Eleições Municipais 1996";"03/10/1996";"M";"SP";"69434";"RAFARD";"69434";"RAFARD";-3;11;"Prefeito";7180;0;0;0;0;6292;0;888;"N";0;0;0;5811;0;0;0;0;0;0;0;0;0;134;0;347;0;0;"15:16:04";"27/10/2005"
"12/02/2026";"18:27:56";1996;2;"Eleição Ordinária";1;1996001;"Eleições Municipais 1996";"03/10/1996";"M";"SP";"69434";"RAFARD";"69434";"RAFARD";-3;13;"Vereador";7180;0;0;0;0;6292;0;888;"N";0;0;0;5117;50;0;0;0;0;0;0;0;0;752;0;373;0;0;"15:16:04";"27/10/2005"
"12/02/2026";"18:27:56";1996;2;"Eleição Ordinária";1;1996001;"Eleições Municipais 1996";"03/10/1996";"M";"SP";"69450";"RANCHARIA";"69450";"RANCHARIA";-3;13;"Vereador";19007;0;0;0;0;15826;0;3181;"N";0;0;0;13699;99;0;0;0;0;0;0;0;0;1292;0;736;0;0;"15:16:04";"27/10/2005"
"12/02/2026";"18:27:56";1996;2;"Eleição Ordinária";1;1996001;"Eleições Municipais 1996";"03/10/1996";"M";"SP";"69450";"RANCHARIA";"69450";"RANCHARIA";-3;11;"Prefeito";19007;0;0;0;0;15826;0;3181;"N";0;0;0;14828;0;0;0;0;0;0;0;0;0;319;0;679;0;0;"15:16:04";"27/10/2005"
"12/02/2026";"18:27:56";1996;2;"Eleição Ordinária";1;1996001;"Eleições Municipais 1996";"03/10/1996";"M";"SP";"69477";"REDENCAO DA SERRA";"69477";"REDENCAO DA SERRA";-3;13;"Vereador";3168;0;0;0;0;2885;0;283;"N";0;0;0;2393;7;0;0;0;0;0;0;0;0;386;0;99;0;0;"15:16:04";"27/10/2005"
"12/02/2026";"18:27:56";1996;2;"Eleição Ordinária";1;1996001;"Eleições Municipais 1996";"03/10/1996";"M";"SP";"69477";"REDENCAO DA SERRA";"69477";"REDENCAO DA SERRA";-3;11;"Prefeito";3168;0;0;0;0;2885;0;283;"N";0;0;0;2740;0;0;0;0;0;0;0;0;0;35;0;110;0;0;"15:16:04";"27/10/2005"
"12/02/2026";"18:27:56";1996;2;"Eleição Ordinária";1;1996001;"Eleições Municipais 1996";"03/10/1996";"M";"SP";"69493";"REGENTE FEIJO";"69493";"REGENTE FEIJO";-3;11;"Prefeito";10312;0;0;0;0;8936;0;1376;"N";0;0;0;8365;0;0;0;0;0;0;0;0;0;91;0;480;0;0;"15:16:04";"27/10/2005"
"12/02/2026";"18:27:56";1996;2;"Eleição Ordinária";1;1996001;"Eleições Municipais 1996";"03/10/1996";"M";"SP";"69493";"REGENTE FEIJO";"69493";"REGENTE FEIJO";-3;13;"Vereador";10312;0;0;0;0;8936;0;1376;"N";0;0;0;7660;28;0;0;0;0;0;0;0;0;810;0;438;0;0;"15:16:04";"27/10/2005"
"12/02/2026";"18:27:56";1996;2;"Eleição Ordinária";1;1996001;"Eleições Municipais 1996";"03/10/1996";"M";"SP";"69515";"REGINOPOLIS";"69515";"REGINOPOLIS";-3;13;"Vereador";4234;0;0;0;0;3618;0;616;"N";0;0;0;3086;6;0;0;0;0;0;0;0;0;378;0;148;0;0;"15:16:04";"27/10/2005"
"12/02/2026";"18:27:56";1996;2;"Eleição Ordinária";1;1996001;"Eleições Municipais 1996";"03/10/1996";"M";"SP";"69515";"REGINOPOLIS";"69515";"REGINOPOLIS";-3;11;"Prefeito";4234;0;0;0;0;3618;0;616;"N";0;0;0;3435;0;0;0;0;0;0;0;0;0;48;0;135;0;0;"15:16:04";"27/10/2005"
"12/02/2026";"18:27:56";1996;2;"Eleição Ordinária";1;1996001;"Eleições Municipais 1996";"03/10/1996";"M";"SP";"69531";"REGISTRO";"69531";"REGISTRO";-3;13;"Vereador";32321;0;0;0;0;25749;0;6572;"N";0;0;0;20235;389;0;0;0;0;0;0;0;0;3723;0;1402;0;0;"15:16:04";"27/10/2005"
"12/02/2026";"18:27:56";1996;2;"Eleição Ordinária";1;1996001;"Eleições Municipais 1996";"03/10/1996";"M";"SP";"69531";"REGISTRO";"69531";"REGISTRO";-3;11;"Prefeito";32321;0;0;0;0;25749;0;6572;"N";0;0;0;23392;0;0;0;0;0;0;0;0;0;540;0;1817;0;0;"15:16:04";"27/10/2005"
"12/02/2026";"18:27:56";1996;2;"Eleição Ordinária";1;1996001;"Eleições Municipais 1996";"03/10/1996";"M";"SP";"69558";"RESTINGA";"69558";"RESTINGA";-3;11;"Prefeito";4989;0;0;0;0;4346;0;643;"N";0;0;0;4107;0;0;0;0;0;0;0;0;0;90;0;149;0;0;"15:16:04";"27/10/2005"
"12/02/2026";"18:27:56";1996;2;"Eleição Ordinária";1;1996001;"Eleições Municipais 1996";"03/10/1996";"M";"SP";"69558";"RESTINGA";"69558";"RESTINGA";-3;13;"Vereador";4989;0;0;0;0;4346;0;643;"N";0;0;0;3762;9;0;0;0;0;0;0;0;0;313;0;262;0;0;"15:16:04";"27/10/2005"
"12/02/2026";"18:27:56";1996;2;"Eleição Ordinária";1;1996001;"Eleições Municipais 1996";"03/10/1996";"M";"SP";"69574";"RIBEIRA";"69574";"RIBEIRA";-3;13;"Vereador";3735;0;0;0;0;2918;0;817;"N";0;0;0;2413;1;0;0;0;0;0;0;0;0;383;0;121;0;0;"15:16:04";"27/10/2005"
"12/02/2026";"18:27:56";1996;2;"Eleição Ordinária";1;1996001;"Eleições Municipais 1996";"03/10/1996";"M";"SP";"69574";"RIBEIRA";"69574";"RIBEIRA";-3;11;"Prefeito";3735;0;0;0;0;2918;0;817;"N";0;0;0;2832;0;0;0;0;0;0;0;0;0;40;0;46;0;0;"15:16:04";"27/10/2005"
"12/02/2026";"18:27:56";1996;2;"Eleição Ordinária";1;1996001;"Eleições Municipais 1996";"03/10/1996";"M";"SP";"69590";"RIBEIRAO BONITO";"69590";"RIBEIRAO BONITO";-3;13;"Vereador";7964;0;0;0;0;6868;0;1096;"N";0;0;0;5864;25;0;0;0;0;0;0;0;0;700;0;279;0;0;"15:16:04";"27/10/2005"
"12/02/2026";"18:27:56";1996;2;"Eleição Ordinária";1;1996001;"Eleições Municipais 1996";"03/10/1996";"M";"SP";"69590";"RIBEIRAO BONITO";"69590";"RIBEIRAO BONITO";-3;11;"Prefeito";7964;0;0;0;0;6868;0;1096;"N";0;0;0;6425;0;0;0;0;0;0;0;0;0;98;0;345;0;0;"15:16:04";"27/10/2005"
"12/02/2026";"18:27:56";1996;2;"Eleição Ordinária";1;1996001;"Eleições Municipais 1996";"03/10/1996";"M";"SP";"69612";"RIBEIRAO BRANCO";"69612";"RIBEIRAO BRANCO";-3;11;"Prefeito";11111;0;0;0;0;9201;0;1910;"N";0;0;0;8668;0;0;0;0;0;0;0;0;0;116;0;417;0;0;"15:16:04";"27/10/2005"
"12/02/2026";"18:27:56";1996;2;"Eleição Ordinária";1;1996001;"Eleições Municipais 1996";"03/10/1996";"M";"SP";"69612";"RIBEIRAO BRANCO";"69612";"RIBEIRAO BRANCO";-3;13;"Vereador";11111;0;0;0;0;9201;0;1910;"N";0;0;0;7454;64;0;0;0;0;0;0;0;0;1428;0;255;0;0;"15:16:04";"27/10/2005"
"12/02/2026";"18:27:56";1996;2;"Eleição Ordinária";1;1996001;"Eleições Municipais 1996";"03/10/1996";"M";"SP";"69639";"RIBEIRAO CORRENTE";"69639";"RIBEIRAO CORRENTE";-3;13;"Vereador";3466;0;0;0;0;3012;0;454;"N";0;0;0;2600;5;0;0;0;0;0;0;0;0;240;0;167;0;0;"15:16:04";"27/10/2005"
"12/02/2026";"18:27:56";1996;2;"Eleição Ordinária";1;1996001;"Eleições Municipais 1996";"03/10/1996";"M";"SP";"69639";"RIBEIRAO CORRENTE";"69639";"RIBEIRAO CORRENTE";-3;11;"Prefeito";3466;0;0;0;0;3012;0;454;"N";0;0;0;2874;0;0;0;0;0;0;0;0;0;39;0;99;0;0;"15:16:04";"27/10/2005"
"12/02/2026";"18:27:56";1996;2;"Eleição Ordinária";1;1996001;"Eleições Municipais 1996";"03/10/1996";"M";"SP";"69655";"RIBEIRAO DO SUL";"69655";"RIBEIRAO DO SUL";-3;13;"Vereador";3553;0;0;0;0;3102;0;451;"N";0;0;0;2771;7;0;0;0;0;0;0;0;0;230;0;94;0;0;"15:16:04";"27/10/2005"
"12/02/2026";"18:27:56";1996;2;"Eleição Ordinária";1;1996001;"Eleições Municipais 1996";"03/10/1996";"M";"SP";"69655";"RIBEIRAO DO SUL";"69655";"RIBEIRAO DO SUL";-3;11;"Prefeito";3553;0;0;0;0;3102;0;451;"N";0;0;0;2996;0;0;0;0;0;0;0;0;0;39;0;67;0;0;"15:16:04";"27/10/2005"
"12/02/2026";"18:27:56";1996;2;"Eleição Ordinária";1;1996001;"Eleições Municipais 1996";"03/10/1996";"M";"SP";"69671";"RIBEIRAO PIRES";"69671";"RIBEIRAO PIRES";-3;11;"Prefeito";62203;0;0;0;0;54665;0;7538;"N";0;0;0;46548;0;0;0;0;0;0;0;0;0;1311;0;5903;0;0;"15:16:04";"27/10/2005"
"12/02/2026";"18:27:56";1996;2;"Eleição Ordinária";1;1996001;"Eleições Municipais 1996";"03/10/1996";"M";"SP";"69671";"RIBEIRAO PIRES";"69671";"RIBEIRAO PIRES";-3;13;"Vereador";62203;0;0;0;0;54665;0;7538;"N";0;0;0;40867;2104;0;0;0;0;0;0;0;0;6482;0;4027;0;0;"15:16:04";"27/10/2005"
"12/02/2026";"18:27:56";1996;2;"Eleição Ordinária";1;1996001;"Eleições Municipais 1996";"03/10/1996";"M";"SP";"69698";"RIBEIRAO PRETO";"69698";"RIBEIRAO PRETO";-3;13;"Vereador";285158;0;0;0;0;249215;0;35943;"N";0;0;0;193761;26642;0;0;0;0;0;0;0;0;8979;0;19833;0;0;"15:16:04";"27/10/2005"
"12/02/2026";"18:27:56";1996;2;"Eleição Ordinária";1;1996001;"Eleições Municipais 1996";"03/10/1996";"M";"SP";"69698";"RIBEIRAO PRETO";"69698";"RIBEIRAO PRETO";-3;11;"Prefeito";285158;0;0;0;0;249215;0;35943;"N";0;0;0;230524;0;0;0;0;0;0;0;0;0;3111;0;15580;0;0;"15:16:04";"27/10/2005"
"12/02/2026";"18:27:56";1996;2;"Eleição Ordinária";1;1996001;"Eleições Municipais 1996";"03/10/1996";"M";"SP";"69710";"RIVERSUL";"69710";"RIVERSUL";-3;13;"Vereador";6850;0;0;0;0;5707;0;1143;"N";0;0;0;4628;4;0;0;0;0;0;0;0;0;907;0;168;0;0;"15:16:04";"27/10/2005"
"12/02/2026";"18:27:56";1996;2;"Eleição Ordinária";1;1996001;"Eleições Municipais 1996";"03/10/1996";"M";"SP";"69710";"RIVERSUL";"69710";"RIVERSUL";-3;11;"Prefeito";6850;0;0;0;0;5707;0;1143;"N";0;0;0;5448;0;0;0;0;0;0;0;0;0;122;0;137;0;0;"15:16:04";"27/10/2005"
"12/02/2026";"18:27:56";1996;2;"Eleição Ordinária";1;1996001;"Eleições Municipais 1996";"03/10/1996";"M";"SP";"69736";"RIFAINA";"69736";"RIFAINA";-3;11;"Prefeito";3275;0;0;0;0;2874;0;401;"N";0;0;0;2818;0;0;0;0;0;0;0;0;0;14;0;42;0;0;"15:16:04";"27/10/2005"
"12/02/2026";"18:27:56";1996;2;"Eleição Ordinária";1;1996001;"Eleições Municipais 1996";"03/10/1996";"M";"SP";"69736";"RIFAINA";"69736";"RIFAINA";-3;13;"Vereador";3275;0;0;0;0;2874;0;401;"N";0;0;0;2651;7;0;0;0;0;0;0;0;0;149;0;67;0;0;"15:16:04";"27/10/2005"
"12/02/2026";"18:27:56";1996;2;"Eleição Ordinária";1;1996001;"Eleições Municipais 1996";"03/10/1996";"M";"SP";"69752";"RINCAO";"69752";"RINCAO";-3;13;"Vereador";6621;0;0;0;0;5608;0;1013;"N";0;0;0;4374;80;0;0;0;0;0;0;0;0;779;0;375;0;0;"15:16:04";"27/10/2005"
"12/02/2026";"18:27:56";1996;2;"Eleição Ordinária";1;1996001;"Eleições Municipais 1996";"03/10/1996";"M";"SP";"69752";"RINCAO";"69752";"RINCAO";-3;11;"Prefeito";6621;0;0;0;0;5608;0;1013;"N";0;0;0;5027;0;0;0;0;0;0;0;0;0;210;0;371;0;0;"15:16:04";"27/10/2005"
"12/02/2026";"18:27:56";1996;2;"Eleição Ordinária";1;1996001;"Eleições Municipais 1996";"03/10/1996";"M";"SP";"69779";"RINOPOLIS";"69779";"RINOPOLIS";-3;13;"Vereador";8779;0;0;0;0;7041;0;1738;"N";0;0;0;5928;17;0;0;0;0;0;0;0;0;725;0;371;0;0;"15:16:04";"27/10/2005"
"12/02/2026";"18:27:56";1996;2;"Eleição Ordinária";1;1996001;"Eleições Municipais 1996";"03/10/1996";"M";"SP";"69779";"RINOPOLIS";"69779";"RINOPOLIS";-3;11;"Prefeito";8779;0;0;0;0;7041;0;1738;"N";0;0;0;6559;0;0;0;0;0;0;0;0;0;196;0;286;0;0;"15:16:04";"27/10/2005"
"12/02/2026";"18:27:56";1996;2;"Eleição Ordinária";1;1996001;"Eleições Municipais 1996";"03/10/1996";"M";"SP";"69795";"RIO CLARO";"69795";"RIO CLARO";-3;11;"Prefeito";97328;0;0;0;0;85894;0;11434;"N";0;0;0;74706;0;0;0;0;0;0;0;0;0;2436;0;8752;0;0;"15:16:04";"27/10/2005"
"12/02/2026";"18:27:56";1996;2;"Eleição Ordinária";1;1996001;"Eleições Municipais 1996";"03/10/1996";"M";"SP";"69795";"RIO CLARO";"69795";"RIO CLARO";-3;13;"Vereador";97328;0;0;0;0;85894;0;11434;"N";0;0;0;68022;1641;0;0;0;0;0;0;0;0;8513;0;7718;0;0;"15:16:04";"27/10/2005"
"12/02/2026";"18:27:56";1996;2;"Eleição Ordinária";1;1996001;"Eleições Municipais 1996";"03/10/1996";"M";"SP";"69817";"RIO DAS PEDRAS";"69817";"RIO DAS PEDRAS";-3;13;"Vereador";15641;0;0;0;0;13811;0;1830;"N";0;0;0;11752;70;0;0;0;0;0;0;0;0;1234;0;755;0;0;"15:16:04";"27/10/2005"
"12/02/2026";"18:27:56";1996;2;"Eleição Ordinária";1;1996001;"Eleições Municipais 1996";"03/10/1996";"M";"SP";"69817";"RIO DAS PEDRAS";"69817";"RIO DAS PEDRAS";-3;11;"Prefeito";15641;0;0;0;0;13811;0;1830;"N";0;0;0;12775;0;0;0;0;0;0;0;0;0;315;0;721;0;0;"15:16:04";"27/10/2005"
"12/02/2026";"18:27:56";1996;2;"Eleição Ordinária";1;1996001;"Eleições Municipais 1996";"03/10/1996";"M";"SP";"69833";"RIO GRANDE DA SERRA";"69833";"RIO GRANDE DA SERRA";-3;13;"Vereador";24553;0;0;0;0;21269;0;3284;"N";0;0;0;16363;331;0;0;0;0;0;0;0;0;2559;0;1600;0;0;"15:16:04";"27/10/2005"
"12/02/2026";"18:27:56";1996;2;"Eleição Ordinária";1;1996001;"Eleições Municipais 1996";"03/10/1996";"M";"SP";"69833";"RIO GRANDE DA SERRA";"69833";"RIO GRANDE DA SERRA";-3;11;"Prefeito";24553;0;0;0;0;21269;0;3284;"N";0;0;0;18168;0;0;0;0;0;0;0;0;0;695;0;2406;0;0;"15:16:04";"27/10/2005"
"12/02/2026";"18:27:56";1996;2;"Eleição Ordinária";1;1996001;"Eleições Municipais 1996";"03/10/1996";"M";"SP";"69850";"RIOLANDIA";"69850";"RIOLANDIA";-3;11;"Prefeito";5948;0;0;0;0;4862;0;1086;"N";0;0;0;4635;0;0;0;0;0;0;0;0;0;91;0;136;0;0;"15:16:04";"27/10/2005"
"12/02/2026";"18:27:56";1996;2;"Eleição Ordinária";1;1996001;"Eleições Municipais 1996";"03/10/1996";"M";"SP";"69850";"RIOLANDIA";"69850";"RIOLANDIA";-3;13;"Vereador";5948;0;0;0;0;4862;0;1086;"N";0;0;0;4234;3;0;0;0;0;0;0;0;0;451;0;174;0;0;"15:16:04";"27/10/2005"
"12/02/2026";"18:27:56";1996;2;"Eleição Ordinária";1;1996001;"Eleições Municipais 1996";"03/10/1996";"M";"SP";"69876";"ROSEIRA";"69876";"ROSEIRA";-3;13;"Vereador";4722;0;0;0;0;4091;0;631;"N";0;0;0;3367;46;0;0;0;0;0;0;0;0;495;0;183;0;0;"15:16:04";"27/10/2005"
"12/02/2026";"18:27:56";1996;2;"Eleição Ordinária";1;1996001;"Eleições Municipais 1996";"03/10/1996";"M";"SP";"69876";"ROSEIRA";"69876";"ROSEIRA";-3;11;"Prefeito";4722;0;0;0;0;4091;0;631;"N";0;0;0;3809;0;0;0;0;0;0;0;0;0;85;0;197;0;0;"15:16:04";"27/10/2005"
"12/02/2026";"18:27:56";1996;2;"Eleição Ordinária";1;1996001;"Eleições Municipais 1996";"03/10/1996";"M";"SP";"69892";"RUBIACEA";"69892";"RUBIACEA";-3;13;"Vereador";2182;0;0;0;0;1913;0;269;"N";0;0;0;1706;0;0;0;0;0;0;0;0;0;134;0;73;0;0;"15:16:04";"27/10/2005"
"12/02/2026";"18:27:56";1996;2;"Eleição Ordinária";1;1996001;"Eleições Municipais 1996";"03/10/1996";"M";"SP";"69892";"RUBIACEA";"69892";"RUBIACEA";-3;11;"Prefeito";2182;0;0;0;0;1913;0;269;"N";0;0;0;1805;0;0;0;0;0;0;0;0;0;58;0;50;0;0;"15:16:04";"27/10/2005"
"12/02/2026";"18:27:56";1996;2;"Eleição Ordinária";1;1996001;"Eleições Municipais 1996";"03/10/1996";"M";"SP";"69914";"RUBINEIA";"69914";"RUBINEIA";-3;11;"Prefeito";2684;0;0;0;0;2273;0;411;"N";0;0;0;2167;0;0;0;0;0;0;0;0;0;50;0;56;0;0;"15:16:04";"27/10/2005"
"12/02/2026";"18:27:56";1996;2;"Eleição Ordinária";1;1996001;"Eleições Municipais 1996";"03/10/1996";"M";"SP";"69914";"RUBINEIA";"69914";"RUBINEIA";-3;13;"Vereador";2684;0;0;0;0;2273;0;411;"N";0;0;0;2083;5;0;0;0;0;0;0;0;0;118;0;67;0;0;"15:16:04";"27/10/2005"
"12/02/2026";"18:27:56";1996;2;"Eleição Ordinária";1;1996001;"Eleições Municipais 1996";"03/10/1996";"M";"SP";"69930";"SABINO";"69930";"SABINO";-3;13;"Vereador";4202;0;0;0;0;3801;0;401;"N";0;0;0;3469;5;0;0;0;0;0;0;0;0;231;0;96;0;0;"15:16:04";"27/10/2005"
"12/02/2026";"18:27:56";1996;2;"Eleição Ordinária";1;1996001;"Eleições Municipais 1996";"03/10/1996";"M";"SP";"69930";"SABINO";"69930";"SABINO";-3;11;"Prefeito";4202;0;0;0;0;3801;0;401;"N";0;0;0;3662;0;0;0;0;0;0;0;0;0;58;0;81;0;0;"15:16:04";"27/10/2005"
"12/02/2026";"18:27:56";1996;2;"Eleição Ordinária";1;1996001;"Eleições Municipais 1996";"03/10/1996";"M";"SP";"69957";"SAGRES";"69957";"SAGRES";-3;13;"Vereador";2281;0;0;0;0;1920;0;361;"N";0;0;0;1727;7;0;0;0;0;0;0;0;0;145;0;41;0;0;"15:16:04";"27/10/2005"
"12/02/2026";"18:27:56";1996;2;"Eleição Ordinária";1;1996001;"Eleições Municipais 1996";"03/10/1996";"M";"SP";"69957";"SAGRES";"69957";"SAGRES";-3;11;"Prefeito";2281;0;0;0;0;1920;0;361;"N";0;0;0;1851;0;0;0;0;0;0;0;0;0;35;0;34;0;0;"15:16:04";"27/10/2005"
"12/02/2026";"18:27:56";1996;2;"Eleição Ordinária";1;1996001;"Eleições Municipais 1996";"03/10/1996";"M";"SP";"69973";"SALES";"69973";"SALES";-3;11;"Prefeito";3524;0;0;0;0;3221;0;303;"N";0;0;0;3157;0;0;0;0;0;0;0;0;0;30;0;34;0;0;"15:16:04";"27/10/2005"
"12/02/2026";"18:27:56";1996;2;"Eleição Ordinária";1;1996001;"Eleições Municipais 1996";"03/10/1996";"M";"SP";"69973";"SALES";"69973";"SALES";-3;13;"Vereador";3524;0;0;0;0;3221;0;303;"N";0;0;0;2970;5;0;0;0;0;0;0;0;0;152;0;94;0;0;"15:16:04";"27/10/2005"
"12/02/2026";"18:27:56";1996;2;"Eleição Ordinária";1;1996001;"Eleições Municipais 1996";"03/10/1996";"M";"SP";"69990";"SALES OLIVEIRA";"69990";"SALES OLIVEIRA";-3;13;"Vereador";5577;0;0;0;0;5083;0;494;"N";0;0;0;4630;25;0;0;0;0;0;0;0;0;274;0;154;0;0;"15:16:04";"27/10/2005"
"12/02/2026";"18:27:56";1996;2;"Eleição Ordinária";1;1996001;"Eleições Municipais 1996";"03/10/1996";"M";"SP";"69990";"SALES OLIVEIRA";"69990";"SALES OLIVEIRA";-3;11;"Prefeito";5577;0;0;0;0;5083;0;494;"N";0;0;0;4807;0;0;0;0;0;0;0;0;0;111;0;165;0;0;"15:16:04";"27/10/2005"
"12/02/2026";"18:27:56";1996;2;"Eleição Ordinária";1;1996001;"Eleições Municipais 1996";"03/10/1996";"M";"SP";"70017";"SALESOPOLIS";"70017";"SALESOPOLIS";-3;13;"Vereador";10099;0;0;0;0;8802;0;1297;"N";0;0;0;7249;57;0;0;0;0;0;0;0;0;1104;0;392;0;0;"15:16:04";"27/10/2005"
"12/02/2026";"18:27:56";1996;2;"Eleição Ordinária";1;1996001;"Eleições Municipais 1996";"03/10/1996";"M";"SP";"70017";"SALESOPOLIS";"70017";"SALESOPOLIS";-3;11;"Prefeito";10099;0;0;0;0;8802;0;1297;"N";0;0;0;8015;0;0;0;0;0;0;0;0;0;216;0;571;0;0;"15:16:04";"27/10/2005"
"12/02/2026";"18:27:56";1996;2;"Eleição Ordinária";1;1996001;"Eleições Municipais 1996";"03/10/1996";"M";"SP";"70033";"SALMORAO";"70033";"SALMORAO";-3;11;"Prefeito";3991;0;0;0;0;3252;0;739;"N";0;0;0;3145;0;0;0;0;0;0;0;0;0;36;0;71;0;0;"15:16:04";"27/10/2005"
"12/02/2026";"18:27:56";1996;2;"Eleição Ordinária";1;1996001;"Eleições Municipais 1996";"03/10/1996";"M";"SP";"70033";"SALMORAO";"70033";"SALMORAO";-3;13;"Vereador";3991;0;0;0;0;3252;0;739;"N";0;0;0;2876;8;0;0;0;0;0;0;0;0;273;0;95;0;0;"15:16:04";"27/10/2005"
"12/02/2026";"18:27:56";1996;2;"Eleição Ordinária";1;1996001;"Eleições Municipais 1996";"03/10/1996";"M";"SP";"70050";"SALTO";"70050";"SALTO";-3;13;"Vereador";52158;0;0;0;0;46577;0;5581;"N";0;0;0;37599;729;0;0;0;0;0;0;0;0;4876;0;3373;0;0;"15:16:04";"27/10/2005"
"12/02/2026";"18:27:56";1996;2;"Eleição Ordinária";1;1996001;"Eleições Municipais 1996";"03/10/1996";"M";"SP";"70050";"SALTO";"70050";"SALTO";-3;11;"Prefeito";52158;0;0;0;0;46577;0;5581;"N";0;0;0;41867;0;0;0;0;0;0;0;0;0;1213;0;3497;0;0;"15:16:04";"27/10/2005"
"12/02/2026";"18:27:56";1996;2;"Eleição Ordinária";1;1996001;"Eleições Municipais 1996";"03/10/1996";"M";"SP";"70076";"SALTO DE PIRAPORA";"70076";"SALTO DE PIRAPORA";-3;13;"Vereador";16410;0;0;0;0;14647;0;1763;"N";0;0;0;12076;153;0;0;0;0;0;0;0;0;1679;0;739;0;0;"15:16:04";"27/10/2005"
"12/02/2026";"18:27:56";1996;2;"Eleição Ordinária";1;1996001;"Eleições Municipais 1996";"03/10/1996";"M";"SP";"70076";"SALTO DE PIRAPORA";"70076";"SALTO DE PIRAPORA";-3;11;"Prefeito";16410;0;0;0;0;14647;0;1763;"N";0;0;0;13656;0;0;0;0;0;0;0;0;0;268;0;723;0;0;"15:16:04";"27/10/2005"
"12/02/2026";"18:27:56";1996;2;"Eleição Ordinária";1;1996001;"Eleições Municipais 1996";"03/10/1996";"M";"SP";"70092";"SALTO GRANDE";"70092";"SALTO GRANDE";-3;11;"Prefeito";5167;0;0;0;0;4311;0;856;"N";0;0;0;4125;0;0;0;0;0;0;0;0;0;58;0;128;0;0;"15:16:04";"27/10/2005"
"12/02/2026";"18:27:56";1996;2;"Eleição Ordinária";1;1996001;"Eleições Municipais 1996";"03/10/1996";"M";"SP";"70092";"SALTO GRANDE";"70092";"SALTO GRANDE";-3;13;"Vereador";5167;0;0;0;0;4311;0;856;"N";0;0;0;3579;35;0;0;0;0;0;0;0;0;516;0;181;0;0;"15:16:04";"27/10/2005"
"12/02/2026";"18:27:56";1996;2;"Eleição Ordinária";1;1996001;"Eleições Municipais 1996";"03/10/1996";"M";"SP";"70114";"SANDOVALINA";"70114";"SANDOVALINA";-3;13;"Vereador";2446;0;0;0;0;2149;0;297;"N";0;0;0;1951;3;0;0;0;0;0;0;0;0;113;0;82;0;0;"15:16:04";"27/10/2005"
"12/02/2026";"18:27:56";1996;2;"Eleição Ordinária";1;1996001;"Eleições Municipais 1996";"03/10/1996";"M";"SP";"70114";"SANDOVALINA";"70114";"SANDOVALINA";-3;11;"Prefeito";2446;0;0;0;0;2149;0;297;"N";0;0;0;2102;0;0;0;0;0;0;0;0;0;17;0;30;0;0;"15:16:04";"27/10/2005"
"12/02/2026";"18:27:56";1996;2;"Eleição Ordinária";1;1996001;"Eleições Municipais 1996";"03/10/1996";"M";"SP";"70130";"SANTA ADELIA";"70130";"SANTA ADELIA";-3;13;"Vereador";8710;0;0;0;0;7777;0;933;"N";0;0;0;6949;32;0;0;0;0;0;0;0;0;515;0;281;0;0;"15:16:04";"27/10/2005"
"12/02/2026";"18:27:56";1996;2;"Eleição Ordinária";1;1996001;"Eleições Municipais 1996";"03/10/1996";"M";"SP";"70130";"SANTA ADELIA";"70130";"SANTA ADELIA";-3;11;"Prefeito";8710;0;0;0;0;7777;0;933;"N";0;0;0;7371;0;0;0;0;0;0;0;0;0;99;0;307;0;0;"15:16:04";"27/10/2005"
"12/02/2026";"18:27:56";1996;2;"Eleição Ordinária";1;1996001;"Eleições Municipais 1996";"03/10/1996";"M";"SP";"70157";"SANTA ALBERTINA";"70157";"SANTA ALBERTINA";-3;11;"Prefeito";4771;0;0;0;0;3866;0;905;"N";0;0;0;2832;0;0;0;0;0;0;0;0;0;930;0;104;0;0;"15:16:04";"27/10/2005"
"12/02/2026";"18:27:56";1996;2;"Eleição Ordinária";1;1996001;"Eleições Municipais 1996";"03/10/1996";"M";"SP";"70157";"SANTA ALBERTINA";"70157";"SANTA ALBERTINA";-3;13;"Vereador";4771;0;0;0;0;3866;0;905;"N";0;0;0;3319;55;0;0;0;0;0;0;0;0;327;0;165;0;0;"15:16:04";"27/10/2005"
"12/02/2026";"18:27:56";1996;2;"Eleição Ordinária";1;1996001;"Eleições Municipais 1996";"03/10/1996";"M";"SP";"70173";"SANTA BARBARA D OESTE";"70173";"SANTA BARBARA D OESTE";-3;13;"Vereador";83966;0;0;0;0;75459;0;8507;"N";0;0;0;58581;1315;0;0;0;0;0;0;0;0;8246;0;7317;0;0;"15:16:04";"27/10/2005"
"12/02/2026";"18:27:56";1996;2;"Eleição Ordinária";1;1996001;"Eleições Municipais 1996";"03/10/1996";"M";"SP";"70173";"SANTA BARBARA D OESTE";"70173";"SANTA BARBARA D OESTE";-3;11;"Prefeito";83966;0;0;0;0;75459;0;8507;"N";0;0;0;64354;0;0;0;0;0;0;0;0;0;3207;0;7898;0;0;"15:16:04";"27/10/2005"
"12/02/2026";"18:27:56";1996;2;"Eleição Ordinária";1;1996001;"Eleições Municipais 1996";"03/10/1996";"M";"SP";"70190";"AGUAS DE SANTA BARBARA";"70190";"AGUAS DE SANTA BARBARA";-3;13;"Vereador";2905;0;0;0;0;2508;0;397;"N";0;0;0;2252;11;0;0;0;0;0;0;0;0;159;0;86;0;0;"15:16:04";"27/10/2005"
"12/02/2026";"18:27:56";1996;2;"Eleição Ordinária";1;1996001;"Eleições Municipais 1996";"03/10/1996";"M";"SP";"70190";"AGUAS DE SANTA BARBARA";"70190";"AGUAS DE SANTA BARBARA";-3;11;"Prefeito";2905;0;0;0;0;2508;0;397;"N";0;0;0;2408;0;0;0;0;0;0;0;0;0;44;0;56;0;0;"15:16:04";"27/10/2005"
"12/02/2026";"18:27:56";1996;2;"Eleição Ordinária";1;1996001;"Eleições Municipais 1996";"03/10/1996";"M";"SP";"70211";"SANTA BRANCA";"70211";"SANTA BRANCA";-3;11;"Prefeito";8789;0;0;0;0;7661;0;1128;"N";0;0;0;6977;0;0;0;0;0;0;0;0;0;149;0;535;0;0;"15:16:04";"27/10/2005"
"12/02/2026";"18:27:56";1996;2;"Eleição Ordinária";1;1996001;"Eleições Municipais 1996";"03/10/1996";"M";"SP";"70211";"SANTA BRANCA";"70211";"SANTA BRANCA";-3;13;"Vereador";8789;0;0;0;0;7661;0;1128;"N";0;0;0;6184;102;0;0;0;0;0;0;0;0;957;0;418;0;0;"15:16:04";"27/10/2005"
"12/02/2026";"18:27:56";1996;2;"Eleição Ordinária";1;1996001;"Eleições Municipais 1996";"03/10/1996";"M";"SP";"70238";"SANTA CLARA D OESTE";"70238";"SANTA CLARA D OESTE";-3;13;"Vereador";2209;0;0;0;0;1685;0;524;"N";0;0;0;1554;20;0;0;0;0;0;0;0;0;81;0;30;0;0;"15:16:04";"27/10/2005"
"12/02/2026";"18:27:56";1996;2;"Eleição Ordinária";1;1996001;"Eleições Municipais 1996";"03/10/1996";"M";"SP";"70238";"SANTA CLARA D OESTE";"70238";"SANTA CLARA D OESTE";-3;11;"Prefeito";2209;0;0;0;0;1685;0;524;"N";0;0;0;1643;0;0;0;0;0;0;0;0;0;24;0;18;0;0;"15:16:04";"27/10/2005"
"12/02/2026";"18:27:56";1996;2;"Eleição Ordinária";1;1996001;"Eleições Municipais 1996";"03/10/1996";"M";"SP";"70254";"SANTA CRUZ DA CONCEICAO";"70254";"SANTA CRUZ DA CONCEICAO";-3;13;"Vereador";2479;0;0;0;0;2132;0;347;"N";0;0;0;1889;9;0;0;0;0;0;0;0;0;121;0;113;0;0;"15:16:04";"27/10/2005"
"12/02/2026";"18:27:56";1996;2;"Eleição Ordinária";1;1996001;"Eleições Municipais 1996";"03/10/1996";"M";"SP";"70254";"SANTA CRUZ DA CONCEICAO";"70254";"SANTA CRUZ DA CONCEICAO";-3;11;"Prefeito";2479;0;0;0;0;2132;0;347;"N";0;0;0;1654;0;0;0;0;0;0;0;0;0;258;0;220;0;0;"15:16:04";"27/10/2005"
"12/02/2026";"18:27:56";1996;2;"Eleição Ordinária";1;1996001;"Eleições Municipais 1996";"03/10/1996";"M";"SP";"70270";"SANTA CRUZ DAS PALMEIRAS";"70270";"SANTA CRUZ DAS PALMEIRAS";-3;11;"Prefeito";15521;0;0;0;0;13679;0;1842;"N";0;0;0;12777;0;0;0;0;0;0;0;0;0;295;0;607;0;0;"15:16:04";"27/10/2005"
"12/02/2026";"18:27:56";1996;2;"Eleição Ordinária";1;1996001;"Eleições Municipais 1996";"03/10/1996";"M";"SP";"70270";"SANTA CRUZ DAS PALMEIRAS";"70270";"SANTA CRUZ DAS PALMEIRAS";-3;13;"Vereador";15521;0;0;0;0;13679;0;1842;"N";0;0;0;11682;65;0;0;0;0;0;0;0;0;1429;0;503;0;0;"15:16:04";"27/10/2005"
"12/02/2026";"18:27:56";1996;2;"Eleição Ordinária";1;1996001;"Eleições Municipais 1996";"03/10/1996";"M";"SP";"70297";"SANTA CRUZ DO RIO PARDO";"70297";"SANTA CRUZ DO RIO PARDO";-3;13;"Vereador";25042;0;0;0;0;21640;0;3402;"N";0;0;0;17676;78;0;0;0;0;0;0;0;0;2319;0;1188;0;0;"15:16:04";"27/10/2005"
"12/02/2026";"18:27:56";1996;2;"Eleição Ordinária";1;1996001;"Eleições Municipais 1996";"03/10/1996";"M";"SP";"70297";"SANTA CRUZ DO RIO PARDO";"70297";"SANTA CRUZ DO RIO PARDO";-3;11;"Prefeito";25042;0;0;0;0;21640;0;3402;"N";0;0;0;18631;0;0;0;0;0;0;0;0;0;399;0;1406;0;0;"15:16:04";"27/10/2005"
"12/02/2026";"18:27:56";1996;2;"Eleição Ordinária";1;1996001;"Eleições Municipais 1996";"03/10/1996";"M";"SP";"70319";"SANTA ERNESTINA";"70319";"SANTA ERNESTINA";-3;13;"Vereador";4572;0;0;0;0;3887;0;685;"N";0;0;0;3400;6;0;0;0;0;0;0;0;0;330;0;151;0;0;"15:16:04";"27/10/2005"
"12/02/2026";"18:27:56";1996;2;"Eleição Ordinária";1;1996001;"Eleições Municipais 1996";"03/10/1996";"M";"SP";"70319";"SANTA ERNESTINA";"70319";"SANTA ERNESTINA";-3;11;"Prefeito";4572;0;0;0;0;3887;0;685;"N";0;0;0;3719;0;0;0;0;0;0;0;0;0;30;0;138;0;0;"15:16:04";"27/10/2005"
"12/02/2026";"18:27:56";1996;2;"Eleição Ordinária";1;1996001;"Eleições Municipais 1996";"03/10/1996";"M";"SP";"70335";"SANTA FE DO SUL";"70335";"SANTA FE DO SUL";-3;11;"Prefeito";16785;0;0;0;0;13958;0;2827;"N";0;0;0;13122;0;0;0;0;0;0;0;0;0;253;0;583;0;0;"15:16:04";"27/10/2005"
"12/02/2026";"18:27:56";1996;2;"Eleição Ordinária";1;1996001;"Eleições Municipais 1996";"03/10/1996";"M";"SP";"70335";"SANTA FE DO SUL";"70335";"SANTA FE DO SUL";-3;13;"Vereador";16785;0;0;0;0;13958;0;2827;"N";0;0;0;12456;49;0;0;0;0;0;0;0;0;959;0;494;0;0;"15:16:04";"27/10/2005"
"12/02/2026";"18:27:56";1996;2;"Eleição Ordinária";1;1996001;"Eleições Municipais 1996";"03/10/1996";"M";"SP";"70351";"SANTA GERTRUDES";"70351";"SANTA GERTRUDES";-3;13;"Vereador";8301;0;0;0;0;7519;0;782;"N";0;0;0;6508;95;0;0;0;0;0;0;0;0;590;0;326;0;0;"15:16:04";"27/10/2005"
"12/02/2026";"18:27:56";1996;2;"Eleição Ordinária";1;1996001;"Eleições Municipais 1996";"03/10/1996";"M";"SP";"70351";"SANTA GERTRUDES";"70351";"SANTA GERTRUDES";-3;11;"Prefeito";8301;0;0;0;0;7519;0;782;"N";0;0;0;7008;0;0;0;0;0;0;0;0;0;139;0;372;0;0;"15:16:04";"27/10/2005"
"12/02/2026";"18:27:56";1996;2;"Eleição Ordinária";1;1996001;"Eleições Municipais 1996";"03/10/1996";"M";"SP";"70378";"SANTA ISABEL";"70378";"SANTA ISABEL";-3;13;"Vereador";25415;0;0;0;0;22046;0;3369;"N";0;0;0;16128;481;0;0;0;0;0;0;0;0;3701;0;1736;0;0;"15:16:04";"27/10/2005"
"12/02/2026";"18:27:56";1996;2;"Eleição Ordinária";1;1996001;"Eleições Municipais 1996";"03/10/1996";"M";"SP";"70378";"SANTA ISABEL";"70378";"SANTA ISABEL";-3;11;"Prefeito";25415;0;0;0;0;22046;0;3369;"N";0;0;0;18901;0;0;0;0;0;0;0;0;0;654;0;2491;0;0;"15:16:04";"27/10/2005"
"12/02/2026";"18:27:56";1996;2;"Eleição Ordinária";1;1996001;"Eleições Municipais 1996";"03/10/1996";"M";"SP";"70394";"SANTA LUCIA";"70394";"SANTA LUCIA";-3;11;"Prefeito";5434;0;0;0;0;4764;0;670;"N";0;0;0;4214;0;0;0;0;0;0;0;0;0;287;0;263;0;0;"15:16:04";"27/10/2005"
"12/02/2026";"18:27:56";1996;2;"Eleição Ordinária";1;1996001;"Eleições Municipais 1996";"03/10/1996";"M";"SP";"70394";"SANTA LUCIA";"70394";"SANTA LUCIA";-3;13;"Vereador";5434;0;0;0;0;4764;0;670;"N";0;0;0;3927;6;0;0;0;0;0;0;0;0;544;0;287;0;0;"15:16:04";"27/10/2005"
"12/02/2026";"18:27:56";1996;2;"Eleição Ordinária";1;1996001;"Eleições Municipais 1996";"03/10/1996";"M";"SP";"70416";"SANTA MARIA DA SERRA";"70416";"SANTA MARIA DA SERRA";-3;13;"Vereador";3244;0;0;0;0;2693;0;551;"N";0;0;0;2276;9;0;0;0;0;0;0;0;0;298;0;110;0;0;"15:16:04";"27/10/2005"
"12/02/2026";"18:27:56";1996;2;"Eleição Ordinária";1;1996001;"Eleições Municipais 1996";"03/10/1996";"M";"SP";"70416";"SANTA MARIA DA SERRA";"70416";"SANTA MARIA DA SERRA";-3;11;"Prefeito";3244;0;0;0;0;2693;0;551;"N";0;0;0;2521;0;0;0;0;0;0;0;0;0;48;0;124;0;0;"15:16:04";"27/10/2005"
"12/02/2026";"18:27:56";1996;2;"Eleição Ordinária";1;1996001;"Eleições Municipais 1996";"03/10/1996";"M";"SP";"70432";"SANTA MERCEDES";"70432";"SANTA MERCEDES";-3;13;"Vereador";2626;0;0;0;0;1968;0;658;"N";0;0;0;1749;8;0;0;0;0;0;0;0;0;155;0;56;0;0;"15:16:04";"27/10/2005"
"12/02/2026";"18:27:56";1996;2;"Eleição Ordinária";1;1996001;"Eleições Municipais 1996";"03/10/1996";"M";"SP";"70432";"SANTA MERCEDES";"70432";"SANTA MERCEDES";-3;11;"Prefeito";2626;0;0;0;0;1968;0;658;"N";0;0;0;1888;0;0;0;0;0;0;0;0;0;35;0;45;0;0;"15:16:04";"27/10/2005"
"12/02/2026";"18:27:56";1996;2;"Eleição Ordinária";1;1996001;"Eleições Municipais 1996";"03/10/1996";"M";"SP";"70459";"SANTANA DA PONTE PENSA";"70459";"SANTANA DA PONTE PENSA";-3;11;"Prefeito";2033;0;0;0;0;1836;0;197;"N";0;0;0;1783;0;0;0;0;0;0;0;0;0;25;0;28;0;0;"15:16:04";"27/10/2005"
"12/02/2026";"18:27:56";1996;2;"Eleição Ordinária";1;1996001;"Eleições Municipais 1996";"03/10/1996";"M";"SP";"70459";"SANTANA DA PONTE PENSA";"70459";"SANTANA DA PONTE PENSA";-3;13;"Vereador";2033;0;0;0;0;1836;0;197;"N";0;0;0;1679;5;0;0;0;0;0;0;0;0;103;0;49;0;0;"15:16:04";"27/10/2005"
"12/02/2026";"18:27:56";1996;2;"Eleição Ordinária";1;1996001;"Eleições Municipais 1996";"03/10/1996";"M";"SP";"70475";"SANTANA DE PARNAIBA";"70475";"SANTANA DE PARNAIBA";-3;13;"Vereador";26284;0;0;0;0;22161;0;4123;"N";0;0;0;17236;317;0;0;0;0;0;0;0;0;2878;0;1480;0;0;"15:16:04";"27/10/2005"
"12/02/2026";"18:27:56";1996;2;"Eleição Ordinária";1;1996001;"Eleições Municipais 1996";"03/10/1996";"M";"SP";"70475";"SANTANA DE PARNAIBA";"70475";"SANTANA DE PARNAIBA";-3;11;"Prefeito";26284;0;0;0;0;22161;0;4123;"N";0;0;0;19436;0;0;0;0;0;0;0;0;0;666;0;2059;0;0;"15:16:04";"27/10/2005"
"12/02/2026";"18:27:56";1996;2;"Eleição Ordinária";1;1996001;"Eleições Municipais 1996";"03/10/1996";"M";"SP";"70491";"SANTA RITA D OESTE";"70491";"SANTA RITA D OESTE";-3;13;"Vereador";2742;0;0;0;0;2428;0;314;"N";0;0;0;2234;8;0;0;0;0;0;0;0;0;140;0;46;0;0;"15:16:04";"27/10/2005"
"12/02/2026";"18:27:56";1996;2;"Eleição Ordinária";1;1996001;"Eleições Municipais 1996";"03/10/1996";"M";"SP";"70491";"SANTA RITA D OESTE";"70491";"SANTA RITA D OESTE";-3;11;"Prefeito";2742;0;0;0;0;2428;0;314;"N";0;0;0;2370;0;0;0;0;0;0;0;0;0;25;0;33;0;0;"15:16:04";"27/10/2005"
"12/02/2026";"18:27:56";1996;2;"Eleição Ordinária";1;1996001;"Eleições Municipais 1996";"03/10/1996";"M";"SP";"70513";"SANTA RITA DO PASSA QUATRO";"70513";"SANTA RITA DO PASSA QUATRO";-3;11;"Prefeito";17497;0;0;0;0;15183;0;2314;"N";0;0;0;14137;0;0;0;0;0;0;0;0;0;250;0;796;0;0;"15:16:04";"27/10/2005"
"12/02/2026";"18:27:56";1996;2;"Eleição Ordinária";1;1996001;"Eleições Municipais 1996";"03/10/1996";"M";"SP";"70513";"SANTA RITA DO PASSA QUATRO";"70513";"SANTA RITA DO PASSA QUATRO";-3;13;"Vereador";17497;0;0;0;0;15183;0;2314;"N";0;0;0;13207;63;0;0;0;0;0;0;0;0;1223;0;690;0;0;"15:16:04";"27/10/2005"
"12/02/2026";"18:27:56";1996;2;"Eleição Ordinária";1;1996001;"Eleições Municipais 1996";"03/10/1996";"M";"SP";"70530";"SANTA ROSA DE VITERBO";"70530";"SANTA ROSA DE VITERBO";-3;13;"Vereador";14629;0;0;0;0;12609;0;2020;"N";0;0;0;11327;56;0;0;0;0;0;0;0;0;710;0;516;0;0;"15:16:04";"27/10/2005"
"12/02/2026";"18:27:56";1996;2;"Eleição Ordinária";1;1996001;"Eleições Municipais 1996";"03/10/1996";"M";"SP";"70530";"SANTA ROSA DE VITERBO";"70530";"SANTA ROSA DE VITERBO";-3;11;"Prefeito";14629;0;0;0;0;12609;0;2020;"N";0;0;0;11775;0;0;0;0;0;0;0;0;0;249;0;585;0;0;"15:16:04";"27/10/2005"
"12/02/2026";"18:27:56";1996;2;"Eleição Ordinária";1;1996001;"Eleições Municipais 1996";"03/10/1996";"M";"SP";"70556";"SANTO ANASTACIO";"70556";"SANTO ANASTACIO";-3;13;"Vereador";14790;0;0;0;0;12352;0;2438;"N";0;0;0;10467;33;0;0;0;0;0;0;0;0;1383;0;469;0;0;"15:16:04";"27/10/2005"
"12/02/2026";"18:27:56";1996;2;"Eleição Ordinária";1;1996001;"Eleições Municipais 1996";"03/10/1996";"M";"SP";"70556";"SANTO ANASTACIO";"70556";"SANTO ANASTACIO";-3;11;"Prefeito";14790;0;0;0;0;12352;0;2438;"N";0;0;0;11761;0;0;0;0;0;0;0;0;0;175;0;416;0;0;"15:16:04";"27/10/2005"
"12/02/2026";"18:27:56";1996;2;"Eleição Ordinária";1;1996001;"Eleições Municipais 1996";"03/10/1996";"M";"SP";"70572";"SANTO ANDRE";"70572";"SANTO ANDRE";-3;11;"Prefeito";454416;0;0;0;0;391954;0;62462;"N";0;0;0;333041;0;0;0;0;0;0;0;0;0;10277;0;48636;0;0;"15:16:04";"27/10/2005"
"12/02/2026";"18:27:56";1996;2;"Eleição Ordinária";1;1996001;"Eleições Municipais 1996";"03/10/1996";"M";"SP";"70572";"SANTO ANDRE";"70572";"SANTO ANDRE";-3;13;"Vereador";454416;0;0;0;0;391954;0;62462;"N";0;0;0;251549;76947;0;0;0;0;0;0;0;0;19026;0;44432;0;0;"15:16:04";"27/10/2005"
"12/02/2026";"18:27:56";1996;2;"Eleição Ordinária";1;1996001;"Eleições Municipais 1996";"03/10/1996";"M";"SP";"70599";"SANTO ANTONIO DA ALEGRIA";"70599";"SANTO ANTONIO DA ALEGRIA";-3;13;"Vereador";4743;0;0;0;0;4140;0;603;"N";0;0;0;3647;5;0;0;0;0;0;0;0;0;369;0;119;0;0;"15:16:04";"27/10/2005"
"12/02/2026";"18:27:56";1996;2;"Eleição Ordinária";1;1996001;"Eleições Municipais 1996";"03/10/1996";"M";"SP";"70599";"SANTO ANTONIO DA ALEGRIA";"70599";"SANTO ANTONIO DA ALEGRIA";-3;11;"Prefeito";4743;0;0;0;0;4140;0;603;"N";0;0;0;3934;0;0;0;0;0;0;0;0;0;64;0;142;0;0;"15:16:04";"27/10/2005"
"12/02/2026";"18:27:56";1996;2;"Eleição Ordinária";1;1996001;"Eleições Municipais 1996";"03/10/1996";"M";"SP";"70610";"SANTO ANTONIO DA POSSE";"70610";"SANTO ANTONIO DA POSSE";-3;13;"Vereador";9961;0;0;0;0;8833;0;1128;"N";0;0;0;7247;33;0;0;0;0;0;0;0;0;1024;0;529;0;0;"15:16:04";"27/10/2005"
"12/02/2026";"18:27:56";1996;2;"Eleição Ordinária";1;1996001;"Eleições Municipais 1996";"03/10/1996";"M";"SP";"70610";"SANTO ANTONIO DA POSSE";"70610";"SANTO ANTONIO DA POSSE";-3;11;"Prefeito";9961;0;0;0;0;8833;0;1128;"N";0;0;0;7945;0;0;0;0;0;0;0;0;0;275;0;613;0;0;"15:16:04";"27/10/2005"
"12/02/2026";"18:27:56";1996;2;"Eleição Ordinária";1;1996001;"Eleições Municipais 1996";"03/10/1996";"M";"SP";"70637";"SANTO ANTONIO DO JARDIM";"70637";"SANTO ANTONIO DO JARDIM";-3;11;"Prefeito";4583;0;0;0;0;4092;0;491;"N";0;0;0;3773;0;0;0;0;0;0;0;0;0;49;0;270;0;0;"15:16:04";"27/10/2005"
"12/02/2026";"18:27:56";1996;2;"Eleição Ordinária";1;1996001;"Eleições Municipais 1996";"03/10/1996";"M";"SP";"70637";"SANTO ANTONIO DO JARDIM";"70637";"SANTO ANTONIO DO JARDIM";-3;13;"Vereador";4583;0;0;0;0;4092;0;491;"N";0;0;0;3221;27;0;0;0;0;0;0;0;0;603;0;241;0;0;"15:16:04";"27/10/2005"
"12/02/2026";"18:27:56";1996;2;"Eleição Ordinária";1;1996001;"Eleições Municipais 1996";"03/10/1996";"M";"SP";"70653";"SANTO ANTONIO DO PINHAL";"70653";"SANTO ANTONIO DO PINHAL";-3;13;"Vereador";4471;0;0;0;0;3914;0;557;"N";0;0;0;3333;26;0;0;0;0;0;0;0;0;415;0;140;0;0;"15:16:04";"27/10/2005"
"12/02/2026";"18:27:56";1996;2;"Eleição Ordinária";1;1996001;"Eleições Municipais 1996";"03/10/1996";"M";"SP";"70653";"SANTO ANTONIO DO PINHAL";"70653";"SANTO ANTONIO DO PINHAL";-3;11;"Prefeito";4471;0;0;0;0;3914;0;557;"N";0;0;0;3742;0;0;0;0;0;0;0;0;0;53;0;119;0;0;"15:16:04";"27/10/2005"
"12/02/2026";"18:27:56";1996;2;"Eleição Ordinária";1;1996001;"Eleições Municipais 1996";"03/10/1996";"M";"SP";"70670";"SANTO EXPEDITO";"70670";"SANTO EXPEDITO";-3;13;"Vereador";2334;0;0;0;0;2029;0;305;"N";0;0;0;1831;1;0;0;0;0;0;0;0;0;136;0;61;0;0;"15:16:04";"27/10/2005"
"12/02/2026";"18:27:56";1996;2;"Eleição Ordinária";1;1996001;"Eleições Municipais 1996";"03/10/1996";"M";"SP";"70670";"SANTO EXPEDITO";"70670";"SANTO EXPEDITO";-3;11;"Prefeito";2334;0;0;0;0;2029;0;305;"N";0;0;0;1953;0;0;0;0;0;0;0;0;0;31;0;45;0;0;"15:16:04";"27/10/2005"
"12/02/2026";"18:27:56";1996;2;"Eleição Ordinária";1;1996001;"Eleições Municipais 1996";"03/10/1996";"M";"SP";"70696";"SANTOPOLIS DO AGUAPEI";"70696";"SANTOPOLIS DO AGUAPEI";-3;11;"Prefeito";3226;0;0;0;0;2740;0;486;"N";0;0;0;2633;0;0;0;0;0;0;0;0;0;41;0;66;0;0;"15:16:04";"27/10/2005"
"12/02/2026";"18:27:56";1996;2;"Eleição Ordinária";1;1996001;"Eleições Municipais 1996";"03/10/1996";"M";"SP";"70718";"SANTOS";"70718";"SANTOS";-3;11;"Prefeito";322236;0;0;0;0;271838;0;50398;"N";0;0;0;253135;0;0;0;0;0;0;0;0;0;3765;0;14938;0;0;"15:16:04";"27/10/2005"
"12/02/2026";"18:27:56";1996;2;"Eleição Ordinária";1;1996001;"Eleições Municipais 1996";"03/10/1996";"M";"SP";"70696";"SANTOPOLIS DO AGUAPEI";"70696";"SANTOPOLIS DO AGUAPEI";-3;13;"Vereador";3226;0;0;0;0;2740;0;486;"N";0;0;0;2424;20;0;0;0;0;0;0;0;0;234;0;62;0;0;"15:16:04";"27/10/2005"
"12/02/2026";"18:27:56";1996;2;"Eleição Ordinária";1;1996001;"Eleições Municipais 1996";"03/10/1996";"M";"SP";"70718";"SANTOS";"70718";"SANTOS";-3;13;"Vereador";322236;0;0;0;0;271838;0;50398;"N";0;0;0;200501;33319;0;0;0;0;0;0;0;0;11707;0;24441;0;0;"15:16:04";"27/10/2005"
"12/02/2026";"18:27:56";1996;2;"Eleição Ordinária";1;1996001;"Eleições Municipais 1996";"03/10/1996";"M";"SP";"70734";"SAO BENTO DO SAPUCAI";"70734";"SAO BENTO DO SAPUCAI";-3;11;"Prefeito";6736;0;0;0;0;5822;0;914;"N";0;0;0;5514;0;0;0;0;0;0;0;0;0;119;0;189;0;0;"15:16:04";"27/10/2005"
"12/02/2026";"18:27:56";1996;2;"Eleição Ordinária";1;1996001;"Eleições Municipais 1996";"03/10/1996";"M";"SP";"70750";"SAO BERNARDO DO CAMPO";"70750";"SAO BERNARDO DO CAMPO";-3;11;"Prefeito";398591;0;0;0;0;344558;0;54033;"N";0;0;0;294335;0;0;0;0;0;0;0;0;0;8349;0;41874;0;0;"15:16:04";"27/10/2005"
"12/02/2026";"18:27:56";1996;2;"Eleição Ordinária";1;1996001;"Eleições Municipais 1996";"03/10/1996";"M";"SP";"70734";"SAO BENTO DO SAPUCAI";"70734";"SAO BENTO DO SAPUCAI";-3;13;"Vereador";6736;0;0;0;0;5822;0;914;"N";0;0;0;4965;42;0;0;0;0;0;0;0;0;604;0;211;0;0;"15:16:04";"27/10/2005"
"12/02/2026";"18:27:56";1996;2;"Eleição Ordinária";1;1996001;"Eleições Municipais 1996";"03/10/1996";"M";"SP";"70777";"SAO CAETANO DO SUL";"70777";"SAO CAETANO DO SUL";-3;11;"Prefeito";125278;0;0;0;0;106961;0;18317;"N";0;0;0;95740;0;0;0;0;0;0;0;0;0;2547;0;8674;0;0;"15:16:04";"27/10/2005"
"12/02/2026";"18:27:56";1996;2;"Eleição Ordinária";1;1996001;"Eleições Municipais 1996";"03/10/1996";"M";"SP";"70750";"SAO BERNARDO DO CAMPO";"70750";"SAO BERNARDO DO CAMPO";-3;13;"Vereador";398591;0;0;0;0;344558;0;54033;"N";0;0;0;241967;53961;0;0;0;0;0;0;0;0;13847;0;34476;0;0;"15:16:04";"27/10/2005"
"12/02/2026";"18:27:56";1996;2;"Eleição Ordinária";1;1996001;"Eleições Municipais 1996";"03/10/1996";"M";"SP";"70777";"SAO CAETANO DO SUL";"70777";"SAO CAETANO DO SUL";-3;13;"Vereador";125278;0;0;0;0;106961;0;18317;"N";0;0;0;85178;5447;0;0;0;0;0;0;0;0;8320;0;7983;0;0;"15:16:04";"27/10/2005"
"12/02/2026";"18:27:56";1996;2;"Eleição Ordinária";1;1996001;"Eleições Municipais 1996";"03/10/1996";"M";"SP";"70793";"SAO CARLOS";"70793";"SAO CARLOS";-3;11;"Prefeito";110386;0;0;0;0;98046;0;12340;"N";0;0;0;89674;0;0;0;0;0;0;0;0;0;1229;0;7143;0;0;"15:16:04";"27/10/2005"
"12/02/2026";"18:27:56";1996;2;"Eleição Ordinária";1;1996001;"Eleições Municipais 1996";"03/10/1996";"M";"SP";"70815";"SAO FRANCISCO";"70815";"SAO FRANCISCO";-3;11;"Prefeito";2515;0;0;0;0;2128;0;387;"N";0;0;0;2073;0;0;0;0;0;0;0;0;0;17;0;38;0;0;"15:16:04";"27/10/2005"
"12/02/2026";"18:27:56";1996;2;"Eleição Ordinária";1;1996001;"Eleições Municipais 1996";"03/10/1996";"M";"SP";"70793";"SAO CARLOS";"70793";"SAO CARLOS";-3;13;"Vereador";110386;0;0;0;0;98046;0;12340;"N";0;0;0;80904;2559;0;0;0;0;0;0;0;0;8062;0;6521;0;0;"15:16:04";"27/10/2005"
"12/02/2026";"18:27:56";1996;2;"Eleição Ordinária";1;1996001;"Eleições Municipais 1996";"03/10/1996";"M";"SP";"70831";"SAO JOAO DA BOA VISTA";"70831";"SAO JOAO DA BOA VISTA";-3;11;"Prefeito";45715;0;0;0;0;40483;0;5232;"N";0;0;0;35141;0;0;0;0;0;0;0;0;0;1150;0;4192;0;0;"15:16:04";"27/10/2005"
"12/02/2026";"18:27:56";1996;2;"Eleição Ordinária";1;1996001;"Eleições Municipais 1996";"03/10/1996";"M";"SP";"70815";"SAO FRANCISCO";"70815";"SAO FRANCISCO";-3;13;"Vereador";2515;0;0;0;0;2128;0;387;"N";0;0;0;1945;9;0;0;0;0;0;0;0;0;118;0;56;0;0;"15:16:04";"27/10/2005"
"12/02/2026";"18:27:56";1996;2;"Eleição Ordinária";1;1996001;"Eleições Municipais 1996";"03/10/1996";"M";"SP";"70831";"SAO JOAO DA BOA VISTA";"70831";"SAO JOAO DA BOA VISTA";-3;13;"Vereador";45715;0;0;0;0;40483;0;5232;"N";0;0;0;32580;642;0;0;0;0;0;0;0;0;4221;0;3040;0;0;"15:16:04";"27/10/2005"
"12/02/2026";"18:27:56";1996;2;"Eleição Ordinária";1;1996001;"Eleições Municipais 1996";"03/10/1996";"M";"SP";"70858";"SAO JOAO DAS DUAS PONTES";"70858";"SAO JOAO DAS DUAS PONTES";-3;11;"Prefeito";2510;0;0;0;0;2274;0;236;"N";0;0;0;2191;0;0;0;0;0;0;0;0;0;34;0;49;0;0;"15:16:04";"27/10/2005"
"12/02/2026";"18:27:56";1996;2;"Eleição Ordinária";1;1996001;"Eleições Municipais 1996";"03/10/1996";"M";"SP";"70874";"SAO JOAO DO PAU D ALHO";"70874";"SAO JOAO DO PAU D ALHO";-3;11;"Prefeito";2482;0;0;0;0;1964;0;518;"N";0;0;0;1898;0;0;0;0;0;0;0;0;0;26;0;40;0;0;"15:16:04";"27/10/2005"
"12/02/2026";"18:27:56";1996;2;"Eleição Ordinária";1;1996001;"Eleições Municipais 1996";"03/10/1996";"M";"SP";"70858";"SAO JOAO DAS DUAS PONTES";"70858";"SAO JOAO DAS DUAS PONTES";-3;13;"Vereador";2510;0;0;0;0;2274;0;236;"N";0;0;0;2066;3;0;0;0;0;0;0;0;0;138;0;67;0;0;"15:16:04";"27/10/2005"
"12/02/2026";"18:27:56";1996;2;"Eleição Ordinária";1;1996001;"Eleições Municipais 1996";"03/10/1996";"M";"SP";"70890";"SAO JOAQUIM DA BARRA";"70890";"SAO JOAQUIM DA BARRA";-3;11;"Prefeito";24574;0;0;0;0;21853;0;2721;"N";0;0;0;20291;0;0;0;0;0;0;0;0;0;424;0;1138;0;0;"15:16:04";"27/10/2005"
"12/02/2026";"18:27:56";1996;2;"Eleição Ordinária";1;1996001;"Eleições Municipais 1996";"03/10/1996";"M";"SP";"70874";"SAO JOAO DO PAU D ALHO";"70874";"SAO JOAO DO PAU D ALHO";-3;13;"Vereador";2482;0;0;0;0;1964;0;518;"N";0;0;0;1770;14;0;0;0;0;0;0;0;0;114;0;66;0;0;"15:16:04";"27/10/2005"
"12/02/2026";"18:27:56";1996;2;"Eleição Ordinária";1;1996001;"Eleições Municipais 1996";"03/10/1996";"M";"SP";"70890";"SAO JOAQUIM DA BARRA";"70890";"SAO JOAQUIM DA BARRA";-3;13;"Vereador";24574;0;0;0;0;21853;0;2721;"N";0;0;0;18928;259;0;0;0;0;0;0;0;0;1793;0;873;0;0;"15:16:04";"27/10/2005"
"12/02/2026";"18:27:56";1996;2;"Eleição Ordinária";1;1996001;"Eleições Municipais 1996";"03/10/1996";"M";"SP";"70912";"SAO JOSE DA BELA VISTA";"70912";"SAO JOSE DA BELA VISTA";-3;11;"Prefeito";5424;0;0;0;0;4742;0;682;"N";0;0;0;4534;0;0;0;0;0;0;0;0;0;80;0;128;0;0;"15:16:04";"27/10/2005"
"12/02/2026";"18:27:56";1996;2;"Eleição Ordinária";1;1996001;"Eleições Municipais 1996";"03/10/1996";"M";"SP";"70939";"SAO JOSE DO BARREIRO";"70939";"SAO JOSE DO BARREIRO";-3;11;"Prefeito";3306;0;0;0;0;2709;0;597;"N";0;0;0;2548;0;0;0;0;0;0;0;0;0;68;0;93;0;0;"15:16:04";"27/10/2005"
"12/02/2026";"18:27:56";1996;2;"Eleição Ordinária";1;1996001;"Eleições Municipais 1996";"03/10/1996";"M";"SP";"70912";"SAO JOSE DA BELA VISTA";"70912";"SAO JOSE DA BELA VISTA";-3;13;"Vereador";5424;0;0;0;0;4742;0;682;"N";0;0;0;4090;5;0;0;0;0;0;0;0;0;434;0;213;0;0;"15:16:04";"27/10/2005"
"12/02/2026";"18:27:56";1996;2;"Eleição Ordinária";1;1996001;"Eleições Municipais 1996";"03/10/1996";"M";"SP";"70955";"SAO JOSE DO RIO PARDO";"70955";"SAO JOSE DO RIO PARDO";-3;11;"Prefeito";29403;0;0;0;0;25748;0;3655;"N";0;0;0;23082;0;0;0;0;0;0;0;0;0;637;0;2029;0;0;"15:16:04";"27/10/2005"
"12/02/2026";"18:27:56";1996;2;"Eleição Ordinária";1;1996001;"Eleições Municipais 1996";"03/10/1996";"M";"SP";"70939";"SAO JOSE DO BARREIRO";"70939";"SAO JOSE DO BARREIRO";-3;13;"Vereador";3306;0;0;0;0;2709;0;597;"N";0;0;0;2316;54;0;0;0;0;0;0;0;0;261;0;78;0;0;"15:16:04";"27/10/2005"
"12/02/2026";"18:27:56";1996;2;"Eleição Ordinária";1;1996001;"Eleições Municipais 1996";"03/10/1996";"M";"SP";"70955";"SAO JOSE DO RIO PARDO";"70955";"SAO JOSE DO RIO PARDO";-3;13;"Vereador";29403;0;0;0;0;25748;0;3655;"N";0;0;0;20807;186;0;0;0;0;0;0;0;0;2937;0;1818;0;0;"15:16:04";"27/10/2005"
"12/02/2026";"18:27:56";1996;2;"Eleição Ordinária";1;1996001;"Eleições Municipais 1996";"03/10/1996";"M";"SP";"70971";"SAO JOSE DO RIO PRETO";"70971";"SAO JOSE DO RIO PRETO";-3;11;"Prefeito";196349;0;0;0;0;170682;0;25667;"N";0;0;0;151822;0;0;0;0;0;0;0;0;0;2116;0;13467;0;0;"15:16:04";"27/10/2005"
"12/02/2026";"18:27:56";1996;2;"Eleição Ordinária";1;1996001;"Eleições Municipais 1996";"03/10/1996";"M";"SP";"70998";"SAO JOSE DOS CAMPOS";"70998";"SAO JOSE DOS CAMPOS";-3;11;"Prefeito";282388;0;0;0;0;245117;0;37271;"N";0;0;0;219807;0;0;0;0;0;0;0;0;0;4749;0;20561;0;0;"15:16:04";"27/10/2005"
"12/02/2026";"18:27:56";1996;2;"Eleição Ordinária";1;1996001;"Eleições Municipais 1996";"03/10/1996";"M";"SP";"70971";"SAO JOSE DO RIO PRETO";"70971";"SAO JOSE DO RIO PRETO";-3;13;"Vereador";196349;0;0;0;0;170682;0;25667;"N";0;0;0;130824;17900;0;0;0;0;0;0;0;0;6149;0;11704;0;0;"15:16:04";"27/10/2005"
"12/02/2026";"18:27:56";1996;2;"Eleição Ordinária";1;1996001;"Eleições Municipais 1996";"03/10/1996";"M";"SP";"71013";"SAO LUIS DO PARAITINGA";"71013";"SAO LUIS DO PARAITINGA";-3;11;"Prefeito";10198;0;0;0;0;8489;0;1709;"N";0;0;0;8005;0;0;0;0;0;0;0;0;0;141;0;343;0;0;"15:16:04";"27/10/2005"
"12/02/2026";"18:27:56";1996;2;"Eleição Ordinária";1;1996001;"Eleições Municipais 1996";"03/10/1996";"M";"SP";"70998";"SAO JOSE DOS CAMPOS";"70998";"SAO JOSE DOS CAMPOS";-3;13;"Vereador";282388;0;0;0;0;245117;0;37271;"N";0;0;0;178142;37284;0;0;0;0;0;0;0;0;9921;0;19770;0;0;"15:16:04";"27/10/2005"
"12/02/2026";"18:27:56";1996;2;"Eleição Ordinária";1;1996001;"Eleições Municipais 1996";"03/10/1996";"M";"SP";"71013";"SAO LUIS DO PARAITINGA";"71013";"SAO LUIS DO PARAITINGA";-3;13;"Vereador";10198;0;0;0;0;8489;0;1709;"N";0;0;0;7170;106;0;0;0;0;0;0;0;0;969;0;244;0;0;"15:16:04";"27/10/2005"
"12/02/2026";"18:27:56";1996;2;"Eleição Ordinária";1;1996001;"Eleições Municipais 1996";"03/10/1996";"M";"SP";"71030";"SAO MANUEL";"71030";"SAO MANUEL";-3;11;"Prefeito";22761;0;0;0;0;19831;0;2930;"N";0;0;0;18000;0;0;0;0;0;0;0;0;0;475;0;1356;0;0;"15:16:04";"27/10/2005"
"12/02/2026";"18:27:56";1996;2;"Eleição Ordinária";1;1996001;"Eleições Municipais 1996";"03/10/1996";"M";"SP";"71056";"SAO MIGUEL ARCANJO";"71056";"SAO MIGUEL ARCANJO";-3;11;"Prefeito";17065;0;0;0;0;14375;0;2690;"N";0;0;0;13488;0;0;0;0;0;0;0;0;0;181;0;706;0;0;"15:16:04";"27/10/2005"
"12/02/2026";"18:27:56";1996;2;"Eleição Ordinária";1;1996001;"Eleições Municipais 1996";"03/10/1996";"M";"SP";"71030";"SAO MANUEL";"71030";"SAO MANUEL";-3;13;"Vereador";22761;0;0;0;0;19831;0;2930;"N";0;0;0;16403;125;0;0;0;0;0;0;0;0;2203;0;1100;0;0;"15:16:04";"27/10/2005"
"12/02/2026";"18:27:56";1996;2;"Eleição Ordinária";1;1996001;"Eleições Municipais 1996";"03/10/1996";"M";"SP";"71072";"SAO PAULO";"71072";"SAO PAULO";-3;11;"Prefeito";6765407;0;0;0;0;5655338;0;1110069;"N";0;0;0;5215599;0;0;0;0;0;0;0;0;0;87078;0;300333;0;0;"15:16:04";"27/10/2005"
"12/02/2026";"18:27:56";1996;2;"Eleição Ordinária";1;1996001;"Eleições Municipais 1996";"03/10/1996";"M";"SP";"71056";"SAO MIGUEL ARCANJO";"71056";"SAO MIGUEL ARCANJO";-3;13;"Vereador";17065;0;0;0;0;14375;0;2690;"N";0;0;0;11754;180;0;0;0;0;0;0;0;0;1940;0;501;0;0;"15:16:04";"27/10/2005"
"12/02/2026";"18:27:56";1996;2;"Eleição Ordinária";1;1996001;"Eleições Municipais 1996";"03/10/1996";"M";"SP";"71072";"SAO PAULO";"71072";"SAO PAULO";-3;13;"Vereador";6765407;0;0;0;0;5655338;0;1110069;"N";0;0;0;3120889;1684570;0;0;0;0;0;0;0;0;313204;0;487171;0;0;"15:16:04";"27/10/2005"
"12/02/2026";"18:27:56";1996;2;"Eleição Ordinária";1;1996001;"Eleições Municipais 1996";"03/10/1996";"M";"SP";"71099";"SAO PEDRO";"71099";"SAO PEDRO";-3;11;"Prefeito";15409;0;0;0;0;13088;0;2321;"N";0;0;0;11940;0;0;0;0;0;0;0;0;0;283;0;865;0;0;"15:16:04";"27/10/2005"
"12/02/2026";"18:27:56";1996;2;"Eleição Ordinária";1;1996001;"Eleições Municipais 1996";"03/10/1996";"M";"SP";"71110";"SAO PEDRO DO TURVO";"71110";"SAO PEDRO DO TURVO";-3;11;"Prefeito";5183;0;0;0;0;4415;0;768;"N";0;0;0;4236;0;0;0;0;0;0;0;0;0;62;0;117;0;0;"15:16:04";"27/10/2005"
"12/02/2026";"18:27:56";1996;2;"Eleição Ordinária";1;1996001;"Eleições Municipais 1996";"03/10/1996";"M";"SP";"71099";"SAO PEDRO";"71099";"SAO PEDRO";-3;13;"Vereador";15409;0;0;0;0;13088;0;2321;"N";0;0;0;10800;65;0;0;0;0;0;0;0;0;1475;0;748;0;0;"15:16:04";"27/10/2005"
"12/02/2026";"18:27:56";1996;2;"Eleição Ordinária";1;1996001;"Eleições Municipais 1996";"03/10/1996";"M";"SP";"71137";"SAO ROQUE";"71137";"SAO ROQUE";-3;11;"Prefeito";38668;0;0;0;0;33736;0;4932;"N";0;0;0;29540;0;0;0;0;0;0;0;0;0;979;0;3217;0;0;"15:16:04";"27/10/2005"
"12/02/2026";"18:27:56";1996;2;"Eleição Ordinária";1;1996001;"Eleições Municipais 1996";"03/10/1996";"M";"SP";"71110";"SAO PEDRO DO TURVO";"71110";"SAO PEDRO DO TURVO";-3;13;"Vereador";5183;0;0;0;0;4415;0;768;"N";0;0;0;3880;8;0;0;0;0;0;0;0;0;384;0;143;0;0;"15:16:04";"27/10/2005"
"12/02/2026";"18:27:56";1996;2;"Eleição Ordinária";1;1996001;"Eleições Municipais 1996";"03/10/1996";"M";"SP";"71137";"SAO ROQUE";"71137";"SAO ROQUE";-3;13;"Vereador";38668;0;0;0;0;33736;0;4932;"N";0;0;0;27013;600;0;0;0;0;0;0;0;0;3872;0;2251;0;0;"15:16:04";"27/10/2005"
"12/02/2026";"18:27:56";1996;2;"Eleição Ordinária";1;1996001;"Eleições Municipais 1996";"03/10/1996";"M";"SP";"71153";"SAO SEBASTIAO";"71153";"SAO SEBASTIAO";-3;11;"Prefeito";26901;0;0;0;0;21984;0;4917;"N";0;0;0;19790;0;0;0;0;0;0;0;0;0;704;0;1490;0;0;"15:16:04";"27/10/2005"
"12/02/2026";"18:27:56";1996;2;"Eleição Ordinária";1;1996001;"Eleições Municipais 1996";"03/10/1996";"M";"SP";"71170";"SAO SEBASTIAO DA GRAMA";"71170";"SAO SEBASTIAO DA GRAMA";-3;11;"Prefeito";7700;0;0;0;0;6572;0;1128;"N";0;0;0;6149;0;0;0;0;0;0;0;0;0;131;0;292;0;0;"15:16:04";"27/10/2005"
"12/02/2026";"18:27:56";1996;2;"Eleição Ordinária";1;1996001;"Eleições Municipais 1996";"03/10/1996";"M";"SP";"71153";"SAO SEBASTIAO";"71153";"SAO SEBASTIAO";-3;13;"Vereador";26901;0;0;0;0;21984;0;4917;"N";0;0;0;18587;393;0;0;0;0;0;0;0;0;1973;0;1031;0;0;"15:16:04";"27/10/2005"
"12/02/2026";"18:27:56";1996;2;"Eleição Ordinária";1;1996001;"Eleições Municipais 1996";"03/10/1996";"M";"SP";"71196";"SAO SIMAO";"71196";"SAO SIMAO";-3;11;"Prefeito";9079;0;0;0;0;7752;0;1327;"N";0;0;0;7270;0;0;0;0;0;0;0;0;0;155;0;327;0;0;"15:16:04";"27/10/2005"
"12/02/2026";"18:27:56";1996;2;"Eleição Ordinária";1;1996001;"Eleições Municipais 1996";"03/10/1996";"M";"SP";"71170";"SAO SEBASTIAO DA GRAMA";"71170";"SAO SEBASTIAO DA GRAMA";-3;13;"Vereador";7700;0;0;0;0;6572;0;1128;"N";0;0;0;5389;48;0;0;0;0;0;0;0;0;861;0;274;0;0;"15:16:04";"27/10/2005"
"12/02/2026";"18:27:56";1996;2;"Eleição Ordinária";1;1996001;"Eleições Municipais 1996";"03/10/1996";"M";"SP";"71196";"SAO SIMAO";"71196";"SAO SIMAO";-3;13;"Vereador";9079;0;0;0;0;7752;0;1327;"N";0;0;0;7044;19;0;0;0;0;0;0;0;0;436;0;253;0;0;"15:16:04";"27/10/2005"
"12/02/2026";"18:27:56";1996;2;"Eleição Ordinária";1;1996001;"Eleições Municipais 1996";"03/10/1996";"M";"SP";"71218";"SAO VICENTE";"71218";"SAO VICENTE";-3;13;"Vereador";168050;0;0;0;0;143811;0;24239;"N";0;0;0;107438;3445;0;0;0;0;0;0;0;0;15790;0;17138;0;0;"15:16:04";"27/10/2005"
"12/02/2026";"18:27:56";1996;2;"Eleição Ordinária";1;1996001;"Eleições Municipais 1996";"03/10/1996";"M";"SP";"71218";"SAO VICENTE";"71218";"SAO VICENTE";-3;11;"Prefeito";168050;0;0;0;0;143811;0;24239;"N";0;0;0;113613;0;0;0;0;0;0;0;0;0;6515;0;23683;0;0;"15:16:04";"27/10/2005"
"12/02/2026";"18:27:56";1996;2;"Eleição Ordinária";1;1996001;"Eleições Municipais 1996";"03/10/1996";"M";"SP";"71234";"SARAPUI";"71234";"SARAPUI";-3;11;"Prefeito";5122;0;0;0;0;4464;0;658;"N";0;0;0;4224;0;0;0;0;0;0;0;0;0;68;0;172;0;0;"15:16:04";"27/10/2005"
"12/02/2026";"18:27:56";1996;2;"Eleição Ordinária";1;1996001;"Eleições Municipais 1996";"03/10/1996";"M";"SP";"71234";"SARAPUI";"71234";"SARAPUI";-3;13;"Vereador";5122;0;0;0;0;4464;0;658;"N";0;0;0;3639;21;0;0;0;0;0;0;0;0;569;0;235;0;0;"15:16:04";"27/10/2005"
"12/02/2026";"18:27:56";1996;2;"Eleição Ordinária";1;1996001;"Eleições Municipais 1996";"03/10/1996";"M";"SP";"71250";"SARUTAIA";"71250";"SARUTAIA";-3;13;"Vereador";3052;0;0;0;0;2582;0;470;"N";0;0;0;2199;4;0;0;0;0;0;0;0;0;269;0;110;0;0;"15:16:04";"27/10/2005"
"12/02/2026";"18:27:56";1996;2;"Eleição Ordinária";1;1996001;"Eleições Municipais 1996";"03/10/1996";"M";"SP";"71250";"SARUTAIA";"71250";"SARUTAIA";-3;11;"Prefeito";3052;0;0;0;0;2582;0;470;"N";0;0;0;2463;0;0;0;0;0;0;0;0;0;36;0;83;0;0;"15:16:04";"27/10/2005"
"12/02/2026";"18:27:56";1996;2;"Eleição Ordinária";1;1996001;"Eleições Municipais 1996";"03/10/1996";"M";"SP";"71277";"SEBASTIANOPOLIS DO SUL";"71277";"SEBASTIANOPOLIS DO SUL";-3;13;"Vereador";2325;0;0;0;0;2057;0;268;"N";0;0;0;1865;3;0;0;0;0;0;0;0;0;125;0;64;0;0;"15:16:04";"27/10/2005"
"12/02/2026";"18:27:56";1996;2;"Eleição Ordinária";1;1996001;"Eleições Municipais 1996";"03/10/1996";"M";"SP";"71277";"SEBASTIANOPOLIS DO SUL";"71277";"SEBASTIANOPOLIS DO SUL";-3;11;"Prefeito";2325;0;0;0;0;2057;0;268;"N";0;0;0;1944;0;0;0;0;0;0;0;0;0;54;0;59;0;0;"15:16:04";"27/10/2005"
"12/02/2026";"18:27:56";1996;2;"Eleição Ordinária";1;1996001;"Eleições Municipais 1996";"03/10/1996";"M";"SP";"71293";"SERRA AZUL";"71293";"SERRA AZUL";-3;11;"Prefeito";4839;0;0;0;0;4294;0;545;"N";0;0;0;4109;0;0;0;0;0;0;0;0;0;84;0;101;0;0;"15:16:04";"27/10/2005"
"12/02/2026";"18:27:56";1996;2;"Eleição Ordinária";1;1996001;"Eleições Municipais 1996";"03/10/1996";"M";"SP";"71293";"SERRA AZUL";"71293";"SERRA AZUL";-3;13;"Vereador";4839;0;0;0;0;4294;0;545;"N";0;0;0;3824;7;0;0;0;0;0;0;0;0;309;0;154;0;0;"15:16:04";"27/10/2005"
"12/02/2026";"18:27:56";1996;2;"Eleição Ordinária";1;1996001;"Eleições Municipais 1996";"03/10/1996";"M";"SP";"71315";"SERRANA";"71315";"SERRANA";-3;13;"Vereador";18750;0;0;0;0;16820;0;1930;"N";0;0;0;14804;119;0;0;0;0;0;0;0;0;1328;0;569;0;0;"15:16:04";"27/10/2005"
"12/02/2026";"18:27:56";1996;2;"Eleição Ordinária";1;1996001;"Eleições Municipais 1996";"03/10/1996";"M";"SP";"71315";"SERRANA";"71315";"SERRANA";-3;11;"Prefeito";18750;0;0;0;0;16820;0;1930;"N";0;0;0;15878;0;0;0;0;0;0;0;0;0;255;0;687;0;0;"15:16:04";"27/10/2005"
"12/02/2026";"18:27:56";1996;2;"Eleição Ordinária";1;1996001;"Eleições Municipais 1996";"03/10/1996";"M";"SP";"71331";"SERRA NEGRA";"71331";"SERRA NEGRA";-3;13;"Vereador";16022;0;0;0;0;13921;0;2101;"N";0;0;0;11173;174;0;0;0;0;0;0;0;0;1618;0;795;0;0;"15:16:04";"27/10/2005"
"12/02/2026";"18:27:56";1996;2;"Eleição Ordinária";1;1996001;"Eleições Municipais 1996";"03/10/1996";"M";"SP";"71331";"SERRA NEGRA";"71331";"SERRA NEGRA";-3;11;"Prefeito";16022;0;0;0;0;13921;0;2101;"N";0;0;0;12612;0;0;0;0;0;0;0;0;0;257;0;1052;0;0;"15:16:04";"27/10/2005"
"12/02/2026";"18:27:56";1996;2;"Eleição Ordinária";1;1996001;"Eleições Municipais 1996";"03/10/1996";"M";"SP";"71358";"SERTAOZINHO";"71358";"SERTAOZINHO";-3;11;"Prefeito";52584;0;0;0;0;47022;0;5562;"N";0;0;0;40826;0;0;0;0;0;0;0;0;0;1589;0;4607;0;0;"15:16:04";"27/10/2005"
"12/02/2026";"18:27:56";1996;2;"Eleição Ordinária";1;1996001;"Eleições Municipais 1996";"03/10/1996";"M";"SP";"71358";"SERTAOZINHO";"71358";"SERTAOZINHO";-3;13;"Vereador";52584;0;0;0;0;47022;0;5562;"N";0;0;0;38088;416;0;0;0;0;0;0;0;0;5469;0;3049;0;0;"15:16:04";"27/10/2005"
"12/02/2026";"18:27:56";1996;2;"Eleição Ordinária";1;1996001;"Eleições Municipais 1996";"03/10/1996";"M";"SP";"71374";"SETE BARRAS";"71374";"SETE BARRAS";-3;13;"Vereador";8827;0;0;0;0;6898;0;1929;"N";0;0;0;5163;97;0;0;0;0;0;0;0;0;1133;0;505;0;0;"15:16:04";"27/10/2005"
"12/02/2026";"18:27:56";1996;2;"Eleição Ordinária";1;1996001;"Eleições Municipais 1996";"03/10/1996";"M";"SP";"71374";"SETE BARRAS";"71374";"SETE BARRAS";-3;11;"Prefeito";8827;0;0;0;0;6898;0;1929;"N";0;0;0;6163;0;0;0;0;0;0;0;0;0;99;0;636;0;0;"15:16:04";"27/10/2005"
"12/02/2026";"18:27:56";1996;2;"Eleição Ordinária";1;1996001;"Eleições Municipais 1996";"03/10/1996";"M";"SP";"71390";"SEVERINIA";"71390";"SEVERINIA";-3;13;"Vereador";8208;0;0;0;0;7394;0;814;"N";0;0;0;6495;43;0;0;0;0;0;0;0;0;627;0;229;0;0;"15:16:04";"27/10/2005"
"12/02/2026";"18:27:56";1996;2;"Eleição Ordinária";1;1996001;"Eleições Municipais 1996";"03/10/1996";"M";"SP";"71390";"SEVERINIA";"71390";"SEVERINIA";-3;11;"Prefeito";8208;0;0;0;0;7394;0;814;"N";0;0;0;6887;0;0;0;0;0;0;0;0;0;192;0;315;0;0;"15:16:04";"27/10/2005"
"12/02/2026";"18:27:56";1996;2;"Eleição Ordinária";1;1996001;"Eleições Municipais 1996";"03/10/1996";"M";"SP";"71412";"SILVEIRAS";"71412";"SILVEIRAS";-3;11;"Prefeito";4108;0;0;0;0;3600;0;508;"N";0;0;0;3454;0;0;0;0;0;0;0;0;0;70;0;76;0;0;"15:16:04";"27/10/2005"
"12/02/2026";"18:27:56";1996;2;"Eleição Ordinária";1;1996001;"Eleições Municipais 1996";"03/10/1996";"M";"SP";"71412";"SILVEIRAS";"71412";"SILVEIRAS";-3;13;"Vereador";4108;0;0;0;0;3600;0;508;"N";0;0;0;3044;33;0;0;0;0;0;0;0;0;410;0;113;0;0;"15:16:04";"27/10/2005"
"12/02/2026";"18:27:56";1996;2;"Eleição Ordinária";1;1996001;"Eleições Municipais 1996";"03/10/1996";"M";"SP";"71439";"SOCORRO";"71439";"SOCORRO";-3;13;"Vereador";19158;0;0;0;0;17027;0;2131;"N";0;0;0;14064;184;0;0;0;0;0;0;0;0;1894;0;885;0;0;"15:16:04";"27/10/2005"
"12/02/2026";"18:27:56";1996;2;"Eleição Ordinária";1;1996001;"Eleições Municipais 1996";"03/10/1996";"M";"SP";"71439";"SOCORRO";"71439";"SOCORRO";-3;11;"Prefeito";19158;0;0;0;0;17027;0;2131;"N";0;0;0;15771;0;0;0;0;0;0;0;0;0;287;0;969;0;0;"15:16:04";"27/10/2005"
"12/02/2026";"18:27:56";1996;2;"Eleição Ordinária";1;1996001;"Eleições Municipais 1996";"03/10/1996";"M";"SP";"71455";"SOROCABA";"71455";"SOROCABA";-3;13;"Vereador";256886;0;0;0;0;226882;0;30004;"N";0;0;0;164312;29198;0;0;0;0;0;0;0;0;11105;0;22267;0;0;"15:16:04";"27/10/2005"
"12/02/2026";"18:27:56";1996;2;"Eleição Ordinária";1;1996001;"Eleições Municipais 1996";"03/10/1996";"M";"SP";"71455";"SOROCABA";"71455";"SOROCABA";-3;11;"Prefeito";256886;0;0;0;0;226882;0;30004;"N";0;0;0;200692;0;0;0;0;0;0;0;0;0;4265;0;21925;0;0;"15:16:04";"27/10/2005"
"12/02/2026";"18:27:56";1996;2;"Eleição Ordinária";1;1996001;"Eleições Municipais 1996";"03/10/1996";"M";"SP";"71471";"SUD MENUCCI";"71471";"SUD MENUCCI";-3;11;"Prefeito";6106;0;0;0;0;5230;0;876;"N";0;0;0;5057;0;0;0;0;0;0;0;0;0;54;0;119;0;0;"15:16:04";"27/10/2005"
"12/02/2026";"18:27:56";1996;2;"Eleição Ordinária";1;1996001;"Eleições Municipais 1996";"03/10/1996";"M";"SP";"71471";"SUD MENUCCI";"71471";"SUD MENUCCI";-3;13;"Vereador";6106;0;0;0;0;5230;0;876;"N";0;0;0;4654;11;0;0;0;0;0;0;0;0;418;0;147;0;0;"15:16:04";"27/10/2005"
"12/02/2026";"18:27:56";1996;2;"Eleição Ordinária";1;1996001;"Eleições Municipais 1996";"03/10/1996";"M";"SP";"71498";"SUMARE";"71498";"SUMARE";-3;13;"Vereador";85409;0;0;0;0;74338;0;11071;"N";0;0;0;57155;1361;0;0;0;0;0;0;0;0;9996;0;5826;0;0;"15:16:04";"27/10/2005"
"12/02/2026";"18:27:56";1996;2;"Eleição Ordinária";1;1996001;"Eleições Municipais 1996";"03/10/1996";"M";"SP";"71498";"SUMARE";"71498";"SUMARE";-3;11;"Prefeito";85409;0;0;0;0;74338;0;11071;"N";0;0;0;64613;0;0;0;0;0;0;0;0;0;2329;0;7396;0;0;"15:16:04";"27/10/2005"
"12/02/2026";"18:27:56";1996;2;"Eleição Ordinária";1;1996001;"Eleições Municipais 1996";"03/10/1996";"M";"SP";"71510";"SUZANO";"71510";"SUZANO";-3;13;"Vereador";113237;0;0;0;0;96978;0;16259;"N";0;0;0;75064;2668;0;0;0;0;0;0;0;0;10596;0;7893;0;0;"15:16:04";"27/10/2005"
"12/02/2026";"18:27:56";1996;2;"Eleição Ordinária";1;1996001;"Eleições Municipais 1996";"03/10/1996";"M";"SP";"71510";"SUZANO";"71510";"SUZANO";-3;11;"Prefeito";113237;0;0;0;0;96978;0;16259;"N";0;0;0;80961;0;0;0;0;0;0;0;0;0;4519;0;11498;0;0;"15:16:04";"27/10/2005"
"12/02/2026";"18:27:56";1996;2;"Eleição Ordinária";1;1996001;"Eleições Municipais 1996";"03/10/1996";"M";"SP";"71536";"TABAPUA";"71536";"TABAPUA";-3;11;"Prefeito";6768;0;0;0;0;6214;0;554;"N";0;0;0;5920;0;0;0;0;0;0;0;0;0;92;0;202;0;0;"15:16:04";"27/10/2005"
"12/02/2026";"18:27:56";1996;2;"Eleição Ordinária";1;1996001;"Eleições Municipais 1996";"03/10/1996";"M";"SP";"71536";"TABAPUA";"71536";"TABAPUA";-3;13;"Vereador";6768;0;0;0;0;6214;0;554;"N";0;0;0;5445;12;0;0;0;0;0;0;0;0;525;0;232;0;0;"15:16:04";"27/10/2005"
"12/02/2026";"18:27:56";1996;2;"Eleição Ordinária";1;1996001;"Eleições Municipais 1996";"03/10/1996";"M";"SP";"71552";"TABATINGA";"71552";"TABATINGA";-3;13;"Vereador";8637;0;0;0;0;7625;0;1012;"N";0;0;0;6364;48;0;0;0;0;0;0;0;0;941;0;272;0;0;"15:16:04";"27/10/2005"
"12/02/2026";"18:27:56";1996;2;"Eleição Ordinária";1;1996001;"Eleições Municipais 1996";"03/10/1996";"M";"SP";"71552";"TABATINGA";"71552";"TABATINGA";-3;11;"Prefeito";8637;0;0;0;0;7625;0;1012;"N";0;0;0;7298;0;0;0;0;0;0;0;0;0;67;0;260;0;0;"15:16:04";"27/10/2005"
"12/02/2026";"18:27:56";1996;2;"Eleição Ordinária";1;1996001;"Eleições Municipais 1996";"03/10/1996";"M";"SP";"71579";"TABOAO DA SERRA";"71579";"TABOAO DA SERRA";-3;13;"Vereador";111034;0;0;0;0;92825;0;18209;"N";0;0;0;65381;4088;0;0;0;0;0;0;0;0;14114;0;8171;0;0;"15:16:04";"27/10/2005"
"12/02/2026";"18:27:56";1996;2;"Eleição Ordinária";1;1996001;"Eleições Municipais 1996";"03/10/1996";"M";"SP";"71579";"TABOAO DA SERRA";"71579";"TABOAO DA SERRA";-3;11;"Prefeito";111034;0;0;0;0;92825;0;18209;"N";0;0;0;78219;0;0;0;0;0;0;0;0;0;3102;0;11504;0;0;"15:16:04";"27/10/2005"
"12/02/2026";"18:27:56";1996;2;"Eleição Ordinária";1;1996001;"Eleições Municipais 1996";"03/10/1996";"M";"SP";"71595";"TACIBA";"71595";"TACIBA";-3;11;"Prefeito";3980;0;0;0;0;3611;0;369;"N";0;0;0;3535;0;0;0;0;0;0;0;0;0;22;0;54;0;0;"15:16:04";"27/10/2005"
"12/02/2026";"18:27:56";1996;2;"Eleição Ordinária";1;1996001;"Eleições Municipais 1996";"03/10/1996";"M";"SP";"71595";"TACIBA";"71595";"TACIBA";-3;13;"Vereador";3980;0;0;0;0;3611;0;369;"N";0;0;0;3231;13;0;0;0;0;0;0;0;0;231;0;136;0;0;"15:16:04";"27/10/2005"
"12/02/2026";"18:27:56";1996;2;"Eleição Ordinária";1;1996001;"Eleições Municipais 1996";"03/10/1996";"M";"SP";"71617";"TAGUAI";"71617";"TAGUAI";-3;13;"Vereador";4617;0;0;0;0;3919;0;698;"N";0;0;0;3405;21;0;0;0;0;0;0;0;0;407;0;86;0;0;"15:16:04";"27/10/2005"
"12/02/2026";"18:27:56";1996;2;"Eleição Ordinária";1;1996001;"Eleições Municipais 1996";"03/10/1996";"M";"SP";"71617";"TAGUAI";"71617";"TAGUAI";-3;11;"Prefeito";4617;0;0;0;0;3919;0;698;"N";0;0;0;3800;0;0;0;0;0;0;0;0;0;32;0;87;0;0;"15:16:04";"27/10/2005"
"12/02/2026";"18:27:56";1996;2;"Eleição Ordinária";1;1996001;"Eleições Municipais 1996";"03/10/1996";"M";"SP";"71633";"TAIACU";"71633";"TAIACU";-3;13;"Vereador";3636;0;0;0;0;3217;0;419;"N";0;0;0;2823;38;0;0;0;0;0;0;0;0;218;0;138;0;0;"15:16:04";"27/10/2005"
"12/02/2026";"18:27:56";1996;2;"Eleição Ordinária";1;1996001;"Eleições Municipais 1996";"03/10/1996";"M";"SP";"71633";"TAIACU";"71633";"TAIACU";-3;11;"Prefeito";3636;0;0;0;0;3217;0;419;"N";0;0;0;2326;0;0;0;0;0;0;0;0;0;596;0;295;0;0;"15:16:04";"27/10/2005"
"12/02/2026";"18:27:56";1996;2;"Eleição Ordinária";1;1996001;"Eleições Municipais 1996";"03/10/1996";"M";"SP";"71650";"TAIUVA";"71650";"TAIUVA";-3;11;"Prefeito";3970;0;0;0;0;3403;0;567;"N";0;0;0;3185;0;0;0;0;0;0;0;0;0;94;0;124;0;0;"15:16:04";"27/10/2005"
"12/02/2026";"18:27:56";1996;2;"Eleição Ordinária";1;1996001;"Eleições Municipais 1996";"03/10/1996";"M";"SP";"71650";"TAIUVA";"71650";"TAIUVA";-3;13;"Vereador";3970;0;0;0;0;3403;0;567;"N";0;0;0;2986;21;0;0;0;0;0;0;0;0;280;0;116;0;0;"15:16:04";"27/10/2005"
"12/02/2026";"18:27:56";1996;2;"Eleição Ordinária";1;1996001;"Eleições Municipais 1996";"03/10/1996";"M";"SP";"71676";"TAMBAU";"71676";"TAMBAU";-3;13;"Vereador";12761;0;0;0;0;11406;0;1355;"N";0;0;0;9596;96;0;0;0;0;0;0;0;0;1201;0;513;0;0;"15:16:04";"27/10/2005"
"12/02/2026";"18:27:56";1996;2;"Eleição Ordinária";1;1996001;"Eleições Municipais 1996";"03/10/1996";"M";"SP";"71676";"TAMBAU";"71676";"TAMBAU";-3;11;"Prefeito";12761;0;0;0;0;11406;0;1355;"N";0;0;0;10579;0;0;0;0;0;0;0;0;0;220;0;607;0;0;"15:16:04";"27/10/2005"
"12/02/2026";"18:27:56";1996;2;"Eleição Ordinária";1;1996001;"Eleições Municipais 1996";"03/10/1996";"M";"SP";"71692";"TANABI";"71692";"TANABI";-3;13;"Vereador";15422;0;0;0;0;13796;0;1626;"N";0;0;0;12552;16;0;0;0;0;0;0;0;0;782;0;446;0;0;"15:16:04";"27/10/2005"
"12/02/2026";"18:27:56";1996;2;"Eleição Ordinária";1;1996001;"Eleições Municipais 1996";"03/10/1996";"M";"SP";"71692";"TANABI";"71692";"TANABI";-3;11;"Prefeito";15422;0;0;0;0;13796;0;1626;"N";0;0;0;12905;0;0;0;0;0;0;0;0;0;404;0;487;0;0;"15:16:04";"27/10/2005"
"12/02/2026";"18:27:56";1996;2;"Eleição Ordinária";1;1996001;"Eleições Municipais 1996";"03/10/1996";"M";"SP";"71714";"TAPIRAI";"71714";"TAPIRAI";-3;11;"Prefeito";5195;0;0;0;0;4164;0;1031;"N";0;0;0;3861;0;0;0;0;0;0;0;0;0;130;0;173;0;0;"15:16:04";"27/10/2005"
"12/02/2026";"18:27:56";1996;2;"Eleição Ordinária";1;1996001;"Eleições Municipais 1996";"03/10/1996";"M";"SP";"71714";"TAPIRAI";"71714";"TAPIRAI";-3;13;"Vereador";5195;0;0;0;0;4164;0;1031;"N";0;0;0;3485;17;0;0;0;0;0;0;0;0;480;0;182;0;0;"15:16:04";"27/10/2005"
"12/02/2026";"18:27:56";1996;2;"Eleição Ordinária";1;1996001;"Eleições Municipais 1996";"03/10/1996";"M";"SP";"71730";"TAPIRATIBA";"71730";"TAPIRATIBA";-3;13;"Vereador";8013;0;0;0;0;7064;0;949;"N";0;0;0;5761;57;0;0;0;0;0;0;0;0;925;0;321;0;0;"15:16:04";"27/10/2005"
"12/02/2026";"18:27:56";1996;2;"Eleição Ordinária";1;1996001;"Eleições Municipais 1996";"03/10/1996";"M";"SP";"71730";"TAPIRATIBA";"71730";"TAPIRATIBA";-3;11;"Prefeito";8013;0;0;0;0;7064;0;949;"N";0;0;0;6549;0;0;0;0;0;0;0;0;0;124;0;391;0;0;"15:16:04";"27/10/2005"
"12/02/2026";"18:27:56";1996;2;"Eleição Ordinária";1;1996001;"Eleições Municipais 1996";"03/10/1996";"M";"SP";"71757";"TAQUARITINGA";"71757";"TAQUARITINGA";-3;13;"Vereador";31451;0;0;0;0;27289;0;4162;"N";0;0;0;23540;78;0;0;0;0;0;0;0;0;2356;0;1315;0;0;"15:16:04";"27/10/2005"
"12/02/2026";"18:27:56";1996;2;"Eleição Ordinária";1;1996001;"Eleições Municipais 1996";"03/10/1996";"M";"SP";"71757";"TAQUARITINGA";"71757";"TAQUARITINGA";-3;11;"Prefeito";31451;0;0;0;0;27289;0;4162;"N";0;0;0;25799;0;0;0;0;0;0;0;0;0;413;0;1077;0;0;"15:16:04";"27/10/2005"
"12/02/2026";"18:27:56";1996;2;"Eleição Ordinária";1;1996001;"Eleições Municipais 1996";"03/10/1996";"M";"SP";"71773";"TAQUARITUBA";"71773";"TAQUARITUBA";-3;11;"Prefeito";14399;0;0;0;0;12572;0;1827;"N";0;0;0;12118;0;0;0;0;0;0;0;0;0;168;0;286;0;0;"15:16:04";"27/10/2005"
"12/02/2026";"18:27:56";1996;2;"Eleição Ordinária";1;1996001;"Eleições Municipais 1996";"03/10/1996";"M";"SP";"71773";"TAQUARITUBA";"71773";"TAQUARITUBA";-3;13;"Vereador";14399;0;0;0;0;12572;0;1827;"N";0;0;0;10702;87;0;0;0;0;0;0;0;0;1453;0;330;0;0;"15:16:04";"27/10/2005"
"12/02/2026";"18:27:56";1996;2;"Eleição Ordinária";1;1996001;"Eleições Municipais 1996";"03/10/1996";"M";"SP";"71790";"TARABAI";"71790";"TARABAI";-3;13;"Vereador";4437;0;0;0;0;3758;0;679;"N";0;0;0;3387;18;0;0;0;0;0;0;0;0;230;0;123;0;0;"15:16:04";"27/10/2005"
"12/02/2026";"18:27:56";1996;2;"Eleição Ordinária";1;1996001;"Eleições Municipais 1996";"03/10/1996";"M";"SP";"71790";"TARABAI";"71790";"TARABAI";-3;11;"Prefeito";4437;0;0;0;0;3758;0;679;"N";0;0;0;3561;0;0;0;0;0;0;0;0;0;66;0;131;0;0;"15:16:04";"27/10/2005"
"12/02/2026";"18:27:56";1996;2;"Eleição Ordinária";1;1996001;"Eleições Municipais 1996";"03/10/1996";"M";"SP";"71811";"TATUI";"71811";"TATUI";-3;13;"Vereador";50551;0;0;0;0;44366;0;6185;"N";0;0;0;35492;727;0;0;0;0;0;0;0;0;5033;0;3114;0;0;"15:16:04";"27/10/2005"
"12/02/2026";"18:27:56";1996;2;"Eleição Ordinária";1;1996001;"Eleições Municipais 1996";"03/10/1996";"M";"SP";"71811";"TATUI";"71811";"TATUI";-3;11;"Prefeito";50551;0;0;0;0;44366;0;6185;"N";0;0;0;40135;0;0;0;0;0;0;0;0;0;913;0;3318;0;0;"15:16:04";"27/10/2005"
"12/02/2026";"18:27:56";1996;2;"Eleição Ordinária";1;1996001;"Eleições Municipais 1996";"03/10/1996";"M";"SP";"71838";"TAUBATE";"71838";"TAUBATE";-3;11;"Prefeito";135152;0;0;0;0;119606;0;15546;"N";0;0;0;108824;0;0;0;0;0;0;0;0;0;4338;0;6444;0;0;"15:16:04";"27/10/2005"
"12/02/2026";"18:27:56";1996;2;"Eleição Ordinária";1;1996001;"Eleições Municipais 1996";"03/10/1996";"M";"SP";"71838";"TAUBATE";"71838";"TAUBATE";-3;13;"Vereador";135152;0;0;0;0;119606;0;15546;"N";0;0;0;91461;11361;0;0;0;0;0;0;0;0;8220;0;8564;0;0;"15:16:04";"27/10/2005"
"12/02/2026";"18:27:56";1996;2;"Eleição Ordinária";1;1996001;"Eleições Municipais 1996";"03/10/1996";"M";"SP";"71854";"TEJUPA";"71854";"TEJUPA";-3;13;"Vereador";3878;0;0;0;0;3426;0;452;"N";0;0;0;2854;23;0;0;0;0;0;0;0;0;373;0;176;0;0;"15:16:04";"27/10/2005"
"12/02/2026";"18:27:56";1996;2;"Eleição Ordinária";1;1996001;"Eleições Municipais 1996";"03/10/1996";"M";"SP";"71854";"TEJUPA";"71854";"TEJUPA";-3;11;"Prefeito";3878;0;0;0;0;3426;0;452;"N";0;0;0;3310;0;0;0;0;0;0;0;0;0;33;0;83;0;0;"15:16:04";"27/10/2005"
"12/02/2026";"18:27:56";1996;2;"Eleição Ordinária";1;1996001;"Eleições Municipais 1996";"03/10/1996";"M";"SP";"71870";"TEODORO SAMPAIO";"71870";"TEODORO SAMPAIO";-3;13;"Vereador";13376;0;0;0;0;10863;0;2513;"N";0;0;0;9447;75;0;0;0;0;0;0;0;0;941;0;400;0;0;"15:16:04";"27/10/2005"
"12/02/2026";"18:27:56";1996;2;"Eleição Ordinária";1;1996001;"Eleições Municipais 1996";"03/10/1996";"M";"SP";"71870";"TEODORO SAMPAIO";"71870";"TEODORO SAMPAIO";-3;11;"Prefeito";13376;0;0;0;0;10863;0;2513;"N";0;0;0;10200;0;0;0;0;0;0;0;0;0;197;0;466;0;0;"15:16:04";"27/10/2005"
"12/02/2026";"18:27:56";1996;2;"Eleição Ordinária";1;1996001;"Eleições Municipais 1996";"03/10/1996";"M";"SP";"71897";"TERRA ROXA";"71897";"TERRA ROXA";-3;11;"Prefeito";5344;0;0;0;0;4910;0;434;"N";0;0;0;4630;0;0;0;0;0;0;0;0;0;120;0;160;0;0;"15:16:04";"27/10/2005"
"12/02/2026";"18:27:56";1996;2;"Eleição Ordinária";1;1996001;"Eleições Municipais 1996";"03/10/1996";"M";"SP";"71897";"TERRA ROXA";"71897";"TERRA ROXA";-3;13;"Vereador";5344;0;0;0;0;4910;0;434;"N";0;0;0;4487;54;0;0;0;0;0;0;0;0;274;0;95;0;0;"15:16:04";"27/10/2005"
"12/02/2026";"18:27:56";1996;2;"Eleição Ordinária";1;1996001;"Eleições Municipais 1996";"03/10/1996";"M";"SP";"71919";"TIETE";"71919";"TIETE";-3;13;"Vereador";17746;0;0;0;0;15628;0;2118;"N";0;0;0;13166;171;0;0;0;0;0;0;0;0;1416;0;875;0;0;"15:16:04";"27/10/2005"
"12/02/2026";"18:27:56";1996;2;"Eleição Ordinária";1;1996001;"Eleições Municipais 1996";"03/10/1996";"M";"SP";"71919";"TIETE";"71919";"TIETE";-3;11;"Prefeito";17746;0;0;0;0;15628;0;2118;"N";0;0;0;14409;0;0;0;0;0;0;0;0;0;312;0;907;0;0;"15:16:04";"27/10/2005"
"12/02/2026";"18:27:56";1996;2;"Eleição Ordinária";1;1996001;"Eleições Municipais 1996";"03/10/1996";"M";"SP";"71935";"TIMBURI";"71935";"TIMBURI";-3;13;"Vereador";2586;0;0;0;0;2228;0;358;"N";0;0;0;1966;15;0;0;0;0;0;0;0;0;164;0;83;0;0;"15:16:04";"27/10/2005"
"12/02/2026";"18:27:56";1996;2;"Eleição Ordinária";1;1996001;"Eleições Municipais 1996";"03/10/1996";"M";"SP";"71935";"TIMBURI";"71935";"TIMBURI";-3;11;"Prefeito";2586;0;0;0;0;2228;0;358;"N";0;0;0;2163;0;0;0;0;0;0;0;0;0;21;0;44;0;0;"15:16:04";"27/10/2005"
"12/02/2026";"18:27:56";1996;2;"Eleição Ordinária";1;1996001;"Eleições Municipais 1996";"03/10/1996";"M";"SP";"71951";"TORRINHA";"71951";"TORRINHA";-3;11;"Prefeito";5697;0;0;0;0;4986;0;711;"N";0;0;0;4640;0;0;0;0;0;0;0;0;0;130;0;216;0;0;"15:16:04";"27/10/2005"
"12/02/2026";"18:27:56";1996;2;"Eleição Ordinária";1;1996001;"Eleições Municipais 1996";"03/10/1996";"M";"SP";"71951";"TORRINHA";"71951";"TORRINHA";-3;13;"Vereador";5697;0;0;0;0;4986;0;711;"N";0;0;0;4044;33;0;0;0;0;0;0;0;0;602;0;307;0;0;"15:16:04";"27/10/2005"
"12/02/2026";"18:27:56";1996;2;"Eleição Ordinária";1;1996001;"Eleições Municipais 1996";"03/10/1996";"M";"SP";"71978";"TREMEMBE";"71978";"TREMEMBE";-3;13;"Vereador";16022;0;0;0;0;14197;0;1825;"N";0;0;0;10909;285;0;0;0;0;0;0;0;0;1979;0;1024;0;0;"15:16:04";"27/10/2005"
"12/02/2026";"18:27:56";1996;2;"Eleição Ordinária";1;1996001;"Eleições Municipais 1996";"03/10/1996";"M";"SP";"71978";"TREMEMBE";"71978";"TREMEMBE";-3;11;"Prefeito";16022;0;0;0;0;14197;0;1825;"N";0;0;0;12488;0;0;0;0;0;0;0;0;0;292;0;1417;0;0;"15:16:04";"27/10/2005"
"12/02/2026";"18:27:56";1996;2;"Eleição Ordinária";1;1996001;"Eleições Municipais 1996";"03/10/1996";"M";"SP";"71994";"TRES FRONTEIRAS";"71994";"TRES FRONTEIRAS";-3;13;"Vereador";4092;0;0;0;0;3554;0;538;"N";0;0;0;3187;11;0;0;0;0;0;0;0;0;258;0;98;0;0;"15:16:04";"27/10/2005"
"12/02/2026";"18:27:56";1996;2;"Eleição Ordinária";1;1996001;"Eleições Municipais 1996";"03/10/1996";"M";"SP";"71994";"TRES FRONTEIRAS";"71994";"TRES FRONTEIRAS";-3;11;"Prefeito";4092;0;0;0;0;3554;0;538;"N";0;0;0;3402;0;0;0;0;0;0;0;0;0;49;0;103;0;0;"15:16:04";"27/10/2005"
"12/02/2026";"18:27:56";1996;2;"Eleição Ordinária";1;1996001;"Eleições Municipais 1996";"03/10/1996";"M";"SP";"72010";"TUPA";"72010";"TUPA";-3;11;"Prefeito";40786;0;0;0;0;34218;0;6568;"N";0;0;0;31932;0;0;0;0;0;0;0;0;0;777;0;1509;0;0;"15:16:04";"27/10/2005"
"12/02/2026";"18:27:56";1996;2;"Eleição Ordinária";1;1996001;"Eleições Municipais 1996";"03/10/1996";"M";"SP";"72010";"TUPA";"72010";"TUPA";-3;13;"Vereador";40786;0;0;0;0;34218;0;6568;"N";0;0;0;28709;159;0;0;0;0;0;0;0;0;3438;0;1912;0;0;"15:16:04";"27/10/2005"
"12/02/2026";"18:27:56";1996;2;"Eleição Ordinária";1;1996001;"Eleições Municipais 1996";"03/10/1996";"M";"SP";"72036";"TUPI PAULISTA";"72036";"TUPI PAULISTA";-3;13;"Vereador";10473;0;0;0;0;8350;0;2123;"N";0;0;0;7358;26;0;0;0;0;0;0;0;0;638;0;328;0;0;"15:16:04";"27/10/2005"
"12/02/2026";"18:27:56";1996;2;"Eleição Ordinária";1;1996001;"Eleições Municipais 1996";"03/10/1996";"M";"SP";"72036";"TUPI PAULISTA";"72036";"TUPI PAULISTA";-3;11;"Prefeito";10473;0;0;0;0;8350;0;2123;"N";0;0;0;7818;0;0;0;0;0;0;0;0;0;137;0;395;0;0;"15:16:04";"27/10/2005"
"12/02/2026";"18:27:56";1996;2;"Eleição Ordinária";1;1996001;"Eleições Municipais 1996";"03/10/1996";"M";"SP";"72052";"TURIUBA";"72052";"TURIUBA";-3;13;"Vereador";1871;0;0;0;0;1688;0;183;"N";0;0;0;1547;1;0;0;0;0;0;0;0;0;115;0;25;0;0;"15:16:04";"27/10/2005"
"12/02/2026";"18:27:56";1996;2;"Eleição Ordinária";1;1996001;"Eleições Municipais 1996";"03/10/1996";"M";"SP";"72052";"TURIUBA";"72052";"TURIUBA";-3;11;"Prefeito";1871;0;0;0;0;1688;0;183;"N";0;0;0;1634;0;0;0;0;0;0;0;0;0;40;0;14;0;0;"15:16:04";"27/10/2005"
"12/02/2026";"18:27:56";1996;2;"Eleição Ordinária";1;1996001;"Eleições Municipais 1996";"03/10/1996";"M";"SP";"72079";"TURMALINA";"72079";"TURMALINA";-3;11;"Prefeito";2603;0;0;0;0;2375;0;228;"N";0;0;0;2344;0;0;0;0;0;0;0;0;0;11;0;20;0;0;"15:16:04";"27/10/2005"
"12/02/2026";"18:27:56";1996;2;"Eleição Ordinária";1;1996001;"Eleições Municipais 1996";"03/10/1996";"M";"SP";"72079";"TURMALINA";"72079";"TURMALINA";-3;13;"Vereador";2603;0;0;0;0;2375;0;228;"N";0;0;0;2207;9;0;0;0;0;0;0;0;0;107;0;52;0;0;"15:16:04";"27/10/2005"
"12/02/2026";"18:27:56";1996;2;"Eleição Ordinária";1;1996001;"Eleições Municipais 1996";"03/10/1996";"M";"SP";"72095";"UBATUBA";"72095";"UBATUBA";-3;13;"Vereador";35055;0;0;0;0;28943;0;6112;"N";0;0;0;24236;285;0;0;0;0;0;0;0;0;3050;0;1372;0;0;"15:16:04";"27/10/2005"
"12/02/2026";"18:27:56";1996;2;"Eleição Ordinária";1;1996001;"Eleições Municipais 1996";"03/10/1996";"M";"SP";"72095";"UBATUBA";"72095";"UBATUBA";-3;11;"Prefeito";35055;0;0;0;0;28943;0;6112;"N";0;0;0;26238;0;0;0;0;0;0;0;0;0;676;0;2029;0;0;"15:16:04";"27/10/2005"
"12/02/2026";"18:27:56";1996;2;"Eleição Ordinária";1;1996001;"Eleições Municipais 1996";"03/10/1996";"M";"SP";"72117";"UBIRAJARA";"72117";"UBIRAJARA";-3;13;"Vereador";3155;0;0;0;0;2526;0;629;"N";0;0;0;2115;2;0;0;0;0;0;0;0;0;253;0;156;0;0;"15:16:04";"27/10/2005"
"12/02/2026";"18:27:56";1996;2;"Eleição Ordinária";1;1996001;"Eleições Municipais 1996";"03/10/1996";"M";"SP";"72117";"UBIRAJARA";"72117";"UBIRAJARA";-3;11;"Prefeito";3155;0;0;0;0;2526;0;629;"N";0;0;0;1943;0;0;0;0;0;0;0;0;0;186;0;397;0;0;"15:16:04";"27/10/2005"
"12/02/2026";"18:27:56";1996;2;"Eleição Ordinária";1;1996001;"Eleições Municipais 1996";"03/10/1996";"M";"SP";"72133";"UCHOA";"72133";"UCHOA";-3;11;"Prefeito";6292;0;0;0;0;5598;0;694;"N";0;0;0;5324;0;0;0;0;0;0;0;0;0;77;0;197;0;0;"15:16:04";"27/10/2005"
"12/02/2026";"18:27:56";1996;2;"Eleição Ordinária";1;1996001;"Eleições Municipais 1996";"03/10/1996";"M";"SP";"72133";"UCHOA";"72133";"UCHOA";-3;13;"Vereador";6292;0;0;0;0;5598;0;694;"N";0;0;0;4796;7;0;0;0;0;0;0;0;0;572;0;223;0;0;"15:16:04";"27/10/2005"
"12/02/2026";"18:27:56";1996;2;"Eleição Ordinária";1;1996001;"Eleições Municipais 1996";"03/10/1996";"M";"SP";"72150";"UNIAO PAULISTA";"72150";"UNIAO PAULISTA";-3;13;"Vereador";1583;0;0;0;0;1468;0;115;"N";0;0;0;1347;0;0;0;0;0;0;0;0;0;91;0;30;0;0;"15:16:04";"27/10/2005"
"12/02/2026";"18:27:56";1996;2;"Eleição Ordinária";1;1996001;"Eleições Municipais 1996";"03/10/1996";"M";"SP";"72150";"UNIAO PAULISTA";"72150";"UNIAO PAULISTA";-3;11;"Prefeito";1583;0;0;0;0;1468;0;115;"N";0;0;0;1441;0;0;0;0;0;0;0;0;0;20;0;7;0;0;"15:16:04";"27/10/2005"
"12/02/2026";"18:27:56";1996;2;"Eleição Ordinária";1;1996001;"Eleições Municipais 1996";"03/10/1996";"M";"SP";"72176";"URANIA";"72176";"URANIA";-3;13;"Vereador";6336;0;0;0;0;5377;0;959;"N";0;0;0;4745;57;0;0;0;0;0;0;0;0;375;0;200;0;0;"15:16:04";"27/10/2005"
"12/02/2026";"18:27:56";1996;2;"Eleição Ordinária";1;1996001;"Eleições Municipais 1996";"03/10/1996";"M";"SP";"72176";"URANIA";"72176";"URANIA";-3;11;"Prefeito";6336;0;0;0;0;5377;0;959;"N";0;0;0;5134;0;0;0;0;0;0;0;0;0;128;0;115;0;0;"15:16:04";"27/10/2005"
"12/02/2026";"18:27:56";1996;2;"Eleição Ordinária";1;1996001;"Eleições Municipais 1996";"03/10/1996";"M";"SP";"72192";"URU";"72192";"URU";-3;11;"Prefeito";1305;0;0;0;0;1152;0;153;"N";0;0;0;1121;0;0;0;0;0;0;0;0;0;13;0;18;0;0;"15:16:04";"27/10/2005"
"12/02/2026";"18:27:56";1996;2;"Eleição Ordinária";1;1996001;"Eleições Municipais 1996";"03/10/1996";"M";"SP";"72192";"URU";"72192";"URU";-3;13;"Vereador";1305;0;0;0;0;1152;0;153;"N";0;0;0;1043;2;0;0;0;0;0;0;0;0;70;0;37;0;0;"15:16:04";"27/10/2005"
"12/02/2026";"18:27:56";1996;2;"Eleição Ordinária";1;1996001;"Eleições Municipais 1996";"03/10/1996";"M";"SP";"72214";"URUPES";"72214";"URUPES";-3;11;"Prefeito";7812;0;0;0;0;6901;0;911;"N";0;0;0;6306;0;0;0;0;0;0;0;0;0;242;0;353;0;0;"15:16:04";"27/10/2005"
"12/02/2026";"18:27:56";1996;2;"Eleição Ordinária";1;1996001;"Eleições Municipais 1996";"03/10/1996";"M";"SP";"72214";"URUPES";"72214";"URUPES";-3;13;"Vereador";7812;0;0;0;0;6901;0;911;"N";0;0;0;6216;9;0;0;0;0;0;0;0;0;414;0;262;0;0;"15:16:04";"27/10/2005"
"12/02/2026";"18:27:56";1996;2;"Eleição Ordinária";1;1996001;"Eleições Municipais 1996";"03/10/1996";"M";"SP";"72230";"VALENTIM GENTIL";"72230";"VALENTIM GENTIL";-3;11;"Prefeito";4711;0;0;0;0;4360;0;351;"N";0;0;0;4220;0;0;0;0;0;0;0;0;0;71;0;69;0;0;"15:16:04";"27/10/2005"
"12/02/2026";"18:27:56";1996;2;"Eleição Ordinária";1;1996001;"Eleições Municipais 1996";"03/10/1996";"M";"SP";"72257";"VALINHOS";"72257";"VALINHOS";-3;11;"Prefeito";50342;0;0;0;0;45086;0;5256;"N";0;0;0;41004;0;0;0;0;0;0;0;0;0;991;0;3091;0;0;"15:16:04";"27/10/2005"
"12/02/2026";"18:27:56";1996;2;"Eleição Ordinária";1;1996001;"Eleições Municipais 1996";"03/10/1996";"M";"SP";"72230";"VALENTIM GENTIL";"72230";"VALENTIM GENTIL";-3;13;"Vereador";4711;0;0;0;0;4360;0;351;"N";0;0;0;4017;17;0;0;0;0;0;0;0;0;208;0;118;0;0;"15:16:04";"27/10/2005"
"12/02/2026";"18:27:56";1996;2;"Eleição Ordinária";1;1996001;"Eleições Municipais 1996";"03/10/1996";"M";"SP";"72273";"VALPARAIZO";"72273";"VALPARAIZO";-3;11;"Prefeito";11914;0;0;0;0;10197;0;1717;"N";0;0;0;9941;0;0;0;0;0;0;0;0;0;77;0;179;0;0;"15:16:04";"27/10/2005"
"12/02/2026";"18:27:56";1996;2;"Eleição Ordinária";1;1996001;"Eleições Municipais 1996";"03/10/1996";"M";"SP";"72257";"VALINHOS";"72257";"VALINHOS";-3;13;"Vereador";50342;0;0;0;0;45086;0;5256;"N";0;0;0;36682;1038;0;0;0;0;0;0;0;0;4314;0;3052;0;0;"15:16:04";"27/10/2005"
"12/02/2026";"18:27:56";1996;2;"Eleição Ordinária";1;1996001;"Eleições Municipais 1996";"03/10/1996";"M";"SP";"72273";"VALPARAIZO";"72273";"VALPARAIZO";-3;13;"Vereador";11914;0;0;0;0;10197;0;1717;"N";0;0;0;9326;33;0;0;0;0;0;0;0;0;538;0;300;0;0;"15:16:04";"27/10/2005"
"12/02/2026";"18:27:56";1996;2;"Eleição Ordinária";1;1996001;"Eleições Municipais 1996";"03/10/1996";"M";"SP";"72311";"VARGEM GRANDE DO SUL";"72311";"VARGEM GRANDE DO SUL";-3;11;"Prefeito";20253;0;0;0;0;18108;0;2145;"N";0;0;0;16403;0;0;0;0;0;0;0;0;0;343;0;1362;0;0;"15:16:04";"27/10/2005"
"12/02/2026";"18:27:56";1996;2;"Eleição Ordinária";1;1996001;"Eleições Municipais 1996";"03/10/1996";"M";"SP";"72338";"VARZEA PAULISTA";"72338";"VARZEA PAULISTA";-3;11;"Prefeito";49421;0;0;0;0;44474;0;4947;"N";0;0;0;38310;0;0;0;0;0;0;0;0;0;1355;0;4809;0;0;"15:16:04";"27/10/2005"
"12/02/2026";"18:27:56";1996;2;"Eleição Ordinária";1;1996001;"Eleições Municipais 1996";"03/10/1996";"M";"SP";"72311";"VARGEM GRANDE DO SUL";"72311";"VARGEM GRANDE DO SUL";-3;13;"Vereador";20253;0;0;0;0;18108;0;2145;"N";0;0;0;14718;213;0;0;0;0;0;0;0;0;2191;0;986;0;0;"15:16:04";"27/10/2005"
"12/02/2026";"18:27:56";1996;2;"Eleição Ordinária";1;1996001;"Eleições Municipais 1996";"03/10/1996";"M";"SP";"72354";"VERA CRUZ";"72354";"VERA CRUZ";-3;11;"Prefeito";8092;0;0;0;0;6915;0;1177;"N";0;0;0;6160;0;0;0;0;0;0;0;0;0;230;0;525;0;0;"15:16:04";"27/10/2005"
"12/02/2026";"18:27:56";1996;2;"Eleição Ordinária";1;1996001;"Eleições Municipais 1996";"03/10/1996";"M";"SP";"72338";"VARZEA PAULISTA";"72338";"VARZEA PAULISTA";-3;13;"Vereador";49421;0;0;0;0;44474;0;4947;"N";0;0;0;35042;985;0;0;0;0;0;0;0;0;5120;0;3327;0;0;"15:16:04";"27/10/2005"
"12/02/2026";"18:27:56";1996;2;"Eleição Ordinária";1;1996001;"Eleições Municipais 1996";"03/10/1996";"M";"SP";"72354";"VERA CRUZ";"72354";"VERA CRUZ";-3;13;"Vereador";8092;0;0;0;0;6915;0;1177;"N";0;0;0;5660;21;0;0;0;0;0;0;0;0;795;0;439;0;0;"15:16:04";"27/10/2005"
"12/02/2026";"18:27:56";1996;2;"Eleição Ordinária";1;1996001;"Eleições Municipais 1996";"03/10/1996";"M";"SP";"72370";"VINHEDO";"72370";"VINHEDO";-3;11;"Prefeito";26724;0;0;0;0;24093;0;2631;"N";0;0;0;22183;0;0;0;0;0;0;0;0;0;429;0;1481;0;0;"15:16:04";"27/10/2005"
"12/02/2026";"18:27:56";1996;2;"Eleição Ordinária";1;1996001;"Eleições Municipais 1996";"03/10/1996";"M";"SP";"72397";"VIRADOURO";"72397";"VIRADOURO";-3;11;"Prefeito";9653;0;0;0;0;8835;0;818;"N";0;0;0;8435;0;0;0;0;0;0;0;0;0;157;0;243;0;0;"15:16:04";"27/10/2005"
"12/02/2026";"18:27:56";1996;2;"Eleição Ordinária";1;1996001;"Eleições Municipais 1996";"03/10/1996";"M";"SP";"72370";"VINHEDO";"72370";"VINHEDO";-3;13;"Vereador";26724;0;0;0;0;24093;0;2631;"N";0;0;0;20236;406;0;0;0;0;0;0;0;0;2121;0;1330;0;0;"15:16:04";"27/10/2005"
"12/02/2026";"18:27:56";1996;2;"Eleição Ordinária";1;1996001;"Eleições Municipais 1996";"03/10/1996";"M";"SP";"72419";"VISTA ALEGRE DO ALTO";"72419";"VISTA ALEGRE DO ALTO";-3;11;"Prefeito";3242;0;0;0;0;2964;0;278;"N";0;0;0;2802;0;0;0;0;0;0;0;0;0;66;0;96;0;0;"15:16:04";"27/10/2005"
"12/02/2026";"18:27:56";1996;2;"Eleição Ordinária";1;1996001;"Eleições Municipais 1996";"03/10/1996";"M";"SP";"72397";"VIRADOURO";"72397";"VIRADOURO";-3;13;"Vereador";9653;0;0;0;0;8835;0;818;"N";0;0;0;8097;63;0;0;0;0;0;0;0;0;459;0;216;0;0;"15:16:04";"27/10/2005"
"12/02/2026";"18:27:56";1996;2;"Eleição Ordinária";1;1996001;"Eleições Municipais 1996";"03/10/1996";"M";"SP";"72419";"VISTA ALEGRE DO ALTO";"72419";"VISTA ALEGRE DO ALTO";-3;13;"Vereador";3242;0;0;0;0;2964;0;278;"N";0;0;0;2617;1;0;0;0;0;0;0;0;0;238;0;108;0;0;"15:16:04";"27/10/2005"
"12/02/2026";"18:27:56";1996;2;"Eleição Ordinária";1;1996001;"Eleições Municipais 1996";"03/10/1996";"M";"SP";"72435";"VOTORANTIM";"72435";"VOTORANTIM";-3;11;"Prefeito";51921;0;0;0;0;47534;0;4387;"N";0;0;0;42521;0;0;0;0;0;0;0;0;0;1078;0;3935;0;0;"15:16:04";"27/10/2005"
"12/02/2026";"18:27:56";1996;2;"Eleição Ordinária";1;1996001;"Eleições Municipais 1996";"03/10/1996";"M";"SP";"72451";"VOTUPORANGA";"72451";"VOTUPORANGA";-3;11;"Prefeito";42354;0;0;0;0;36400;0;5954;"N";0;0;0;33545;0;0;0;0;0;0;0;0;0;719;0;2136;0;0;"15:16:04";"27/10/2005"
"12/02/2026";"18:27:56";1996;2;"Eleição Ordinária";1;1996001;"Eleições Municipais 1996";"03/10/1996";"M";"SP";"72435";"VOTORANTIM";"72435";"VOTORANTIM";-3;13;"Vereador";51921;0;0;0;0;47534;0;4387;"N";0;0;0;39208;827;0;0;0;0;0;0;0;0;4334;0;3165;0;0;"15:16:04";"27/10/2005"
"12/02/2026";"18:27:56";1996;2;"Eleição Ordinária";1;1996001;"Eleições Municipais 1996";"03/10/1996";"M";"SP";"72737";"VARGEM GRANDE PAULISTA";"72737";"VARGEM GRANDE PAULISTA";-3;11;"Prefeito";18304;0;0;0;0;15572;0;2732;"N";0;0;0;13980;0;0;0;0;0;0;0;0;0;475;0;1117;0;0;"15:16:04";"27/10/2005"
"12/02/2026";"18:27:56";1996;2;"Eleição Ordinária";1;1996001;"Eleições Municipais 1996";"03/10/1996";"M";"SP";"72451";"VOTUPORANGA";"72451";"VOTUPORANGA";-3;13;"Vereador";42354;0;0;0;0;36400;0;5954;"N";0;0;0;31208;270;0;0;0;0;0;0;0;0;2839;0;2083;0;0;"15:16:04";"27/10/2005"
"12/02/2026";"18:27:56";1996;2;"Eleição Ordinária";1;1996001;"Eleições Municipais 1996";"03/10/1996";"M";"SP";"72737";"VARGEM GRANDE PAULISTA";"72737";"VARGEM GRANDE PAULISTA";-3;13;"Vereador";18304;0;0;0;0;15572;0;2732;"N";0;0;0;12090;264;0;0;0;0;0;0;0;0;1703;0;788;0;0;"15:16:04";"27/10/2005"
"12/02/2026";"18:27:56";1996;2;"Eleição Ordinária";2;1996002;"Eleições Municipais 1996";"15/11/1996";"M";"SP";"62910";"CAMPINAS";"62910";"CAMPINAS";-3;11;"Prefeito";562283;0;0;0;0;468010;0;94273;"N";0;0;0;397683;0;0;0;0;0;0;0;0;0;13882;0;56445;0;0;"15:16:04";"27/10/2005"
"12/02/2026";"18:27:56";1996;2;"Eleição Ordinária";2;1996002;"Eleições Municipais 1996";"15/11/1996";"M";"SP";"64777";"GUARULHOS";"64777";"GUARULHOS";-3;11;"Prefeito";477031;0;0;0;0;404574;0;72457;"N";0;0;0;374526;0;0;0;0;0;0;0;0;0;6339;0;23709;0;0;"15:16:04";"27/10/2005"
"12/02/2026";"18:27:56";1996;2;"Eleição Ordinária";2;1996002;"Eleições Municipais 1996";"15/11/1996";"M";"SP";"69698";"RIBEIRAO PRETO";"69698";"RIBEIRAO PRETO";-3;11;"Prefeito";285158;0;0;0;0;243608;0;41550;"N";0;0;0;228624;0;0;0;0;0;0;0;0;0;2689;0;12295;0;0;"15:16:04";"27/10/2005"
"12/02/2026";"18:27:56";1996;2;"Eleição Ordinária";2;1996002;"Eleições Municipais 1996";"15/11/1996";"M";"SP";"70718";"SANTOS";"70718";"SANTOS";-3;11;"Prefeito";322236;0;0;0;0;267588;0;54648;"N";0;0;0;254717;0;0;0;0;0;0;0;0;0;2670;0;10201;0;0;"15:16:04";"27/10/2005"
"12/02/2026";"18:27:56";1996;2;"Eleição Ordinária";2;1996002;"Eleições Municipais 1996";"15/11/1996";"M";"SP";"70750";"SAO BERNARDO DO CAMPO";"70750";"SAO BERNARDO DO CAMPO";-3;11;"Prefeito";398591;0;0;0;0;328654;0;69937;"N";0;0;0;293496;0;0;0;0;0;0;0;0;0;6618;0;28540;0;0;"15:16:04";"27/10/2005"
"12/02/2026";"18:27:56";1996;2;"Eleição Ordinária";2;1996002;"Eleições Municipais 1996";"15/11/1996";"M";"SP";"70998";"SAO JOSE DOS CAMPOS";"70998";"SAO JOSE DOS CAMPOS";-3;11;"Prefeito";282388;0;0;0;0;239555;0;42833;"N";0;0;0;218121;0;0;0;0;0;0;0;0;0;3873;0;17561;0;0;"15:16:04";"27/10/2005"
"12/02/2026";"18:27:56";1996;2;"Eleição Ordinária";2;1996002;"Eleições Municipais 1996";"15/11/1996";"M";"SP";"71072";"SAO PAULO";"71072";"SAO PAULO";-3;11;"Prefeito";6765407;0;0;0;0;5540362;0;1225045;"N";0;0;0;5102960;0;0;0;0;0;0;0;0;0;107409;0;329993;0;0;"15:16:04";"27/10/2005"
"12/02/2026";"18:27:56";1996;2;"Eleição Ordinária";2;1996002;"Eleições Municipais 1996";"15/11/1996";"M";"SP";"71455";"SOROCABA";"71455";"SOROCABA";-3;11;"Prefeito";256886;0;0;0;0;220831;0;36055;"N";0;0;0;194897;0;0;0;0;0;0;0;0;0;5007;0;20927;0;0;"15:16:04";"27/10/2005"
