"DT_GERACAO";"HH_GERACAO";"ANO_ELEICAO";"CD_TIPO_ELEICAO";"NM_TIPO_ELEICAO";"NR_TURNO";"CD_ELEICAO";"DS_ELEICAO";"DT_ELEICAO";"TP_ABRANGENCIA";"SG_UF";"SG_UE";"NM_UE";"CD_MUNICIPIO";"NM_MUNICIPIO";"NR_ZONA";"CD_CARGO";"DS_CARGO";"QT_APTOS";"QT_SECOES_PRINCIPAIS";"QT_SECOES_AGREGADAS";"QT_SECOES_NAO_INSTALADAS";"QT_TOTAL_SECOES";"QT_COMPARECIMENTO";"QT_ELEITORES_SECOES_NAO_INSTALADAS";"QT_ABSTENCOES";"ST_VOTO_EM_TRANSITO";"QT_VOTOS";"QT_VOTOS_CONCORRENTES";"QT_TOTAL_VOTOS_VALIDOS";"QT_VOTOS_NOMINAIS_VALIDOS";"QT_TOTAL_VOTOS_LEG_VALIDOS";"QT_VOTOS_LEG_VALIDOS";"QT_VOTOS_NOM_CONVR_LEG_VALIDOS";"QT_TOTAL_VOTOS_ANULADOS";"QT_VOTOS_NOMINAIS_ANULADOS";"QT_VOTOS_LEGENDA_ANULADOS";"QT_TOTAL_VOTOS_ANUL_SUBJUD";"QT_VOTOS_NOMINAIS_ANUL_SUBJUD";"QT_VOTOS_LEGENDA_ANUL_SUBJUD";"QT_VOTOS_BRANCOS";"QT_TOTAL_VOTOS_NULOS";"QT_VOTOS_NULOS";"QT_VOTOS_NULOS_TECNICOS";"QT_VOTOS_ANULADOS_APU_SEP";"HH_ULTIMA_TOTALIZACAO";"DT_ULTIMA_TOTALIZACAO"
"19/01/2026";"14:01:37";2016;2;"Eleição Ordinária";1;220;"Eleições Municipais 2016";"02/10/2016";"M";"SP";"68519";"PEREIRAS";"68519";"PEREIRAS";41;11;"Prefeito";7069;19;0;0;19;5591;0;1478;"N";5591;5205;5205;5205;0;0;0;0;0;0;0;0;0;125;261;261;0;0;"18:39:39";"02/10/2016"
"19/01/2026";"14:01:37";2016;2;"Eleição Ordinária";1;220;"Eleições Municipais 2016";"02/10/2016";"M";"SP";"64351";"GARÇA";"64351";"GARÇA";47;11;"Prefeito";35137;111;6;0;117;26569;0;8568;"N";26569;24089;24089;24089;0;0;0;0;0;0;0;0;0;972;1508;1508;0;0;"19:03:26";"02/10/2016"
"19/01/2026";"14:01:37";2016;2;"Eleição Ordinária";1;220;"Eleições Municipais 2016";"02/10/2016";"M";"SP";"69752";"RINCÃO";"69752";"RINCÃO";239;11;"Prefeito";8008;26;1;0;27;6349;0;1659;"N";6349;3643;3643;3643;0;0;0;0;0;0;0;0;0;264;2442;2442;0;0;"14:27:00";"07/06/2018"
"19/01/2026";"14:01:37";2016;2;"Eleição Ordinária";1;220;"Eleições Municipais 2016";"02/10/2016";"M";"SP";"62170";"BATATAIS";"62170";"BATATAIS";22;11;"Prefeito";43030;118;3;0;121;33478;0;9552;"N";33478;28269;28269;28269;0;0;0;0;0;0;0;0;0;1760;3449;3449;0;0;"15:14:42";"14/12/2016"
"19/01/2026";"14:01:37";2016;2;"Eleição Ordinária";1;220;"Eleições Municipais 2016";"02/10/2016";"M";"SP";"66150";"JOSÉ BONIFÁCIO";"66150";"JOSÉ BONIFÁCIO";64;11;"Prefeito";26022;70;5;0;75;21324;0;4698;"N";21324;20087;20087;20087;0;0;0;0;0;0;0;0;0;423;814;814;0;0;"18:18:49";"02/10/2016"
"19/01/2026";"14:01:37";2016;2;"Eleição Ordinária";1;220;"Eleições Municipais 2016";"02/10/2016";"M";"SP";"61697";"AREIAS";"61697";"AREIAS";105;11;"Prefeito";3524;10;1;0;11;2979;0;545;"N";2979;2814;2814;2814;0;0;0;0;0;0;0;0;0;45;120;120;0;0;"18:01:38";"02/10/2016"
"19/01/2026";"14:01:37";2016;2;"Eleição Ordinária";1;220;"Eleições Municipais 2016";"02/10/2016";"M";"SP";"68110";"PARAGUAÇU PAULISTA";"68110";"PARAGUAÇU PAULISTA";12;11;"Prefeito";32465;91;0;0;91;25034;0;7431;"N";25034;22863;22863;22863;0;0;0;0;0;0;0;0;0;857;1314;1314;0;0;"18:29:25";"02/10/2016"
"19/01/2026";"14:01:37";2016;2;"Eleição Ordinária";1;220;"Eleições Municipais 2016";"02/10/2016";"M";"SP";"64556";"GUARÁ";"64556";"GUARÁ";338;11;"Prefeito";15214;43;0;0;43;12444;0;2770;"N";12444;11676;11676;11676;0;0;0;0;0;0;0;0;0;226;542;542;0;0;"17:54:25";"02/10/2016"
"19/01/2026";"14:01:37";2016;2;"Eleição Ordinária";1;220;"Eleições Municipais 2016";"02/10/2016";"M";"SP";"66117";"JOANÓPOLIS";"66117";"JOANÓPOLIS";92;11;"Prefeito";9491;28;0;0;28;7706;0;1785;"N";7706;7003;7003;7003;0;0;0;0;0;0;0;0;0;204;499;499;0;0;"19:02:31";"02/10/2016"
"19/01/2026";"14:01:37";2016;2;"Eleição Ordinária";1;220;"Eleições Municipais 2016";"02/10/2016";"M";"SP";"71072";"SÃO PAULO";"71072";"SÃO PAULO";346;11;"Prefeito";135630;353;1;0;354;104089;0;31541;"N";104089;92113;92113;92113;0;0;0;0;0;0;0;0;0;3992;7984;7984;0;0;"14:11:09";"26/06/2018"
"19/01/2026";"14:01:37";2016;2;"Eleição Ordinária";1;220;"Eleições Municipais 2016";"02/10/2016";"M";"SP";"64033";"EMBU-GUAÇU";"64033";"EMBU-GUAÇU";370;11;"Prefeito";52749;137;0;0;137;41820;0;10929;"N";41820;35010;35010;35010;0;0;0;0;0;0;0;0;0;2433;4377;4377;0;0;"22:19:29";"02/10/2016"
"19/01/2026";"14:01:37";2016;2;"Eleição Ordinária";1;220;"Eleições Municipais 2016";"02/10/2016";"M";"SP";"69671";"RIBEIRÃO PIRES";"69671";"RIBEIRÃO PIRES";382;11;"Prefeito";24210;77;4;0;81;19308;0;4902;"N";19308;15589;15589;15589;0;0;0;0;0;0;0;0;0;1049;2670;2670;0;0;"21:24:44";"02/10/2016"
"19/01/2026";"14:01:37";2016;2;"Eleição Ordinária";1;220;"Eleições Municipais 2016";"02/10/2016";"M";"SP";"62006";"ILHA COMPRIDA";"62006";"ILHA COMPRIDA";51;11;"Prefeito";10894;30;0;0;30;8792;0;2102;"N";8792;5135;5135;5135;0;0;0;0;0;0;0;0;0;119;3538;3538;0;0;"18:50:30";"02/10/2016"
"19/01/2026";"14:01:37";2016;2;"Eleição Ordinária";1;220;"Eleições Municipais 2016";"02/10/2016";"M";"SP";"62049";"TORRE DE PEDRA";"62049";"TORRE DE PEDRA";140;11;"Prefeito";2724;8;0;0;8;2303;0;421;"N";2303;2224;2224;2224;0;0;0;0;0;0;0;0;0;20;59;59;0;0;"14:37:29";"03/11/2016"
"19/01/2026";"14:01:37";2016;2;"Eleição Ordinária";1;220;"Eleições Municipais 2016";"02/10/2016";"M";"SP";"64432";"GLICÉRIO";"64432";"GLICÉRIO";289;11;"Prefeito";4282;13;0;0;13;3746;0;536;"N";3746;3580;3580;3580;0;0;0;0;0;0;0;0;0;38;128;128;0;0;"18:39:36";"02/10/2016"
"19/01/2026";"14:01:37";2016;2;"Eleição Ordinária";1;220;"Eleições Municipais 2016";"02/10/2016";"M";"SP";"67431";"MURUTINGA DO SUL";"67431";"MURUTINGA DO SUL";9;11;"Prefeito";3654;11;1;0;12;3048;0;606;"N";3048;2871;2871;2871;0;0;0;0;0;0;0;0;0;49;128;128;0;0;"19:04:13";"02/10/2016"
"19/01/2026";"14:01:37";2016;2;"Eleição Ordinária";1;220;"Eleições Municipais 2016";"02/10/2016";"M";"SP";"63177";"CASA BRANCA";"63177";"CASA BRANCA";39;11;"Prefeito";21006;63;0;0;63;15580;0;5426;"N";15580;13604;13604;13604;0;0;0;0;0;0;0;0;0;751;1225;1225;0;0;"18:08:49";"14/12/2016"
"19/01/2026";"14:01:37";2016;2;"Eleição Ordinária";1;220;"Eleições Municipais 2016";"02/10/2016";"M";"SP";"68012";"PALESTINA";"68012";"PALESTINA";231;11;"Prefeito";8866;29;0;0;29;7508;0;1358;"N";7508;7174;7174;7174;0;0;0;0;0;0;0;0;0;133;201;201;0;0;"18:07:48";"02/10/2016"
"19/01/2026";"14:01:37";2016;2;"Eleição Ordinária";1;220;"Eleições Municipais 2016";"02/10/2016";"M";"SP";"61662";"ESTIVA GERBI";"61662";"ESTIVA GERBI";216;11;"Prefeito";8573;23;0;0;23;7477;0;1096;"N";7477;6767;6767;6767;0;0;0;0;0;0;0;0;0;189;521;521;0;0;"19:11:48";"02/10/2016"
"19/01/2026";"14:01:37";2016;2;"Eleição Ordinária";1;220;"Eleições Municipais 2016";"02/10/2016";"M";"SP";"61093";"ÁGUAS DE LINDÓIA";"61093";"ÁGUAS DE LINDÓIA";134;11;"Prefeito";14294;40;1;0;41;11408;0;2886;"N";11408;10614;10614;10614;0;0;0;0;0;0;0;0;0;232;562;562;0;0;"18:39:32";"02/10/2016"
"19/01/2026";"14:01:37";2016;2;"Eleição Ordinária";1;220;"Eleições Municipais 2016";"02/10/2016";"M";"SP";"70734";"SÃO BENTO DO SAPUCAÍ";"70734";"SÃO BENTO DO SAPUCAÍ";120;11;"Prefeito";9249;27;0;0;27;7328;0;1921;"N";7328;6703;6703;6703;0;0;0;0;0;0;0;0;0;209;416;416;0;0;"17:25:54";"02/10/2016"
"19/01/2026";"14:01:37";2016;2;"Eleição Ordinária";1;220;"Eleições Municipais 2016";"02/10/2016";"M";"SP";"70157";"SANTA ALBERTINA";"70157";"SANTA ALBERTINA";152;11;"Prefeito";4949;14;0;0;14;4207;0;742;"N";4207;4059;4059;4059;0;0;0;0;0;0;0;0;0;44;104;104;0;0;"18:39:40";"02/10/2016"
"19/01/2026";"14:01:37";2016;2;"Eleição Ordinária";1;220;"Eleições Municipais 2016";"02/10/2016";"M";"SP";"62022";"LOURDES";"62022";"LOURDES";214;11;"Prefeito";1999;7;0;0;7;1721;0;278;"N";1721;1647;1647;1647;0;0;0;0;0;0;0;0;0;13;61;61;0;0;"18:04:36";"02/10/2016"
"19/01/2026";"14:01:37";2016;2;"Eleição Ordinária";1;220;"Eleições Municipais 2016";"02/10/2016";"M";"SP";"61549";"VARGEM";"61549";"VARGEM";298;11;"Prefeito";6964;20;0;0;20;5498;0;1466;"N";5498;4809;4809;4809;0;0;0;0;0;0;0;0;0;268;421;421;0;0;"10:11:07";"21/12/2016"
"19/01/2026";"14:01:37";2016;2;"Eleição Ordinária";1;220;"Eleições Municipais 2016";"02/10/2016";"M";"SP";"66290";"LARANJAL PAULISTA";"66290";"LARANJAL PAULISTA";209;11;"Prefeito";20874;59;0;0;59;16627;0;4247;"N";16627;15251;15251;15251;0;0;0;0;0;0;0;0;0;468;908;908;0;0;"18:32:26";"02/10/2016"
"19/01/2026";"14:01:37";2016;2;"Eleição Ordinária";1;220;"Eleições Municipais 2016";"02/10/2016";"M";"SP";"66370";"LENÇÓIS PAULISTA";"66370";"LENÇÓIS PAULISTA";161;11;"Prefeito";47110;148;1;0;149;38232;0;8878;"N";38232;33961;33961;33961;0;0;0;0;0;0;0;0;0;1692;2579;2579;0;0;"19:06:50";"02/10/2016"
"19/01/2026";"14:01:37";2016;2;"Eleição Ordinária";1;220;"Eleições Municipais 2016";"02/10/2016";"M";"SP";"62405";"PAULISTÂNIA";"62405";"PAULISTÂNIA";7;11;"Prefeito";1881;5;0;0;5;1652;0;229;"N";1652;1524;1524;1524;0;0;0;0;0;0;0;0;0;32;96;96;0;0;"18:48:05";"02/10/2016"
"19/01/2026";"14:01:37";2016;2;"Eleição Ordinária";1;220;"Eleições Municipais 2016";"02/10/2016";"M";"SP";"65854";"JABORANDI";"65854";"JABORANDI";178;11;"Prefeito";5142;14;0;0;14;4380;0;762;"N";4380;4064;4064;4064;0;0;0;0;0;0;0;0;0;118;198;198;0;0;"17:55:16";"02/10/2016"
"19/01/2026";"14:01:37";2016;2;"Eleição Ordinária";1;220;"Eleições Municipais 2016";"02/10/2016";"M";"SP";"61174";"ALTAIR";"61174";"ALTAIR";80;11;"Prefeito";3284;9;0;0;9;2797;0;487;"N";2797;2662;2662;2662;0;0;0;0;0;0;0;0;0;37;98;98;0;0;"18:32:55";"02/10/2016"
"19/01/2026";"14:01:37";2016;2;"Eleição Ordinária";1;220;"Eleições Municipais 2016";"02/10/2016";"M";"SP";"61123";"DIRCE REIS";"61123";"DIRCE REIS";152;11;"Prefeito";1685;5;1;0;6;1575;0;110;"N";1575;1526;1526;1526;0;0;0;0;0;0;0;0;0;7;42;42;0;0;"18:43:32";"02/10/2016"
"19/01/2026";"14:01:37";2016;2;"Eleição Ordinária";1;220;"Eleições Municipais 2016";"02/10/2016";"M";"SP";"62227";"VITÓRIA BRASIL";"62227";"VITÓRIA BRASIL";152;11;"Prefeito";1663;6;0;0;6;1516;0;147;"N";1516;1455;1455;1455;0;0;0;0;0;0;0;0;0;10;51;51;0;0;"18:29:08";"02/10/2016"
"19/01/2026";"14:01:37";2016;2;"Eleição Ordinária";1;220;"Eleições Municipais 2016";"02/10/2016";"M";"SP";"67091";"MIRASSOLÂNDIA";"67091";"MIRASSOLÂNDIA";72;11;"Prefeito";3646;10;0;0;10;3199;0;447;"N";3199;3029;3029;3029;0;0;0;0;0;0;0;0;0;57;113;113;0;0;"19:14:09";"02/10/2016"
"19/01/2026";"14:01:37";2016;2;"Eleição Ordinária";1;220;"Eleições Municipais 2016";"02/10/2016";"M";"SP";"66834";"MARINÓPOLIS";"66834";"MARINÓPOLIS";232;11;"Prefeito";1916;6;0;0;6;1678;0;238;"N";1678;1618;1618;1618;0;0;0;0;0;0;0;0;0;19;41;41;0;0;"17:15:33";"02/10/2016"
"19/01/2026";"14:01:37";2016;2;"Eleição Ordinária";1;220;"Eleições Municipais 2016";"02/10/2016";"M";"SP";"67598";"NOVA EUROPA";"67598";"NOVA EUROPA";239;13;"Vereador";8064;26;0;0;26;6447;0;1617;"N";6447;6153;6153;5816;337;337;0;0;0;0;0;0;0;141;153;153;0;0;"18:15:58";"02/10/2016"
"19/01/2026";"14:01:37";2016;2;"Eleição Ordinária";1;220;"Eleições Municipais 2016";"02/10/2016";"M";"SP";"68292";"PAULICÉIA";"68292";"PAULICÉIA";175;13;"Vereador";6094;17;0;0;17;5185;0;909;"N";5185;5022;5022;4718;304;304;0;0;0;0;0;0;0;80;83;83;0;0;"18:04:26";"02/10/2016"
"19/01/2026";"14:01:37";2016;2;"Eleição Ordinária";1;220;"Eleições Municipais 2016";"02/10/2016";"M";"SP";"68837";"PIRAPORA DO BOM JESUS";"68837";"PIRAPORA DO BOM JESUS";386;13;"Vereador";11888;32;3;0;35;10363;0;1525;"N";10363;9683;9683;9112;571;571;0;0;0;0;0;0;0;161;519;519;0;0;"18:08:05";"16/12/2016"
"19/01/2026";"14:01:37";2016;2;"Eleição Ordinária";1;220;"Eleições Municipais 2016";"02/10/2016";"M";"SP";"71579";"TABOÃO DA SERRA";"71579";"TABOÃO DA SERRA";324;13;"Vereador";90054;236;0;0;236;71350;0;18704;"N";71350;59389;59389;54692;4697;4697;0;0;0;0;0;0;0;5033;6928;6928;0;0;"16:19:32";"25/10/2016"
"19/01/2026";"14:01:37";2016;2;"Eleição Ordinária";1;220;"Eleições Municipais 2016";"02/10/2016";"M";"SP";"67890";"OSASCO";"67890";"OSASCO";332;13;"Vereador";70680;185;1;0;186;55356;0;15324;"N";55356;44329;44329;39767;4562;4562;0;0;0;0;0;0;0;4179;6848;6848;0;0;"21:36:44";"02/10/2016"
"19/01/2026";"14:01:37";2016;2;"Eleição Ordinária";1;220;"Eleições Municipais 2016";"02/10/2016";"M";"SP";"65358";"ITABERÁ";"65358";"ITABERÁ";53;13;"Vereador";14198;43;10;0;53;11546;0;2652;"N";11546;10984;10984;10233;751;751;0;0;0;0;0;0;0;349;213;213;0;0;"18:17:16";"02/10/2016"
"19/01/2026";"14:01:37";2016;2;"Eleição Ordinária";1;220;"Eleições Municipais 2016";"02/10/2016";"M";"SP";"71498";"SUMARÉ";"71498";"SUMARÉ";362;13;"Vereador";109955;320;1;0;321;88460;0;21495;"N";88460;74556;74556;70069;4487;4487;0;0;0;0;0;0;0;5543;8361;8361;0;0;"13:23:41";"19/08/2019"
"19/01/2026";"14:01:37";2016;2;"Eleição Ordinária";1;220;"Eleições Municipais 2016";"02/10/2016";"M";"SP";"71072";"SÃO PAULO";"71072";"SÃO PAULO";397;13;"Vereador";149309;400;0;0;400;122173;0;27136;"N";122173;90473;90473;76022;14451;14451;0;0;0;0;0;0;0;13812;17888;17888;0;0;"14:11:09";"26/06/2018"
"19/01/2026";"14:01:37";2016;2;"Eleição Ordinária";1;220;"Eleições Municipais 2016";"02/10/2016";"M";"SP";"71170";"SÃO SEBASTIÃO DA GRAMA";"71170";"SÃO SEBASTIÃO DA GRAMA";366;13;"Vereador";9616;29;1;0;30;7434;0;2182;"N";7434;6381;6381;5818;563;563;0;0;0;0;0;0;0;298;755;755;0;0;"14:24:13";"21/10/2016"
"19/01/2026";"14:01:37";2016;2;"Eleição Ordinária";1;220;"Eleições Municipais 2016";"02/10/2016";"M";"SP";"66010";"JANDIRA";"66010";"JANDIRA";304;13;"Vereador";77502;216;0;0;216;63098;0;14404;"N";63098;52402;52402;48655;3747;3747;0;0;0;0;0;0;0;4518;6178;6178;0;0;"14:42:45";"02/12/2016"
"19/01/2026";"14:01:37";2016;2;"Eleição Ordinária";1;220;"Eleições Municipais 2016";"02/10/2016";"M";"SP";"64530";"GUAPIARA";"64530";"GUAPIARA";37;13;"Vereador";15894;48;1;0;49;11779;0;4115;"N";11779;11103;11103;10208;895;895;0;0;0;0;0;0;0;373;303;303;0;0;"20:29:17";"02/10/2016"
"19/01/2026";"14:01:37";2016;2;"Eleição Ordinária";1;220;"Eleições Municipais 2016";"02/10/2016";"M";"SP";"64092";"FARTURA";"64092";"FARTURA";234;13;"Vereador";13152;37;1;0;38;10396;0;2756;"N";10396;9841;9841;9054;787;787;0;0;0;0;0;0;0;272;283;283;0;0;"18:06:02";"02/10/2016"
"19/01/2026";"14:01:37";2016;2;"Eleição Ordinária";1;220;"Eleições Municipais 2016";"02/10/2016";"M";"SP";"66893";"MAUÁ";"66893";"MAUÁ";217;13;"Vereador";49680;143;1;0;144;40304;0;9376;"N";40304;34184;34184;32034;2150;2150;0;0;0;0;0;0;0;1865;4255;4255;0;0;"15:14:43";"14/12/2016"
"19/01/2026";"14:01:37";2016;2;"Eleição Ordinária";1;220;"Eleições Municipais 2016";"02/10/2016";"M";"SP";"62138";"BARUERI";"62138";"BARUERI";199;13;"Vereador";132427;347;6;0;353;109178;0;23249;"N";109178;97940;97940;93227;4713;4713;0;0;0;0;0;0;0;4574;6664;6664;0;0;"22:29:44";"02/10/2016"
"19/01/2026";"14:01:37";2016;2;"Eleição Ordinária";1;220;"Eleições Municipais 2016";"02/10/2016";"M";"SP";"69590";"RIBEIRÃO BONITO";"69590";"RIBEIRÃO BONITO";107;13;"Vereador";9091;25;0;0;25;7282;0;1809;"N";7282;6784;6784;6339;445;445;0;0;0;0;0;0;0;192;306;306;0;0;"11:02:46";"01/11/2016"
"19/01/2026";"14:01:37";2016;2;"Eleição Ordinária";1;220;"Eleições Municipais 2016";"02/10/2016";"M";"SP";"71374";"SETE BARRAS";"71374";"SETE BARRAS";172;13;"Vereador";10992;36;0;0;36;7989;0;3003;"N";7989;7620;7620;7027;593;593;0;0;0;0;0;0;0;154;215;215;0;0;"14:45:43";"28/10/2016"
"19/01/2026";"14:01:37";2016;2;"Eleição Ordinária";1;220;"Eleições Municipais 2016";"02/10/2016";"M";"SP";"61620";"TUIUTI";"61620";"TUIUTI";298;13;"Vereador";5530;15;0;0;15;4764;0;766;"N";4764;4520;4520;4183;337;337;0;0;0;0;0;0;0;112;132;132;0;0;"17:42:57";"02/10/2016"
"19/01/2026";"14:01:37";2016;2;"Eleição Ordinária";1;220;"Eleições Municipais 2016";"02/10/2016";"M";"SP";"62421";"RIBEIRÃO DOS ÍNDIOS";"62421";"RIBEIRÃO DOS ÍNDIOS";117;13;"Vereador";2097;7;0;0;7;1800;0;297;"N";1800;1560;1560;1462;98;98;0;0;0;0;0;0;0;37;203;203;0;0;"18:15:51";"02/10/2016"
"19/01/2026";"14:01:37";2016;2;"Eleição Ordinária";1;220;"Eleições Municipais 2016";"02/10/2016";"M";"SP";"62189";"SANTA CRUZ DA ESPERANÇA";"62189";"SANTA CRUZ DA ESPERANÇA";32;13;"Vereador";2140;7;0;0;7;1855;0;285;"N";1855;1746;1746;1633;113;113;0;0;0;0;0;0;0;18;91;91;0;0;"14:43:17";"24/10/2016"
"19/01/2026";"14:01:37";2016;2;"Eleição Ordinária";2;221;"Eleições Municipais 2016";"30/10/2016";"M";"SP";"70572";"SANTO ANDRÉ";"70572";"SANTO ANDRÉ";156;11;"Prefeito";22355;66;1;0;67;15748;0;6607;"N";15748;13754;13754;13754;0;0;0;0;0;0;0;0;0;424;1570;1570;0;0;"19:47:40";"30/10/2016"
"19/01/2026";"14:01:37";2016;2;"Eleição Ordinária";2;221;"Eleições Municipais 2016";"30/10/2016";"M";"SP";"64777";"GUARULHOS";"64777";"GUARULHOS";176;11;"Prefeito";155888;433;3;0;436;119054;0;36834;"N";119054;100483;100483;100483;0;0;0;0;0;0;0;0;0;4645;13926;13926;0;0;"20:25:46";"30/10/2016"
"19/01/2026";"14:01:37";2016;2;"Eleição Ordinária";2;221;"Eleições Municipais 2016";"30/10/2016";"M";"SP";"66893";"MAUÁ";"66893";"MAUÁ";217;11;"Prefeito";49680;143;1;0;144;38272;0;11408;"N";38272;28820;28820;28820;0;0;0;0;0;0;0;0;0;1906;7546;7546;0;0;"19:41:45";"30/10/2016"
"19/01/2026";"14:01:37";2016;1;"Eleição Extraordinária";1;410;"Suplementar Guaiçara 27/10/19";"27/10/2019";"M";"SP";"64459";"GUAIÇARA";"64459";"GUAIÇARA";297;11;"Prefeito";8348;29;0;0;29;5552;0;2796;"N";5552;4563;4563;4563;0;0;0;0;0;0;0;0;0;266;723;723;0;0;"13:25:00";"21/10/2021"
"19/01/2026";"14:01:37";2016;1;"Eleição Extraordinária";1;263;"Eleição Suplementar de  Itatinga";"02/07/2017";"M";"SP";"65714";"ITATINGA";"65714";"ITATINGA";26;11;"Prefeito";13939;41;4;0;45;10922;0;3017;"N";10922;10321;10321;10321;0;0;0;0;0;0;0;0;0;227;374;374;0;0;"17:42:51";"02/07/2017"
"19/01/2026";"14:01:37";2016;2;"Eleição Ordinária";1;220;"Eleições Municipais 2016";"02/10/2016";"M";"SP";"61778";"ARUJÁ";"61778";"ARUJÁ";335;11;"Prefeito";64603;178;2;0;180;52811;0;11792;"N";52811;36876;36876;36876;0;0;0;0;0;0;0;0;0;2712;13223;13223;0;0;"13:09:11";"15/02/2017"
"19/01/2026";"14:01:37";2016;2;"Eleição Ordinária";1;220;"Eleições Municipais 2016";"02/10/2016";"M";"SP";"71455";"SOROCABA";"71455";"SOROCABA";343;11;"Prefeito";73416;231;2;0;233;59307;0;14109;"N";59307;47763;47763;47763;0;0;0;0;0;0;0;0;0;3146;8398;8398;0;0;"20:23:50";"02/10/2016"
"19/01/2026";"14:01:37";2016;2;"Eleição Ordinária";1;220;"Eleições Municipais 2016";"02/10/2016";"M";"SP";"62936";"CAMPO LIMPO PAULISTA";"62936";"CAMPO LIMPO PAULISTA";344;11;"Prefeito";60202;193;2;0;195;48673;0;11529;"N";48673;39649;39649;39649;0;0;0;0;0;0;0;0;0;3102;5922;5922;0;0;"15:26:22";"05/12/2016"
"19/01/2026";"14:01:37";2016;2;"Eleição Ordinária";1;220;"Eleições Municipais 2016";"02/10/2016";"M";"SP";"64491";"GUAÍRA";"64491";"GUAÍRA";169;11;"Prefeito";29901;75;1;0;76;22905;0;6996;"N";22905;21429;21429;21429;0;0;0;0;0;0;0;0;0;590;886;886;0;0;"14:20:43";"27/10/2016"
"19/01/2026";"14:01:37";2016;2;"Eleição Ordinária";1;220;"Eleições Municipais 2016";"02/10/2016";"M";"SP";"66192";"JUNDIAÍ";"66192";"JUNDIAÍ";65;11;"Prefeito";74226;202;0;0;202;62288;0;11938;"N";62288;51788;51788;51788;0;0;0;0;0;0;0;0;0;3451;7049;7049;0;0;"20:09:45";"02/10/2016"
"19/01/2026";"14:01:37";2016;2;"Eleição Ordinária";1;220;"Eleições Municipais 2016";"02/10/2016";"M";"SP";"68950";"PLATINA";"68950";"PLATINA";83;11;"Prefeito";2958;8;0;0;8;2617;0;341;"N";2617;2543;2543;2543;0;0;0;0;0;0;0;0;0;17;57;57;0;0;"18:52:28";"02/10/2016"
"19/01/2026";"14:01:37";2016;2;"Eleição Ordinária";1;220;"Eleições Municipais 2016";"02/10/2016";"M";"SP";"62910";"CAMPINAS";"62910";"CAMPINAS";378;11;"Prefeito";170583;469;30;0;499;135342;0;35241;"N";135342;101809;101809;101809;0;0;0;0;0;0;0;0;0;9320;24213;24213;0;0;"13:34:25";"30/11/2016"
"19/01/2026";"14:01:37";2016;2;"Eleição Ordinária";1;220;"Eleições Municipais 2016";"02/10/2016";"M";"SP";"70750";"SÃO BERNARDO DO CAMPO";"70750";"SÃO BERNARDO DO CAMPO";409;11;"Prefeito";129209;362;1;0;363;104821;0;24388;"N";104821;80897;80897;80897;0;0;0;0;0;0;0;0;0;7316;16608;16608;0;0;"14:02:48";"14/12/2016"
"19/01/2026";"14:01:37";2016;2;"Eleição Ordinária";1;220;"Eleições Municipais 2016";"02/10/2016";"M";"SP";"70572";"SANTO ANDRÉ";"70572";"SANTO ANDRÉ";262;11;"Prefeito";83911;240;6;0;246;64570;0;19341;"N";64570;48918;48918;48918;0;0;0;0;0;0;0;0;0;3925;11727;11727;0;0;"13:10:52";"29/10/2016"
"19/01/2026";"14:01:37";2016;2;"Eleição Ordinária";1;220;"Eleições Municipais 2016";"02/10/2016";"M";"SP";"62910";"CAMPINAS";"62910";"CAMPINAS";33;11;"Prefeito";69285;203;4;0;207;48796;0;20489;"N";48796;41157;41157;41157;0;0;0;0;0;0;0;0;0;1854;5785;5785;0;0;"13:34:25";"30/11/2016"
"19/01/2026";"14:01:37";2016;2;"Eleição Ordinária";1;220;"Eleições Municipais 2016";"02/10/2016";"M";"SP";"61360";"BARRA DO CHAPÉU";"61360";"BARRA DO CHAPÉU";10;11;"Prefeito";4830;15;1;0;16;4037;0;793;"N";4037;2866;2866;2866;0;0;0;0;0;0;0;0;0;90;1081;1081;0;0;"15:02:45";"03/11/2016"
"19/01/2026";"14:01:37";2016;2;"Eleição Ordinária";1;220;"Eleições Municipais 2016";"02/10/2016";"M";"SP";"63134";"CARAPICUÍBA";"63134";"CARAPICUÍBA";303;11;"Prefeito";98547;281;0;0;281;75763;0;22784;"N";75763;59418;59418;59418;0;0;0;0;0;0;0;0;0;5258;11087;11087;0;0;"13:14:37";"31/10/2016"
"19/01/2026";"14:01:37";2016;2;"Eleição Ordinária";1;220;"Eleições Municipais 2016";"02/10/2016";"M";"SP";"63851";"DOLCINÓPOLIS";"63851";"DOLCINÓPOLIS";233;11;"Prefeito";2417;7;0;0;7;2178;0;239;"N";2178;1393;1393;1393;0;0;0;0;0;0;0;0;0;19;766;766;0;0;"18:05:33";"02/10/2016"
"19/01/2026";"14:01:37";2016;2;"Eleição Ordinária";1;220;"Eleições Municipais 2016";"02/10/2016";"M";"SP";"71854";"TEJUPÁ";"71854";"TEJUPÁ";94;11;"Prefeito";4185;13;0;0;13;3534;0;651;"N";3534;3331;3331;3331;0;0;0;0;0;0;0;0;0;43;160;160;0;0;"18:39:40";"02/10/2016"
"19/01/2026";"14:01:37";2016;2;"Eleição Ordinária";1;220;"Eleições Municipais 2016";"02/10/2016";"M";"SP";"69116";"PORANGABA";"69116";"PORANGABA";140;11;"Prefeito";6680;18;1;0;19;5373;0;1307;"N";5373;4984;4984;4984;0;0;0;0;0;0;0;0;0;134;255;255;0;0;"15:46:47";"09/02/2017"
"19/01/2026";"14:01:37";2016;2;"Eleição Ordinária";1;220;"Eleições Municipais 2016";"02/10/2016";"M";"SP";"66036";"JARDINÓPOLIS";"66036";"JARDINÓPOLIS";204;11;"Prefeito";27904;77;1;0;78;21265;0;6639;"N";21265;18301;18301;18301;0;0;0;0;0;0;0;0;0;1277;1687;1687;0;0;"18:18:29";"02/10/2016"
"19/01/2026";"14:01:37";2016;2;"Eleição Ordinária";1;220;"Eleições Municipais 2016";"02/10/2016";"M";"SP";"71072";"SÃO PAULO";"71072";"SÃO PAULO";405;11;"Prefeito";103182;282;0;0;282;83031;0;20151;"N";83031;65139;65139;65139;0;0;0;0;0;0;0;0;0;5412;12480;12480;0;0;"14:11:09";"26/06/2018"
"19/01/2026";"14:01:37";2016;2;"Eleição Ordinária";1;220;"Eleições Municipais 2016";"02/10/2016";"M";"SP";"66770";"MARACAÍ";"66770";"MARACAÍ";363;11;"Prefeito";10916;36;1;0;37;9323;0;1593;"N";9323;8988;8988;8988;0;0;0;0;0;0;0;0;0;90;245;245;0;0;"17:55:34";"02/10/2016"
"19/01/2026";"14:01:37";2016;2;"Eleição Ordinária";1;220;"Eleições Municipais 2016";"02/10/2016";"M";"SP";"62154";"BASTOS";"62154";"BASTOS";184;11;"Prefeito";17361;48;0;0;48;13887;0;3474;"N";13887;13094;13094;13094;0;0;0;0;0;0;0;0;0;412;381;381;0;0;"18:48:04";"02/10/2016"
"19/01/2026";"14:01:37";2016;2;"Eleição Ordinária";1;220;"Eleições Municipais 2016";"02/10/2016";"M";"SP";"71919";"TIETÊ";"71919";"TIETÊ";142;11;"Prefeito";29112;82;5;0;87;23219;0;5893;"N";23219;21007;21007;21007;0;0;0;0;0;0;0;0;0;742;1470;1470;0;0;"18:42:37";"02/10/2016"
"19/01/2026";"14:01:37";2016;2;"Eleição Ordinária";1;220;"Eleições Municipais 2016";"02/10/2016";"M";"SP";"61182";"EMBAÚBA";"61182";"EMBAÚBA";80;11;"Prefeito";2611;7;1;0;8;2345;0;266;"N";2345;1566;1566;1566;0;0;0;0;0;0;0;0;0;10;769;769;0;0;"18:52:04";"02/10/2016"
"19/01/2026";"14:01:37";2016;2;"Eleição Ordinária";1;220;"Eleições Municipais 2016";"02/10/2016";"M";"SP";"61484";"CAJATI";"61484";"CAJATI";228;11;"Prefeito";23469;68;2;0;70;17540;0;5929;"N";17540;16219;16219;16219;0;0;0;0;0;0;0;0;0;482;839;839;0;0;"19:01:52";"02/10/2016"
"19/01/2026";"14:01:37";2016;2;"Eleição Ordinária";1;220;"Eleições Municipais 2016";"02/10/2016";"M";"SP";"70939";"SÃO JOSÉ DO BARREIRO";"70939";"SÃO JOSÉ DO BARREIRO";18;11;"Prefeito";3721;12;0;0;12;3142;0;579;"N";3142;2987;2987;2987;0;0;0;0;0;0;0;0;0;36;119;119;0;0;"19:11:56";"02/10/2016"
"19/01/2026";"14:01:37";2016;2;"Eleição Ordinária";1;220;"Eleições Municipais 2016";"02/10/2016";"M";"SP";"69370";"QUEIROZ";"69370";"QUEIROZ";99;11;"Prefeito";3593;10;1;0;11;3174;0;419;"N";3174;3067;3067;3067;0;0;0;0;0;0;0;0;0;22;85;85;0;0;"18:24:51";"02/10/2016"
"19/01/2026";"14:01:37";2016;2;"Eleição Ordinária";1;220;"Eleições Municipais 2016";"02/10/2016";"M";"SP";"71072";"SÃO PAULO";"71072";"SÃO PAULO";320;13;"Vereador";183580;499;0;0;499;141813;0;41767;"N";141813;106875;106875;86423;20452;20452;0;0;0;0;0;0;0;15409;19529;19529;0;0;"14:11:09";"26/06/2018"
"19/01/2026";"14:01:37";2016;2;"Eleição Ordinária";1;220;"Eleições Municipais 2016";"02/10/2016";"M";"SP";"65897";"JACAREÍ";"65897";"JACAREÍ";62;13;"Vereador";80888;235;28;0;263;63880;0;17008;"N";63880;55603;55603;51328;4275;4275;0;0;0;0;0;0;0;3532;4745;4745;0;0;"20:23:47";"02/10/2016"
"19/01/2026";"14:01:37";2016;2;"Eleição Ordinária";1;220;"Eleições Municipais 2016";"02/10/2016";"M";"SP";"61760";"ELISIÁRIO";"61760";"ELISIÁRIO";40;13;"Vereador";2802;8;0;0;8;2510;0;292;"N";2510;2437;2437;2335;102;102;0;0;0;0;0;0;0;23;50;50;0;0;"18:18:33";"02/10/2016"
"19/01/2026";"14:01:37";2016;2;"Eleição Ordinária";1;220;"Eleições Municipais 2016";"02/10/2016";"M";"SP";"70890";"SÃO JOAQUIM DA BARRA";"70890";"SÃO JOAQUIM DA BARRA";123;13;"Vereador";36040;96;1;0;97;28533;0;7507;"N";28533;26467;26467;24635;1832;1832;0;0;0;0;0;0;0;1050;1016;1016;0;0;"17:51:24";"02/12/2016"
"19/01/2026";"14:01:37";2016;2;"Eleição Ordinária";1;220;"Eleições Municipais 2016";"02/10/2016";"M";"SP";"68993";"POLONI";"68993";"POLONI";77;13;"Vereador";4581;14;0;0;14;3822;0;759;"N";3822;3539;3539;3346;193;193;0;0;0;0;0;0;0;84;199;199;0;0;"12:33:40";"01/11/2016"
"19/01/2026";"14:01:37";2016;2;"Eleição Ordinária";1;220;"Eleições Municipais 2016";"02/10/2016";"M";"SP";"66192";"JUNDIAÍ";"66192";"JUNDIAÍ";65;13;"Vereador";74226;202;0;0;202;62288;0;11938;"N";62288;52040;52040;47822;4218;4218;0;0;0;0;0;0;0;4311;5937;5937;0;0;"20:09:45";"02/10/2016"
"19/01/2026";"14:01:37";2016;2;"Eleição Ordinária";1;220;"Eleições Municipais 2016";"02/10/2016";"M";"SP";"72354";"VERA CRUZ";"72354";"VERA CRUZ";180;13;"Vereador";8835;24;0;0;24;7031;0;1804;"N";7031;6468;6468;5987;481;481;0;0;0;0;0;0;0;242;321;321;0;0;"14:24:13";"21/10/2016"
"19/01/2026";"14:01:37";2016;2;"Eleição Ordinária";1;220;"Eleições Municipais 2016";"02/10/2016";"M";"SP";"62430";"BORÁ";"62430";"BORÁ";12;13;"Vereador";1214;3;1;0;4;1064;0;150;"N";1064;1033;1033;999;34;34;0;0;0;0;0;0;0;9;22;22;0;0;"17:39:40";"02/10/2016"
"19/01/2026";"14:01:37";2016;2;"Eleição Ordinária";1;220;"Eleições Municipais 2016";"02/10/2016";"M";"SP";"63053";"CAPÃO BONITO";"63053";"CAPÃO BONITO";37;13;"Vereador";37068;111;0;0;111;28615;0;8453;"N";28615;26611;26611;24763;1848;1848;0;0;0;0;0;0;0;1093;911;911;0;0;"19:25:59";"02/10/2016"
"19/01/2026";"14:01:37";2016;2;"Eleição Ordinária";1;220;"Eleições Municipais 2016";"02/10/2016";"M";"SP";"70572";"SANTO ANDRÉ";"70572";"SANTO ANDRÉ";264;13;"Vereador";39806;113;0;0;113;30121;0;9685;"N";30121;23364;23364;20296;3068;3068;0;0;0;0;0;0;0;1912;4845;4845;0;0;"15:33:26";"05/06/2017"
"19/01/2026";"14:01:37";2016;2;"Eleição Ordinária";1;220;"Eleições Municipais 2016";"02/10/2016";"M";"SP";"64319";"GABRIEL MONTEIRO";"64319";"GABRIEL MONTEIRO";210;13;"Vereador";2687;8;0;0;8;2423;0;264;"N";2423;2312;2312;2156;156;156;0;0;0;0;0;0;0;28;83;83;0;0;"18:27:39";"02/10/2016"
"19/01/2026";"14:01:37";2016;2;"Eleição Ordinária";1;220;"Eleições Municipais 2016";"02/10/2016";"M";"SP";"66036";"JARDINÓPOLIS";"66036";"JARDINÓPOLIS";204;13;"Vereador";27904;77;1;0;78;21265;0;6639;"N";21265;19309;19309;18318;991;991;0;0;0;0;0;0;0;963;993;993;0;0;"16:21:36";"04/11/2016"
"19/01/2026";"14:01:37";2016;2;"Eleição Ordinária";1;220;"Eleições Municipais 2016";"02/10/2016";"M";"SP";"62812";"CAIEIRAS";"62812";"CAIEIRAS";192;13;"Vereador";65514;168;1;0;169;53492;0;12022;"N";53492;45828;45828;42870;2958;2958;0;0;0;0;0;0;0;2911;4753;4753;0;0;"16:07:24";"07/12/2016"
"19/01/2026";"14:01:37";2016;2;"Eleição Ordinária";1;220;"Eleições Municipais 2016";"02/10/2016";"M";"SP";"71595";"TACIBA";"71595";"TACIBA";167;13;"Vereador";5144;17;0;0;17;4481;0;663;"N";4481;4398;4398;4230;168;168;0;0;0;0;0;0;0;29;54;54;0;0;"18:15:49";"02/10/2016"
"19/01/2026";"14:01:37";2016;2;"Eleição Ordinária";1;220;"Eleições Municipais 2016";"02/10/2016";"M";"SP";"71870";"TEODORO SAMPAIO";"71870";"TEODORO SAMPAIO";330;13;"Vereador";17132;51;0;0;51;13380;0;3752;"N";13380;12904;12904;12255;649;649;0;0;0;0;0;0;0;213;263;263;0;0;"19:01:42";"02/10/2016"
"19/01/2026";"14:01:37";2016;2;"Eleição Ordinária";1;220;"Eleições Municipais 2016";"02/10/2016";"M";"SP";"64777";"GUARULHOS";"64777";"GUARULHOS";278;13;"Vereador";87007;247;1;0;248;70035;0;16972;"N";70035;57735;57735;53263;4472;4472;0;0;0;0;0;0;0;3885;8415;8415;0;0;"18:30:53";"18/12/2020"
"19/01/2026";"14:01:37";2016;2;"Eleição Ordinária";1;220;"Eleições Municipais 2016";"02/10/2016";"M";"SP";"64130";"FERNANDO PRESTES";"64130";"FERNANDO PRESTES";139;13;"Vereador";5058;15;1;0;16;4508;0;550;"N";4508;4341;4341;4112;229;229;0;0;0;0;0;0;0;59;108;108;0;0;"19:23:49";"02/10/2016"
"19/01/2026";"14:01:37";2016;2;"Eleição Ordinária";1;220;"Eleições Municipais 2016";"02/10/2016";"M";"SP";"62790";"CAIABU";"62790";"CAIABU";167;13;"Vereador";3699;12;1;0;13;3222;0;477;"N";3222;3124;3124;2968;156;156;0;0;0;0;0;0;0;50;48;48;0;0;"18:32:53";"02/10/2016"
"19/01/2026";"14:01:37";2016;2;"Eleição Ordinária";1;220;"Eleições Municipais 2016";"02/10/2016";"M";"SP";"63150";"CARDOSO";"63150";"CARDOSO";224;13;"Vereador";10413;35;0;0;35;8167;0;2246;"N";8167;7662;7662;7197;465;465;0;0;0;0;0;0;0;159;346;346;0;0;"17:47:00";"02/10/2016"
"19/01/2026";"14:01:37";2016;2;"Eleição Ordinária";1;220;"Eleições Municipais 2016";"02/10/2016";"M";"SP";"71838";"TAUBATÉ";"71838";"TAUBATÉ";141;13;"Vereador";90084;255;5;0;260;68526;0;21558;"N";68526;56933;56933;52159;4774;4774;0;0;0;0;0;0;0;4535;7058;7058;0;0;"16:56:19";"14/12/2016"
"19/01/2026";"14:01:37";2016;2;"Eleição Ordinária";1;220;"Eleições Municipais 2016";"02/10/2016";"M";"SP";"65390";"ITAJOBI";"65390";"ITAJOBI";79;13;"Vereador";12557;36;2;0;38;10321;0;2236;"N";10321;9752;9752;9113;639;639;0;0;0;0;0;0;0;276;293;293;0;0;"18:27:31";"02/10/2016"
"19/01/2026";"14:01:37";2016;2;"Eleição Ordinária";1;220;"Eleições Municipais 2016";"02/10/2016";"M";"SP";"66931";"MERIDIANO";"66931";"MERIDIANO";302;13;"Vereador";3970;11;0;0;11;3462;0;508;"N";3462;3318;3318;3057;261;261;0;0;0;0;0;0;0;40;104;104;0;0;"17:38:26";"10/04/2019"
"19/01/2026";"14:01:37";2016;2;"Eleição Ordinária";1;220;"Eleições Municipais 2016";"02/10/2016";"M";"SP";"67652";"NOVA INDEPENDÊNCIA";"67652";"NOVA INDEPENDÊNCIA";9;13;"Vereador";3597;12;0;0;12;3166;0;431;"N";3166;3009;3009;2879;130;130;0;0;0;0;0;0;0;30;127;127;0;0;"15:42:42";"13/12/2016"
"19/01/2026";"14:01:37";2016;2;"Eleição Ordinária";2;221;"Eleições Municipais 2016";"30/10/2016";"M";"SP";"62197";"BAURU";"62197";"BAURU";387;11;"Prefeito";81559;224;12;0;236;63781;0;17778;"N";63781;56666;56666;56666;0;0;0;0;0;0;0;0;0;1956;5159;5159;0;0;"19:20:15";"30/10/2016"
"19/01/2026";"14:01:37";2016;2;"Eleição Ordinária";1;220;"Eleições Municipais 2016";"02/10/2016";"M";"SP";"68578";"PIEDADE";"68578";"PIEDADE";89;11;"Prefeito";41050;109;4;0;113;32005;0;9045;"N";32005;29043;29043;29043;0;0;0;0;0;0;0;0;0;1353;1609;1609;0;0;"18:39:42";"02/10/2016"
"19/01/2026";"14:01:37";2016;2;"Eleição Ordinária";1;220;"Eleições Municipais 2016";"02/10/2016";"M";"SP";"66192";"JUNDIAÍ";"66192";"JUNDIAÍ";281;11;"Prefeito";140649;402;1;0;403;117516;0;23133;"N";117516;97270;97270;97270;0;0;0;0;0;0;0;0;0;5547;14699;14699;0;0;"20:09:45";"02/10/2016"
"19/01/2026";"14:01:37";2016;2;"Eleição Ordinária";1;220;"Eleições Municipais 2016";"02/10/2016";"M";"SP";"61336";"AMÉRICO BRASILIENSE";"61336";"AMÉRICO BRASILIENSE";239;11;"Prefeito";27126;79;0;0;79;21902;0;5224;"N";21902;18236;18236;18236;0;0;0;0;0;0;0;0;0;1220;2446;2446;0;0;"18:52:17";"02/10/2016"
"19/01/2026";"14:01:37";2016;2;"Eleição Ordinária";1;220;"Eleições Municipais 2016";"02/10/2016";"M";"SP";"68098";"PANORAMA";"68098";"PANORAMA";175;11;"Prefeito";10734;33;0;0;33;8523;0;2211;"N";8523;7379;7379;7379;0;0;0;0;0;0;0;0;0;247;897;897;0;0;"19:03:53";"02/10/2016"
"19/01/2026";"14:01:37";2016;2;"Eleição Ordinária";1;220;"Eleições Municipais 2016";"02/10/2016";"M";"SP";"67415";"MORUNGABA";"67415";"MORUNGABA";58;11;"Prefeito";9962;27;0;0;27;8494;0;1468;"N";8494;7820;7820;7820;0;0;0;0;0;0;0;0;0;203;471;471;0;0;"19:04:00";"02/10/2016"
"19/01/2026";"14:01:37";2016;2;"Eleição Ordinária";1;220;"Eleições Municipais 2016";"02/10/2016";"M";"SP";"65838";"ITUVERAVA";"65838";"ITUVERAVA";60;11;"Prefeito";30166;94;0;0;94;22762;0;7404;"N";22762;20918;20918;20918;0;0;0;0;0;0;0;0;0;684;1160;1160;0;0;"18:07:25";"02/10/2016"
"19/01/2026";"14:01:37";2016;2;"Eleição Ordinária";1;220;"Eleições Municipais 2016";"02/10/2016";"M";"SP";"69256";"PRESIDENTE BERNARDES";"69256";"PRESIDENTE BERNARDES";165;11;"Prefeito";11626;33;1;0;34;8924;0;2702;"N";8924;8199;8199;8199;0;0;0;0;0;0;0;0;0;278;447;447;0;0;"18:06:44";"02/10/2016"
"19/01/2026";"14:01:37";2016;2;"Eleição Ordinária";1;220;"Eleições Municipais 2016";"02/10/2016";"M";"SP";"63916";"DUARTINA";"63916";"DUARTINA";159;11;"Prefeito";10276;27;0;0;27;8304;0;1972;"N";8304;7273;7273;7273;0;0;0;0;0;0;0;0;0;234;797;797;0;0;"17:38:11";"02/10/2016"
"19/01/2026";"14:01:37";2016;2;"Eleição Ordinária";1;220;"Eleições Municipais 2016";"02/10/2016";"M";"SP";"62111";"BARRINHA";"62111";"BARRINHA";135;11;"Prefeito";23165;61;1;0;62;19304;0;3861;"N";19304;18047;18047;18047;0;0;0;0;0;0;0;0;0;442;815;815;0;0;"19:55:30";"02/10/2016"
"19/01/2026";"14:01:37";2016;2;"Eleição Ordinária";1;220;"Eleições Municipais 2016";"02/10/2016";"M";"SP";"67997";"PACAEMBU";"67997";"PACAEMBU";154;11;"Prefeito";9175;26;0;0;26;7150;0;2025;"N";7150;6731;6731;6731;0;0;0;0;0;0;0;0;0;154;265;265;0;0;"17:47:33";"02/10/2016"
"19/01/2026";"14:01:37";2016;2;"Eleição Ordinária";1;220;"Eleições Municipais 2016";"02/10/2016";"M";"SP";"64670";"GUARAREMA";"64670";"GUARAREMA";319;11;"Prefeito";23867;67;4;0;71;19766;0;4101;"N";19766;17360;17360;17360;0;0;0;0;0;0;0;0;0;857;1549;1549;0;0;"20:42:18";"02/10/2016"
"19/01/2026";"14:01:37";2016;2;"Eleição Ordinária";1;220;"Eleições Municipais 2016";"02/10/2016";"M";"SP";"71072";"SÃO PAULO";"71072";"SÃO PAULO";420;11;"Prefeito";123422;359;1;0;360;95892;0;27530;"N";95892;79423;79423;79423;0;0;0;0;0;0;0;0;0;4886;11583;11583;0;0;"14:11:09";"26/06/2018"
"19/01/2026";"14:01:37";2016;2;"Eleição Ordinária";1;220;"Eleições Municipais 2016";"02/10/2016";"M";"SP";"63258";"CATIGUÁ";"63258";"CATIGUÁ";179;11;"Prefeito";6012;16;0;0;16;5200;0;812;"N";5200;4397;4397;4397;0;0;0;0;0;0;0;0;0;206;597;597;0;0;"17:10:50";"27/10/2016"
"19/01/2026";"14:01:37";2016;2;"Eleição Ordinária";1;220;"Eleições Municipais 2016";"02/10/2016";"M";"SP";"64890";"IBIRÁ";"64890";"IBIRÁ";179;11;"Prefeito";8757;24;3;0;27;7405;0;1352;"N";7405;7053;4313;4313;0;0;0;2740;0;0;0;0;0;89;263;263;0;0;"12:40:36";"14/12/2016"
"19/01/2026";"14:01:37";2016;2;"Eleição Ordinária";1;220;"Eleições Municipais 2016";"02/10/2016";"M";"SP";"66699";"MAIRINQUE";"66699";"MAIRINQUE";131;11;"Prefeito";37186;106;2;0;108;29968;0;7218;"N";29968;16589;16589;16589;0;0;0;0;0;0;0;0;0;1358;12021;12021;0;0;"17:28:50";"16/12/2016"
"19/01/2026";"14:01:37";2016;2;"Eleição Ordinária";1;220;"Eleições Municipais 2016";"02/10/2016";"M";"SP";"64718";"GUAREÍ";"64718";"GUAREÍ";140;11;"Prefeito";8908;25;3;0;28;7331;0;1577;"N";7331;6442;6442;6442;0;0;0;0;0;0;0;0;0;320;569;569;0;0;"20:23:45";"02/10/2016"
"19/01/2026";"14:01:37";2016;2;"Eleição Ordinária";1;220;"Eleições Municipais 2016";"02/10/2016";"M";"SP";"61190";"ALTINÓPOLIS";"61190";"ALTINÓPOLIS";202;11;"Prefeito";13376;38;1;0;39;10426;0;2950;"N";10426;9729;9729;9729;0;0;0;0;0;0;0;0;0;231;466;466;0;0;"18:15:48";"02/10/2016"
"19/01/2026";"14:01:37";2016;2;"Eleição Ordinária";1;220;"Eleições Municipais 2016";"02/10/2016";"M";"SP";"69434";"RAFARD";"69434";"RAFARD";38;11;"Prefeito";7556;22;0;0;22;6376;0;1180;"N";6376;5760;5760;5760;0;0;0;0;0;0;0;0;0;217;399;399;0;0;"18:18:01";"02/10/2016"
"19/01/2026";"14:01:37";2016;2;"Eleição Ordinária";1;220;"Eleições Municipais 2016";"02/10/2016";"M";"SP";"61905";"SÃO LOURENÇO DA SERRA";"61905";"SÃO LOURENÇO DA SERRA";201;11;"Prefeito";12080;34;1;0;35;10086;0;1994;"N";10086;9346;5589;5589;0;0;0;3757;0;0;0;0;0;242;498;498;0;0;"17:57:41";"26/05/2017"
"19/01/2026";"14:01:37";2016;2;"Eleição Ordinária";1;220;"Eleições Municipais 2016";"02/10/2016";"M";"SP";"71072";"SÃO PAULO";"71072";"SÃO PAULO";353;11;"Prefeito";167732;490;3;0;493;135168;0;32564;"N";135168;106246;106246;106246;0;0;0;0;0;0;0;0;0;10111;18811;18811;0;0;"14:11:09";"26/06/2018"
"19/01/2026";"14:01:37";2016;2;"Eleição Ordinária";1;220;"Eleições Municipais 2016";"02/10/2016";"M";"SP";"63991";"ELIAS FAUSTO";"63991";"ELIAS FAUSTO";358;11;"Prefeito";13516;37;1;0;38;11057;0;2459;"N";11057;10325;10325;10325;0;0;0;0;0;0;0;0;0;216;516;516;0;0;"19:01:41";"02/10/2016"
"19/01/2026";"14:01:37";2016;2;"Eleição Ordinária";1;220;"Eleições Municipais 2016";"02/10/2016";"M";"SP";"64998";"IEPÊ";"64998";"IEPÊ";106;11;"Prefeito";6300;17;0;0;17;5165;0;1135;"N";5165;4912;4912;4912;0;0;0;0;0;0;0;0;0;62;191;191;0;0;"18:40:47";"02/10/2016"
"19/01/2026";"14:01:37";2016;2;"Eleição Ordinária";1;220;"Eleições Municipais 2016";"02/10/2016";"M";"SP";"71072";"SÃO PAULO";"71072";"SÃO PAULO";1;11;"Prefeito";165469;509;0;0;509;115357;0;50112;"N";115357;102445;102445;102445;0;0;0;0;0;0;0;0;0;4099;8813;8813;0;0;"14:11:09";"26/06/2018"
"19/01/2026";"14:01:37";2016;2;"Eleição Ordinária";1;220;"Eleições Municipais 2016";"02/10/2016";"M";"SP";"71072";"SÃO PAULO";"71072";"SÃO PAULO";5;11;"Prefeito";125368;332;0;0;332;89903;0;35465;"N";89903;83723;83723;83723;0;0;0;0;0;0;0;0;0;1802;4378;4378;0;0;"14:11:09";"26/06/2018"
"19/01/2026";"14:01:37";2016;2;"Eleição Ordinária";1;220;"Eleições Municipais 2016";"02/10/2016";"M";"SP";"71870";"TEODORO SAMPAIO";"71870";"TEODORO SAMPAIO";330;11;"Prefeito";17132;51;0;0;51;13380;0;3752;"N";13380;12732;12732;12732;0;0;0;0;0;0;0;0;0;179;469;469;0;0;"19:01:42";"02/10/2016"
"19/01/2026";"14:01:37";2016;2;"Eleição Ordinária";1;220;"Eleições Municipais 2016";"02/10/2016";"M";"SP";"67717";"NOVO HORIZONTE";"67717";"NOVO HORIZONTE";79;11;"Prefeito";28979;83;5;0;88;22671;0;6308;"N";22671;21110;21110;21110;0;0;0;0;0;0;0;0;0;612;949;949;0;0;"18:18:25";"02/10/2016"
"19/01/2026";"14:01:37";2016;2;"Eleição Ordinária";1;220;"Eleições Municipais 2016";"02/10/2016";"M";"SP";"71498";"SUMARÉ";"71498";"SUMARÉ";230;11;"Prefeito";70426;189;0;0;189;55661;0;14765;"N";55661;46366;46366;46366;0;0;0;0;0;0;0;0;0;3453;5842;5842;0;0;"19:21:40";"02/10/2016"
"19/01/2026";"14:01:37";2016;2;"Eleição Ordinária";1;220;"Eleições Municipais 2016";"02/10/2016";"M";"SP";"65978";"JALES";"65978";"JALES";152;11;"Prefeito";37676;111;2;0;113;28579;0;9097;"N";28579;19287;19287;19287;0;0;0;0;0;0;0;0;0;3885;5407;5407;0;0;"18:29:36";"02/10/2016"
"19/01/2026";"14:01:37";2016;2;"Eleição Ordinária";1;220;"Eleições Municipais 2016";"02/10/2016";"M";"SP";"61832";"AURIFLAMA";"61832";"AURIFLAMA";225;11;"Prefeito";11532;32;0;0;32;9394;0;2138;"N";9394;8752;8752;8752;0;0;0;0;0;0;0;0;0;247;395;395;0;0;"18:05:27";"02/10/2016"
"19/01/2026";"14:01:37";2016;2;"Eleição Ordinária";1;220;"Eleições Municipais 2016";"02/10/2016";"M";"SP";"62294";"BIRIGUI";"62294";"BIRIGUI";25;11;"Prefeito";81974;234;5;0;239;65937;0;16037;"N";65937;57150;57150;57150;0;0;0;0;0;0;0;0;0;3002;5785;5785;0;0;"19:47:45";"02/10/2016"
"19/01/2026";"14:01:37";2016;2;"Eleição Ordinária";1;220;"Eleições Municipais 2016";"02/10/2016";"M";"SP";"66931";"MERIDIANO";"66931";"MERIDIANO";302;11;"Prefeito";3970;11;0;0;11;3462;0;508;"N";3462;3308;1650;1650;0;0;0;1658;0;0;0;0;0;46;108;108;0;0;"13:32:32";"07/05/2019"
"19/01/2026";"14:01:37";2016;2;"Eleição Ordinária";1;220;"Eleições Municipais 2016";"02/10/2016";"M";"SP";"67652";"NOVA INDEPENDÊNCIA";"67652";"NOVA INDEPENDÊNCIA";9;11;"Prefeito";3597;12;0;0;12;3166;0;431;"N";3166;3044;3044;3044;0;0;0;0;0;0;0;0;0;33;89;89;0;0;"15:42:42";"13/12/2016"
"19/01/2026";"14:01:37";2016;2;"Eleição Ordinária";1;220;"Eleições Municipais 2016";"02/10/2016";"M";"SP";"62120";"PRACINHA";"62120";"PRACINHA";69;11;"Prefeito";1546;5;0;0;5;1409;0;137;"N";1409;1366;1366;1366;0;0;0;0;0;0;0;0;0;6;37;37;0;0;"18:06:05";"02/10/2016"
"19/01/2026";"14:01:37";2016;2;"Eleição Ordinária";1;220;"Eleições Municipais 2016";"02/10/2016";"M";"SP";"61670";"AREALVA";"61670";"AREALVA";300;13;"Vereador";6519;21;0;0;21;5504;0;1015;"N";5504;5190;5190;4861;329;329;0;0;0;0;0;0;0;136;178;178;0;0;"18:29:04";"02/10/2016"
"19/01/2026";"14:01:37";2016;2;"Eleição Ordinária";1;220;"Eleições Municipais 2016";"02/10/2016";"M";"SP";"61883";"SÃO JOÃO DE IRACEMA";"61883";"SÃO JOÃO DE IRACEMA";168;13;"Vereador";1824;5;0;0;5;1657;0;167;"N";1657;1618;1618;1535;83;83;0;0;0;0;0;0;0;16;23;23;0;0;"17:15:33";"02/10/2016"
"19/01/2026";"14:01:37";2016;2;"Eleição Ordinária";1;220;"Eleições Municipais 2016";"02/10/2016";"M";"SP";"62170";"BATATAIS";"62170";"BATATAIS";22;13;"Vereador";43030;118;3;0;121;33478;0;9552;"N";33478;28078;28078;25951;2127;2127;0;0;0;0;0;0;0;2280;3120;3120;0;0;"15:14:42";"14/12/2016"
"19/01/2026";"14:01:37";2016;2;"Eleição Ordinária";1;220;"Eleições Municipais 2016";"02/10/2016";"M";"SP";"66311";"LAVÍNIA";"66311";"LAVÍNIA";153;13;"Vereador";4337;14;0;0;14;3666;0;671;"N";3666;3483;3483;3324;159;159;0;0;0;0;0;0;0;70;113;113;0;0;"18:29:20";"02/10/2016"
"19/01/2026";"14:01:37";2016;2;"Eleição Ordinária";1;220;"Eleições Municipais 2016";"02/10/2016";"M";"SP";"71072";"SÃO PAULO";"71072";"SÃO PAULO";257;13;"Vereador";179673;506;0;0;506;139385;0;40288;"N";139385;107531;107531;87617;19914;19914;0;0;0;0;0;0;0;11851;20003;20003;0;0;"14:11:09";"26/06/2018"
"19/01/2026";"14:01:37";2016;2;"Eleição Ordinária";1;220;"Eleições Municipais 2016";"02/10/2016";"M";"SP";"69477";"REDENÇÃO DA SERRA";"69477";"REDENÇÃO DA SERRA";314;13;"Vereador";4086;13;0;0;13;3387;0;699;"N";3387;3216;3216;3015;201;201;0;0;0;0;0;0;0;81;90;90;0;0;"19:11:41";"02/10/2016"
"19/01/2026";"14:01:37";2016;2;"Eleição Ordinária";1;220;"Eleições Municipais 2016";"02/10/2016";"M";"SP";"67890";"OSASCO";"67890";"OSASCO";331;13;"Vereador";120014;327;0;0;327;96009;0;24005;"N";96009;78669;78669;71614;7055;7055;0;0;0;0;0;0;0;7116;10224;10224;0;0;"21:36:44";"02/10/2016"
"19/01/2026";"14:01:37";2016;2;"Eleição Ordinária";1;220;"Eleições Municipais 2016";"02/10/2016";"M";"SP";"63975";"ELDORADO";"63975";"ELDORADO";148;13;"Vereador";11910;44;0;0;44;8910;0;3000;"N";8910;8388;8388;7819;569;569;0;0;0;0;0;0;0;160;362;362;0;0;"18:02:07";"12/12/2016"
"19/01/2026";"14:01:37";2016;2;"Eleição Ordinária";1;220;"Eleições Municipais 2016";"02/10/2016";"M";"SP";"64874";"IBATÉ";"64874";"IBATÉ";410;13;"Vereador";24314;75;0;0;75;19775;0;4539;"N";19775;17546;17546;16284;1262;1262;0;0;0;0;0;0;0;1152;1077;1077;0;0;"13:24:42";"27/10/2016"
"19/01/2026";"14:01:37";2016;2;"Eleição Ordinária";1;220;"Eleições Municipais 2016";"02/10/2016";"M";"SP";"62910";"CAMPINAS";"62910";"CAMPINAS";378;13;"Vereador";170583;469;30;0;499;135342;0;35241;"N";135342;111811;111811;102664;9147;9147;0;0;0;0;0;0;0;10991;12540;12540;0;0;"14:28:28";"30/11/2016"
"19/01/2026";"14:01:37";2016;2;"Eleição Ordinária";1;220;"Eleições Municipais 2016";"02/10/2016";"M";"SP";"66974";"MINEIROS DO TIETÊ";"66974";"MINEIROS DO TIETÊ";241;13;"Vereador";9315;24;0;0;24;7520;0;1795;"N";7520;6942;6942;6471;471;471;0;0;0;0;0;0;0;319;259;259;0;0;"14:37:39";"28/10/2016"
"19/01/2026";"14:01:37";2016;2;"Eleição Ordinária";1;220;"Eleições Municipais 2016";"02/10/2016";"M";"SP";"65170";"INÚBIA PAULISTA";"65170";"INÚBIA PAULISTA";69;13;"Vereador";3213;9;0;0;9;2818;0;395;"N";2818;2728;2728;2606;122;122;0;0;0;0;0;0;0;38;52;52;0;0;"17:47:56";"02/10/2016"
"19/01/2026";"14:01:37";2016;2;"Eleição Ordinária";1;220;"Eleições Municipais 2016";"02/10/2016";"M";"SP";"64076";"ESTRELA DO NORTE";"64076";"ESTRELA DO NORTE";261;13;"Vereador";2725;8;0;0;8;2482;0;243;"N";2482;2427;2427;2332;95;95;0;0;0;0;0;0;0;10;45;45;0;0;"18:43:55";"02/10/2016"
"19/01/2026";"14:01:37";2016;2;"Eleição Ordinária";1;220;"Eleições Municipais 2016";"02/10/2016";"M";"SP";"71072";"SÃO PAULO";"71072";"SÃO PAULO";20;13;"Vereador";146265;411;2;0;413;115744;0;30521;"N";115744;86484;86484;71884;14600;14600;0;0;0;0;0;0;0;14483;14777;14777;0;0;"14:11:09";"26/06/2018"
"19/01/2026";"14:01:37";2016;2;"Eleição Ordinária";1;220;"Eleições Municipais 2016";"02/10/2016";"M";"SP";"71757";"TAQUARITINGA";"71757";"TAQUARITINGA";139;13;"Vereador";40410;119;2;0;121;31015;0;9395;"N";31015;27325;27325;25299;2026;2026;0;0;0;0;0;0;0;1975;1715;1715;0;0;"19:47:44";"02/10/2016"
"19/01/2026";"14:01:37";2016;2;"Eleição Ordinária";1;220;"Eleições Municipais 2016";"02/10/2016";"M";"SP";"68713";"PIQUETE";"68713";"PIQUETE";337;13;"Vereador";11220;30;0;0;30;9099;0;2121;"N";9099;8653;8653;8130;523;523;0;0;0;0;0;0;0;218;228;228;0;0;"17:37:05";"02/10/2016"
"19/01/2026";"14:01:37";2016;2;"Eleição Ordinária";1;220;"Eleições Municipais 2016";"02/10/2016";"M";"SP";"70750";"SÃO BERNARDO DO CAMPO";"70750";"SÃO BERNARDO DO CAMPO";296;13;"Vereador";104363;283;1;0;284;84993;0;19370;"N";84993;69760;69760;63986;5774;5774;0;0;0;0;0;0;0;4924;10309;10309;0;0;"14:02:48";"14/12/2016"
"19/01/2026";"14:01:37";2016;2;"Eleição Ordinária";1;220;"Eleições Municipais 2016";"02/10/2016";"M";"SP";"68152";"PARAÍSO";"68152";"PARAÍSO";171;13;"Vereador";5045;14;0;0;14;4335;0;710;"N";4335;3976;3976;3751;225;225;0;0;0;0;0;0;0;125;234;234;0;0;"15:15:06";"27/10/2016"
"19/01/2026";"14:01:37";2016;2;"Eleição Ordinária";1;220;"Eleições Municipais 2016";"02/10/2016";"M";"SP";"62235";"BENTO DE ABREU";"62235";"BENTO DE ABREU";146;13;"Vereador";2234;7;0;0;7;1963;0;271;"N";1963;1905;1905;1813;92;92;0;0;0;0;0;0;0;23;35;35;0;0;"17:45:34";"02/10/2016"
"19/01/2026";"14:01:37";2016;2;"Eleição Ordinária";1;220;"Eleições Municipais 2016";"02/10/2016";"M";"SP";"70238";"SANTA CLARA D OESTE";"70238";"SANTA CLARA D OESTE";187;13;"Vereador";2288;7;0;0;7;2021;0;267;"N";2021;1889;1889;1794;95;95;0;0;0;0;0;0;0;29;103;103;0;0;"18:30:11";"02/10/2016"
"19/01/2026";"14:01:37";2016;2;"Eleição Ordinária";2;221;"Eleições Municipais 2016";"30/10/2016";"M";"SP";"63770";"DIADEMA";"63770";"DIADEMA";329;11;"Prefeito";161717;431;2;0;433;124365;0;37352;"N";124365;95975;95975;95975;0;0;0;0;0;0;0;0;0;7769;20621;20621;0;0;"20:06:00";"30/10/2016"
"19/01/2026";"14:01:37";2016;2;"Eleição Ordinária";2;221;"Eleições Municipais 2016";"30/10/2016";"M";"SP";"62197";"BAURU";"62197";"BAURU";23;11;"Prefeito";105106;293;17;0;310;76492;0;28614;"N";76492;68338;68338;68338;0;0;0;0;0;0;0;0;0;2154;6000;6000;0;0;"19:20:15";"30/10/2016"
"19/01/2026";"14:01:37";2016;2;"Eleição Ordinária";2;221;"Eleições Municipais 2016";"30/10/2016";"M";"SP";"71455";"SOROCABA";"71455";"SOROCABA";343;11;"Prefeito";73416;231;2;0;233;58074;0;15342;"N";58074;50398;50398;50398;0;0;0;0;0;0;0;0;0;1724;5952;5952;0;0;"19:47:40";"30/10/2016"
"19/01/2026";"14:01:37";2016;2;"Eleição Ordinária";2;221;"Eleições Municipais 2016";"30/10/2016";"M";"SP";"64750";"GUARUJÁ";"64750";"GUARUJÁ";212;11;"Prefeito";120473;336;9;0;345;91693;0;28780;"N";91693;83001;83001;83001;0;0;0;0;0;0;0;0;0;2621;6071;6071;0;0;"19:30:15";"30/10/2016"
"19/01/2026";"14:01:37";2016;1;"Eleição Extraordinária";1;408;"Suplementar General Salgado";"06/10/2019";"M";"SP";"64394";"GENERAL SALGADO";"64394";"GENERAL SALGADO";225;11;"Prefeito";8068;26;0;0;26;6007;0;2061;"N";6007;5537;5537;5537;0;0;0;0;0;0;0;0;0;201;269;269;0;0;"17:58:27";"06/10/2019"
"19/01/2026";"14:01:37";2016;2;"Eleição Ordinária";1;220;"Eleições Municipais 2016";"02/10/2016";"M";"SP";"71072";"SÃO PAULO";"71072";"SÃO PAULO";252;11;"Prefeito";116434;332;0;0;332;89762;0;26672;"N";89762;74482;74482;74482;0;0;0;0;0;0;0;0;0;4016;11264;11264;0;0;"14:11:09";"26/06/2018"
"19/01/2026";"14:01:37";2016;2;"Eleição Ordinária";1;220;"Eleições Municipais 2016";"02/10/2016";"M";"SP";"66338";"LAVRINHAS";"66338";"LAVRINHAS";42;11;"Prefeito";6171;21;0;0;21;5218;0;953;"N";5218;4801;4801;4801;0;0;0;0;0;0;0;0;0;103;314;314;0;0;"20:36:33";"02/10/2016"
"19/01/2026";"14:01:37";2016;2;"Eleição Ordinária";1;220;"Eleições Municipais 2016";"02/10/2016";"M";"SP";"70971";"SÃO JOSÉ DO RIO PRETO";"70971";"SÃO JOSÉ DO RIO PRETO";312;11;"Prefeito";67597;183;0;0;183;53196;0;14401;"N";53196;46271;46271;46271;0;0;0;0;0;0;0;0;0;2027;4898;4898;0;0;"20:23:49";"02/10/2016"
"19/01/2026";"14:01:37";2016;2;"Eleição Ordinária";1;220;"Eleições Municipais 2016";"02/10/2016";"M";"SP";"71072";"SÃO PAULO";"71072";"SÃO PAULO";325;11;"Prefeito";102298;293;1;0;294;78962;0;23336;"N";78962;65460;65460;65460;0;0;0;0;0;0;0;0;0;3823;9679;9679;0;0;"14:11:09";"26/06/2018"
"19/01/2026";"14:01:37";2016;2;"Eleição Ordinária";1;220;"Eleições Municipais 2016";"02/10/2016";"M";"SP";"65234";"IPEÚNA";"65234";"IPEÚNA";245;11;"Prefeito";5136;18;0;0;18;4435;0;701;"N";4435;4132;4132;4132;0;0;0;0;0;0;0;0;0;112;191;191;0;0;"19:21:41";"02/10/2016"
"19/01/2026";"14:01:37";2016;2;"Eleição Ordinária";1;220;"Eleições Municipais 2016";"02/10/2016";"M";"SP";"72150";"UNIÃO PAULISTA";"72150";"UNIÃO PAULISTA";77;11;"Prefeito";1882;6;0;0;6;1629;0;253;"N";1629;901;901;901;0;0;0;0;0;0;0;0;0;14;714;714;0;0;"12:49:15";"13/12/2016"
"19/01/2026";"14:01:37";2016;2;"Eleição Ordinária";1;220;"Eleições Municipais 2016";"02/10/2016";"M";"SP";"69698";"RIBEIRÃO PRETO";"69698";"RIBEIRÃO PRETO";322;11;"Prefeito";100649;270;1;0;271;77064;0;23585;"N";77064;57505;57505;57505;0;0;0;0;0;0;0;0;0;5060;14499;14499;0;0;"20:23:57";"02/10/2016"
"19/01/2026";"14:01:37";2016;2;"Eleição Ordinária";1;220;"Eleições Municipais 2016";"02/10/2016";"M";"SP";"70777";"SÃO CAETANO DO SUL";"70777";"SÃO CAETANO DO SUL";269;11;"Prefeito";69680;180;0;0;180;58916;0;10764;"N";58916;50577;50577;50577;0;0;0;0;0;0;0;0;0;2057;6282;6282;0;0;"19:55:43";"02/10/2016"
"19/01/2026";"14:01:37";2016;2;"Eleição Ordinária";1;220;"Eleições Municipais 2016";"02/10/2016";"M";"SP";"61611";"ARANDU";"61611";"ARANDU";301;11;"Prefeito";5795;16;0;0;16;4962;0;833;"N";4962;2541;2541;2541;0;0;0;0;0;0;0;0;0;106;2315;2315;0;0;"18:39:39";"02/10/2016"
"19/01/2026";"14:01:37";2016;2;"Eleição Ordinária";1;220;"Eleições Municipais 2016";"02/10/2016";"M";"SP";"68179";"PARANAPANEMA";"68179";"PARANAPANEMA";301;11;"Prefeito";13871;39;0;0;39;11284;0;2587;"N";11284;10499;10499;10499;0;0;0;0;0;0;0;0;0;248;537;537;0;0;"18:19:27";"02/10/2016"
"19/01/2026";"14:01:37";2016;2;"Eleição Ordinária";1;220;"Eleições Municipais 2016";"02/10/2016";"M";"SP";"62359";"BOCAINA";"62359";"BOCAINA";241;11;"Prefeito";8947;23;0;0;23;7171;0;1776;"N";7171;5465;5465;5465;0;0;0;0;0;0;0;0;0;615;1091;1091;0;0;"18:32:12";"02/10/2016"
"19/01/2026";"14:01:37";2016;2;"Eleição Ordinária";1;220;"Eleições Municipais 2016";"02/10/2016";"M";"SP";"64874";"IBATÉ";"64874";"IBATÉ";410;11;"Prefeito";24314;75;0;0;75;19775;0;4539;"N";19775;17177;17177;17177;0;0;0;0;0;0;0;0;0;821;1777;1777;0;0;"19:33:05";"02/10/2016"
"19/01/2026";"14:01:37";2016;2;"Eleição Ordinária";1;220;"Eleições Municipais 2016";"02/10/2016";"M";"SP";"71579";"TABOÃO DA SERRA";"71579";"TABOÃO DA SERRA";416;11;"Prefeito";114184;297;0;0;297;92767;0;21417;"N";92767;71207;71207;71207;0;0;0;0;0;0;0;0;0;6817;14743;14743;0;0;"16:19:32";"25/10/2016"
"19/01/2026";"14:01:37";2016;2;"Eleição Ordinária";1;220;"Eleições Municipais 2016";"02/10/2016";"M";"SP";"71072";"SÃO PAULO";"71072";"SÃO PAULO";421;11;"Prefeito";137692;379;2;0;381;110840;0;26852;"N";110840;88583;88583;88583;0;0;0;0;0;0;0;0;0;6954;15303;15303;0;0;"14:11:09";"26/06/2018"
"19/01/2026";"14:01:37";2016;2;"Eleição Ordinária";1;220;"Eleições Municipais 2016";"02/10/2016";"M";"SP";"71072";"SÃO PAULO";"71072";"SÃO PAULO";418;11;"Prefeito";176283;467;0;0;467;138619;0;37664;"N";138619;112767;112767;112767;0;0;0;0;0;0;0;0;0;9080;16772;16772;0;0;"14:11:09";"26/06/2018"
"19/01/2026";"14:01:37";2016;2;"Eleição Ordinária";1;220;"Eleições Municipais 2016";"02/10/2016";"M";"SP";"61310";"AMERICANA";"61310";"AMERICANA";384;11;"Prefeito";91225;254;0;0;254;74769;0;16456;"N";74769;62631;62631;62631;0;0;0;0;0;0;0;0;0;4522;7616;7616;0;0;"19:01:44";"02/10/2016"
"19/01/2026";"14:01:37";2016;2;"Eleição Ordinária";1;220;"Eleições Municipais 2016";"02/10/2016";"M";"SP";"62952";"CAMPOS DO JORDÃO";"62952";"CAMPOS DO JORDÃO";35;11;"Prefeito";39236;109;0;0;109;29486;0;9750;"N";29486;26278;26278;26278;0;0;0;0;0;0;0;0;0;1338;1870;1870;0;0;"18:53:42";"02/10/2016"
"19/01/2026";"14:01:37";2016;2;"Eleição Ordinária";1;220;"Eleições Municipais 2016";"02/10/2016";"M";"SP";"65170";"INÚBIA PAULISTA";"65170";"INÚBIA PAULISTA";69;11;"Prefeito";3213;9;0;0;9;2818;0;395;"N";2818;2703;2703;2703;0;0;0;0;0;0;0;0;0;34;81;81;0;0;"17:47:56";"02/10/2016"
"19/01/2026";"14:01:37";2016;2;"Eleição Ordinária";1;220;"Eleições Municipais 2016";"02/10/2016";"M";"SP";"65919";"JACI";"65919";"JACI";72;11;"Prefeito";5407;14;0;0;14;4658;0;749;"N";4658;4463;4463;4463;0;0;0;0;0;0;0;0;0;64;131;131;0;0;"18:27:31";"02/10/2016"
"19/01/2026";"14:01:37";2016;2;"Eleição Ordinária";1;220;"Eleições Municipais 2016";"02/10/2016";"M";"SP";"64475";"GUAIMBÊ";"64475";"GUAIMBÊ";160;11;"Prefeito";4780;13;0;0;13;4034;0;746;"N";4034;3865;3865;3865;0;0;0;0;0;0;0;0;0;64;105;105;0;0;"18:18:34";"02/10/2016"
"19/01/2026";"14:01:37";2016;2;"Eleição Ordinária";1;220;"Eleições Municipais 2016";"02/10/2016";"M";"SP";"67377";"MONTE MOR";"67377";"MONTE MOR";358;11;"Prefeito";39807;121;8;0;129;31636;0;8171;"N";31636;20598;20598;20598;0;0;0;0;0;0;0;0;0;1501;9537;9537;0;0;"18:43:28";"02/10/2016"
"19/01/2026";"14:01:37";2016;2;"Eleição Ordinária";1;220;"Eleições Municipais 2016";"02/10/2016";"M";"SP";"69833";"RIO GRANDE DA SERRA";"69833";"RIO GRANDE DA SERRA";382;11;"Prefeito";34880;107;2;0;109;28876;0;6004;"N";28876;24369;24369;24369;0;0;0;0;0;0;0;0;0;1743;2764;2764;0;0;"19:55:36";"02/10/2016"
"19/01/2026";"14:01:37";2016;2;"Eleição Ordinária";1;220;"Eleições Municipais 2016";"02/10/2016";"M";"SP";"62510";"BRAGANÇA PAULISTA";"62510";"BRAGANÇA PAULISTA";27;11;"Prefeito";121938;317;0;0;317;97104;0;24834;"N";97104;85431;85431;85431;0;0;0;0;0;0;0;0;0;3186;8487;8487;0;0;"12:27:30";"22/12/2016"
"19/01/2026";"14:01:37";2016;2;"Eleição Ordinária";1;220;"Eleições Municipais 2016";"02/10/2016";"M";"SP";"70971";"SÃO JOSÉ DO RIO PRETO";"70971";"SÃO JOSÉ DO RIO PRETO";125;11;"Prefeito";28347;81;0;0;81;20367;0;7980;"N";20367;18162;18162;18162;0;0;0;0;0;0;0;0;0;611;1594;1594;0;0;"20:23:49";"02/10/2016"
"19/01/2026";"14:01:37";2016;2;"Eleição Ordinária";1;220;"Eleições Municipais 2016";"02/10/2016";"M";"SP";"63436";"COLÔMBIA";"63436";"COLÔMBIA";21;11;"Prefeito";6030;17;0;0;17;5132;0;898;"N";5132;4897;4897;4897;0;0;0;0;0;0;0;0;0;59;176;176;0;0;"19:11:44";"02/10/2016"
"19/01/2026";"14:01:37";2016;2;"Eleição Ordinária";1;220;"Eleições Municipais 2016";"02/10/2016";"M";"SP";"67938";"OSVALDO CRUZ";"67938";"OSVALDO CRUZ";163;11;"Prefeito";24630;68;1;0;69;19015;0;5615;"N";19015;16825;16825;16825;0;0;0;0;0;0;0;0;0;773;1417;1417;0;0;"18:04:01";"02/10/2016"
"19/01/2026";"14:01:37";2016;2;"Eleição Ordinária";1;220;"Eleições Municipais 2016";"02/10/2016";"M";"SP";"63932";"DUMONT";"63932";"DUMONT";109;11;"Prefeito";6925;18;0;0;18;5795;0;1130;"N";5795;5363;5363;5363;0;0;0;0;0;0;0;0;0;125;307;307;0;0;"18:50:45";"02/10/2016"
"19/01/2026";"14:01:37";2016;2;"Eleição Ordinária";1;220;"Eleições Municipais 2016";"02/10/2016";"M";"SP";"63657";"CRISTAIS PAULISTA";"63657";"CRISTAIS PAULISTA";240;11;"Prefeito";7361;20;1;0;21;6091;0;1270;"N";6091;5713;5713;5713;0;0;0;0;0;0;0;0;0;114;264;264;0;0;"17:38:23";"02/10/2016"
"19/01/2026";"14:01:37";2016;2;"Eleição Ordinária";1;220;"Eleições Municipais 2016";"02/10/2016";"M";"SP";"70998";"SÃO JOSÉ DOS CAMPOS";"70998";"SÃO JOSÉ DOS CAMPOS";127;13;"Vereador";118905;323;21;0;344;93090;0;25815;"N";93090;82678;82678;75661;7017;7017;0;0;0;0;0;0;0;4671;5741;5741;0;0;"16:18:47";"25/11/2016"
"19/01/2026";"14:01:37";2016;2;"Eleição Ordinária";1;220;"Eleições Municipais 2016";"02/10/2016";"M";"SP";"64254";"FRANCA";"64254";"FRANCA";291;13;"Vereador";116479;335;6;0;341;92432;0;24047;"N";92432;80070;80070;73890;6180;6180;0;0;0;0;0;0;0;6878;5484;5484;0;0;"16:22:34";"08/11/2016"
"19/01/2026";"14:01:37";2016;2;"Eleição Ordinária";1;220;"Eleições Municipais 2016";"02/10/2016";"M";"SP";"71234";"SARAPUÍ";"71234";"SARAPUÍ";52;13;"Vereador";7328;21;0;0;21;5973;0;1355;"N";5973;5604;5604;5239;365;365;0;0;0;0;0;0;0;155;214;214;0;0;"20:33:04";"02/10/2016"
"19/01/2026";"14:01:37";2016;2;"Eleição Ordinária";1;220;"Eleições Municipais 2016";"02/10/2016";"M";"SP";"70874";"SÃO JOÃO DO PAU D ALHO";"70874";"SÃO JOÃO DO PAU D ALHO";175;13;"Vereador";2029;8;0;0;8;1822;0;207;"N";1822;1744;1744;1650;94;94;0;0;0;0;0;0;0;20;58;58;0;0;"13:03:32";"20/10/2016"
"19/01/2026";"14:01:37";2016;2;"Eleição Ordinária";1;220;"Eleições Municipais 2016";"02/10/2016";"M";"SP";"71412";"SILVEIRAS";"71412";"SILVEIRAS";145;13;"Vereador";5332;16;1;0;17;4505;0;827;"N";4505;4357;4357;4083;274;274;0;0;0;0;0;0;0;55;93;93;0;0;"19:14:20";"02/10/2016"
"19/01/2026";"14:01:37";2016;2;"Eleição Ordinária";1;220;"Eleições Municipais 2016";"02/10/2016";"M";"SP";"64653";"GUARARAPES";"64653";"GUARARAPES";151;13;"Vereador";25126;76;0;0;76;19737;0;5389;"N";19737;18151;18151;17085;1066;1066;0;0;0;0;0;0;0;443;1143;1143;0;0;"14:24:48";"01/11/2016"
"19/01/2026";"14:01:37";2016;2;"Eleição Ordinária";1;220;"Eleições Municipais 2016";"02/10/2016";"M";"SP";"70572";"SANTO ANDRÉ";"70572";"SANTO ANDRÉ";263;13;"Vereador";64011;175;0;0;175;50458;0;13553;"N";50458;38203;38203;32054;6149;6149;0;0;0;0;0;0;0;3228;9027;9027;0;0;"15:33:26";"05/06/2017"
"19/01/2026";"14:01:37";2016;2;"Eleição Ordinária";1;220;"Eleições Municipais 2016";"02/10/2016";"M";"SP";"66710";"MAIRIPORÃ";"66710";"MAIRIPORÃ";237;13;"Vereador";59945;173;7;0;180;47858;0;12087;"N";47858;41284;41284;37382;3902;3902;0;0;0;0;0;0;0;2263;4311;4311;0;0;"13:46:14";"17/11/2017"
"19/01/2026";"14:01:37";2016;2;"Eleição Ordinária";1;220;"Eleições Municipais 2016";"02/10/2016";"M";"SP";"65374";"ITAÍ";"65374";"ITAÍ";301;13;"Vereador";17087;45;0;0;45;13969;0;3118;"N";13969;12988;12988;12004;984;984;0;0;0;0;0;0;0;471;510;510;0;0;"16:18:51";"02/12/2016"
"19/01/2026";"14:01:37";2016;2;"Eleição Ordinária";1;220;"Eleições Municipais 2016";"02/10/2016";"M";"SP";"71579";"TABOÃO DA SERRA";"71579";"TABOÃO DA SERRA";416;13;"Vereador";114184;297;0;0;297;92767;0;21417;"N";92767;80367;80367;74904;5463;5463;0;0;0;0;0;0;0;5899;6501;6501;0;0;"16:19:32";"25/10/2016"
"19/01/2026";"14:01:37";2016;2;"Eleição Ordinária";1;220;"Eleições Municipais 2016";"02/10/2016";"M";"SP";"62057";"BARRA BONITA";"62057";"BARRA BONITA";200;13;"Vereador";30510;85;3;0;88;24354;0;6156;"N";24354;22322;22322;21120;1202;1202;0;0;0;0;0;0;0;916;1116;1116;0;0;"18:20:16";"02/10/2016"
"19/01/2026";"14:01:37";2016;2;"Eleição Ordinária";1;220;"Eleições Municipais 2016";"02/10/2016";"M";"SP";"71072";"SÃO PAULO";"71072";"SÃO PAULO";422;13;"Vereador";135795;373;1;0;374;107494;0;28301;"N";107494;81233;81233;67228;14005;14005;0;0;0;0;0;0;0;10619;15642;15642;0;0;"14:11:09";"26/06/2018"
"19/01/2026";"14:01:37";2016;2;"Eleição Ordinária";1;220;"Eleições Municipais 2016";"02/10/2016";"M";"SP";"64238";"FLORÍNEA";"64238";"FLORÍNEA";15;13;"Vereador";2894;8;0;0;8;2542;0;352;"N";2542;2485;2485;1989;496;496;0;0;0;0;0;0;0;23;34;34;0;0;"13:36:49";"04/07/2018"
"19/01/2026";"14:01:37";2016;2;"Eleição Ordinária";1;220;"Eleições Municipais 2016";"02/10/2016";"M";"SP";"70491";"SANTA RITA D OESTE";"70491";"SANTA RITA D OESTE";187;13;"Vereador";2497;7;0;0;7;2217;0;280;"N";2217;2138;2138;2000;138;138;0;0;0;0;0;0;0;42;37;37;0;0;"18:15:54";"02/10/2016"
"19/01/2026";"14:01:37";2016;2;"Eleição Ordinária";1;220;"Eleições Municipais 2016";"02/10/2016";"M";"SP";"61255";"ÁLVARES MACHADO";"61255";"ÁLVARES MACHADO";182;13;"Vereador";18137;51;0;0;51;14302;0;3835;"N";14302;12171;12171;11191;980;980;0;0;0;0;0;0;0;904;1227;1227;0;0;"11:01:40";"31/10/2016"
"19/01/2026";"14:01:37";2016;2;"Eleição Ordinária";1;220;"Eleições Municipais 2016";"02/10/2016";"M";"SP";"71072";"SÃO PAULO";"71072";"SÃO PAULO";1;13;"Vereador";165469;509;0;0;509;115357;0;50112;"N";115357;95278;95278;78445;16833;16833;0;0;0;0;0;0;0;9074;11005;11005;0;0;"14:11:09";"26/06/2018"
"19/01/2026";"14:01:37";2016;2;"Eleição Ordinária";1;220;"Eleições Municipais 2016";"02/10/2016";"M";"SP";"62596";"BROTAS";"62596";"BROTAS";28;13;"Vereador";18234;50;4;0;54;13998;0;4236;"N";13998;12934;12934;12152;782;782;0;0;0;0;0;0;0;549;515;515;0;0;"11:49:51";"08/11/2016"
"19/01/2026";"14:01:37";2016;2;"Eleição Ordinária";1;220;"Eleições Municipais 2016";"02/10/2016";"M";"SP";"70610";"SANTO ANTÔNIO DE POSSE";"70610";"SANTO ANTÔNIO DE POSSE";333;13;"Vereador";16977;46;2;0;48;14092;0;2885;"N";14092;13440;13440;12696;744;744;0;0;0;0;0;0;0;376;276;276;0;0;"14:29:34";"21/07/2017"
"19/01/2026";"14:01:37";2016;2;"Eleição Ordinária";1;220;"Eleições Municipais 2016";"02/10/2016";"M";"SP";"61972";"BANANAL";"61972";"BANANAL";18;13;"Vereador";8691;23;0;0;23;7194;0;1497;"N";7194;6851;6851;6387;464;464;0;0;0;0;0;0;0;148;195;195;0;0;"18:42:55";"02/10/2016"
"19/01/2026";"14:01:37";2016;2;"Eleição Ordinária";1;220;"Eleições Municipais 2016";"02/10/2016";"M";"SP";"72095";"UBATUBA";"72095";"UBATUBA";144;13;"Vereador";65984;205;3;0;208;50404;0;15580;"N";50404;46573;46573;43709;2864;2864;0;0;0;0;0;0;0;1919;1912;1912;0;0;"19:11:51";"02/10/2016"
"19/01/2026";"14:01:37";2016;2;"Eleição Ordinária";1;220;"Eleições Municipais 2016";"02/10/2016";"M";"SP";"70971";"SÃO JOSÉ DO RIO PRETO";"70971";"SÃO JOSÉ DO RIO PRETO";268;13;"Vereador";83994;237;8;0;245;66151;0;17843;"N";66151;57043;57043;52744;4299;4299;0;0;0;0;0;0;0;3965;5143;5143;0;0;"15:15:57";"24/11/2016"
"19/01/2026";"14:01:37";2016;2;"Eleição Ordinária";1;220;"Eleições Municipais 2016";"02/10/2016";"M";"SP";"68195";"PARANAPUÃ";"68195";"PARANAPUÃ";152;13;"Vereador";3095;10;0;0;10;2804;0;291;"N";2804;2665;2665;2553;112;112;0;0;0;0;0;0;0;43;96;96;0;0;"17:51:59";"28/10/2016"
"19/01/2026";"14:01:37";2016;2;"Eleição Ordinária";1;220;"Eleições Municipais 2016";"02/10/2016";"M";"SP";"70572";"SANTO ANDRÉ";"70572";"SANTO ANDRÉ";321;13;"Vereador";53322;151;1;0;152;41255;0;12067;"N";41255;32077;32077;28406;3671;3671;0;0;0;0;0;0;0;2713;6465;6465;0;0;"15:33:26";"05/06/2017"
"19/01/2026";"14:01:37";2016;2;"Eleição Ordinária";1;220;"Eleições Municipais 2016";"02/10/2016";"M";"SP";"62294";"BIRIGUI";"62294";"BIRIGUI";25;13;"Vereador";81974;234;5;0;239;65937;0;16037;"N";65937;56385;56385;51969;4416;4416;0;0;0;0;0;0;0;4359;5193;5193;0;0;"12:18:40";"13/12/2016"
"19/01/2026";"14:01:37";2016;2;"Eleição Ordinária";1;220;"Eleições Municipais 2016";"02/10/2016";"M";"SP";"70696";"SANTÓPOLIS DO AGUAPEÍ";"70696";"SANTÓPOLIS DO AGUAPEÍ";25;13;"Vereador";3389;10;0;0;10;2835;0;554;"N";2835;2709;2709;2625;84;84;0;0;0;0;0;0;0;31;95;95;0;0;"12:18:40";"13/12/2016"
"19/01/2026";"14:01:37";2016;2;"Eleição Ordinária";1;220;"Eleições Municipais 2016";"02/10/2016";"M";"SP";"66672";"MAGDA";"66672";"MAGDA";162;13;"Vereador";3079;8;0;0;8;2738;0;341;"N";2738;2667;2667;2530;137;137;0;0;0;0;0;0;0;35;36;36;0;0;"18:28:24";"02/10/2016"
"19/01/2026";"14:01:37";2016;2;"Eleição Ordinária";1;220;"Eleições Municipais 2016";"02/10/2016";"M";"SP";"70432";"SANTA MERCEDES";"70432";"SANTA MERCEDES";175;13;"Vereador";2741;10;0;0;10;2275;0;466;"N";2275;2188;2188;2062;126;126;0;0;0;0;0;0;0;32;55;55;0;0;"18:07:01";"02/10/2016"
"19/01/2026";"14:01:37";2016;2;"Eleição Ordinária";2;221;"Eleições Municipais 2016";"30/10/2016";"M";"SP";"64777";"GUARULHOS";"64777";"GUARULHOS";278;11;"Prefeito";87007;247;1;0;248;66043;0;20964;"N";66043;54167;54167;54167;0;0;0;0;0;0;0;0;0;3119;8757;8757;0;0;"20:25:46";"30/10/2016"
"19/01/2026";"14:01:37";2016;2;"Eleição Ordinária";2;221;"Eleições Municipais 2016";"30/10/2016";"M";"SP";"69698";"RIBEIRÃO PRETO";"69698";"RIBEIRÃO PRETO";265;11;"Prefeito";36934;107;2;0;109;26794;0;10140;"N";26794;21569;21569;21569;0;0;0;0;0;0;0;0;0;877;4348;4348;0;0;"19:35:40";"30/10/2016"
"19/01/2026";"14:01:37";2016;2;"Eleição Ordinária";2;221;"Eleições Municipais 2016";"30/10/2016";"M";"SP";"70572";"SANTO ANDRÉ";"70572";"SANTO ANDRÉ";264;11;"Prefeito";39806;113;0;0;113;28871;0;10935;"N";28871;23872;23872;23872;0;0;0;0;0;0;0;0;0;1149;3850;3850;0;0;"19:47:40";"30/10/2016"
"19/01/2026";"14:01:37";2016;1;"Eleição Extraordinária";1;345;"Suplementar de Araras ";"28/10/2018";"M";"SP";"61654";"ARARAS";"61654";"ARARAS";14;11;"Prefeito";97341;271;4;0;275;77597;0;19744;"N";77597;65045;65045;65045;0;0;0;0;0;0;0;0;0;4125;8427;8427;0;0;"18:05:38";"18/12/2020"
"19/01/2026";"14:01:37";2016;1;"Eleição Extraordinária";1;402;"Suplementar Mirandopolis 9/19";"01/09/2019";"M";"SP";"67032";"MIRANDÓPOLIS";"67032";"MIRANDÓPOLIS";153;11;"Prefeito";19544;51;15;0;66;12509;0;7035;"N";12509;10384;10384;10384;0;0;0;0;0;0;0;0;0;769;1356;1356;0;0;"14:54:22";"21/10/2019"
"19/01/2026";"14:01:37";2016;2;"Eleição Ordinária";1;220;"Eleições Municipais 2016";"02/10/2016";"M";"SP";"70971";"SÃO JOSÉ DO RIO PRETO";"70971";"SÃO JOSÉ DO RIO PRETO";267;11;"Prefeito";138529;393;1;0;394;108626;0;29903;"N";108626;94895;94895;94895;0;0;0;0;0;0;0;0;0;4535;9196;9196;0;0;"20:23:49";"02/10/2016"
"19/01/2026";"14:01:37";2016;2;"Eleição Ordinária";1;220;"Eleições Municipais 2016";"02/10/2016";"M";"SP";"70998";"SÃO JOSÉ DOS CAMPOS";"70998";"SÃO JOSÉ DOS CAMPOS";127;11;"Prefeito";118905;323;21;0;344;93090;0;25815;"N";93090;84447;84447;84447;0;0;0;0;0;0;0;0;0;2821;5822;5822;0;0;"22:08:44";"02/10/2016"
"19/01/2026";"14:01:37";2016;2;"Eleição Ordinária";1;220;"Eleições Municipais 2016";"02/10/2016";"M";"SP";"61883";"SÃO JOÃO DE IRACEMA";"61883";"SÃO JOÃO DE IRACEMA";168;11;"Prefeito";1824;5;0;0;5;1657;0;167;"N";1657;1613;1613;1613;0;0;0;0;0;0;0;0;0;12;32;32;0;0;"17:15:33";"02/10/2016"
"19/01/2026";"14:01:37";2016;2;"Eleição Ordinária";1;220;"Eleições Municipais 2016";"02/10/2016";"M";"SP";"62570";"BRODOWSKI";"62570";"BRODOWSKI";22;11;"Prefeito";16015;41;2;0;43;13247;0;2768;"N";13247;11804;11804;11804;0;0;0;0;0;0;0;0;0;355;1088;1088;0;0;"19:01:54";"02/10/2016"
"19/01/2026";"14:01:37";2016;2;"Eleição Ordinária";1;220;"Eleições Municipais 2016";"02/10/2016";"M";"SP";"66915";"MENDONÇA";"66915";"MENDONÇA";64;11;"Prefeito";4410;12;0;0;12;3731;0;679;"N";3731;3518;3518;3518;0;0;0;0;0;0;0;0;0;71;142;142;0;0;"18:17:12";"02/10/2016"
"19/01/2026";"14:01:37";2016;2;"Eleição Ordinária";1;220;"Eleições Municipais 2016";"02/10/2016";"M";"SP";"68799";"PIRAJUÍ";"68799";"PIRAJUÍ";95;11;"Prefeito";16166;50;5;0;55;12428;0;3738;"N";12428;9249;9249;9249;0;0;0;0;0;0;0;0;0;355;2824;2824;0;0;"17:12:40";"01/11/2016"
"19/01/2026";"14:01:37";2016;2;"Eleição Ordinária";1;220;"Eleições Municipais 2016";"02/10/2016";"M";"SP";"71072";"SÃO PAULO";"71072";"SÃO PAULO";350;11;"Prefeito";135962;370;0;0;370;107375;0;28587;"N";107375;86781;86781;86781;0;0;0;0;0;0;0;0;0;6146;14448;14448;0;0;"14:11:09";"26/06/2018"
"19/01/2026";"14:01:37";2016;2;"Eleição Ordinária";1;220;"Eleições Municipais 2016";"02/10/2016";"M";"SP";"61751";"ARTUR NOGUEIRA";"61751";"ARTUR NOGUEIRA";75;11;"Prefeito";34715;89;0;0;89;29109;0;5606;"N";29109;26306;26306;26306;0;0;0;0;0;0;0;0;0;905;1898;1898;0;0;"15:08:47";"13/12/2016"
"19/01/2026";"14:01:37";2016;2;"Eleição Ordinária";1;220;"Eleições Municipais 2016";"02/10/2016";"M";"SP";"71811";"TATUÍ";"71811";"TATUÍ";140;11;"Prefeito";83561;221;3;0;224;65256;0;18305;"N";65256;57344;57344;57344;0;0;0;0;0;0;0;0;0;2366;5546;5546;0;0;"14:22:19";"03/11/2016"
"19/01/2026";"14:01:37";2016;2;"Eleição Ordinária";1;220;"Eleições Municipais 2016";"02/10/2016";"M";"SP";"62138";"BARUERI";"62138";"BARUERI";199;11;"Prefeito";132427;347;6;0;353;109178;0;23249;"N";109178;92459;92459;92459;0;0;0;0;0;0;0;0;0;5556;11163;11163;0;0;"22:29:44";"02/10/2016"
"19/01/2026";"14:01:37";2016;2;"Eleição Ordinária";1;220;"Eleições Municipais 2016";"02/10/2016";"M";"SP";"61492";"APARECIDA";"61492";"APARECIDA";190;11;"Prefeito";29429;84;0;0;84;23858;0;5571;"N";23858;22037;22037;22037;0;0;0;0;0;0;0;0;0;735;1086;1086;0;0;"18:52:15";"02/10/2016"
"19/01/2026";"14:01:37";2016;2;"Eleição Ordinária";1;220;"Eleições Municipais 2016";"02/10/2016";"M";"SP";"71072";"SÃO PAULO";"71072";"SÃO PAULO";20;11;"Prefeito";146265;411;2;0;413;115744;0;30521;"N";115744;93142;93142;93142;0;0;0;0;0;0;0;0;0;8407;14195;14195;0;0;"14:11:09";"26/06/2018"
"19/01/2026";"14:01:37";2016;2;"Eleição Ordinária";1;220;"Eleições Municipais 2016";"02/10/2016";"M";"SP";"67814";"ONDA VERDE";"67814";"ONDA VERDE";78;11;"Prefeito";3934;11;0;0;11;3465;0;469;"N";3465;3320;3320;3320;0;0;0;0;0;0;0;0;0;33;112;112;0;0;"18:44:05";"02/10/2016"
"19/01/2026";"14:01:37";2016;2;"Eleição Ordinária";1;220;"Eleições Municipais 2016";"02/10/2016";"M";"SP";"67270";"MONTE ALTO";"67270";"MONTE ALTO";76;11;"Prefeito";37179;111;6;0;117;28907;0;8272;"N";28907;25625;25625;25625;0;0;0;0;0;0;0;0;0;1309;1973;1973;0;0;"18:27:29";"02/10/2016"
"19/01/2026";"14:01:37";2016;2;"Eleição Ordinária";1;220;"Eleições Municipais 2016";"02/10/2016";"M";"SP";"69132";"PORTO FELIZ";"69132";"PORTO FELIZ";100;11;"Prefeito";39589;108;1;0;109;31542;0;8047;"N";31542;24061;24061;24061;0;0;0;0;0;0;0;0;0;1441;6040;6040;0;0;"18:42:45";"02/10/2016"
"19/01/2026";"14:01:37";2016;2;"Eleição Ordinária";1;220;"Eleições Municipais 2016";"02/10/2016";"M";"SP";"63878";"DOURADO";"63878";"DOURADO";107;11;"Prefeito";7572;20;0;0;20;6120;0;1452;"N";6120;5573;5573;5573;0;0;0;0;0;0;0;0;0;164;383;383;0;0;"11:02:46";"01/11/2016"
"19/01/2026";"14:01:37";2016;2;"Eleição Ordinária";1;220;"Eleições Municipais 2016";"02/10/2016";"M";"SP";"66796";"MARIÁPOLIS";"66796";"MARIÁPOLIS";157;11;"Prefeito";3348;10;0;0;10;2819;0;529;"N";2819;2625;2625;2625;0;0;0;0;0;0;0;0;0;67;127;127;0;0;"18:31:10";"02/10/2016"
"19/01/2026";"14:01:37";2016;2;"Eleição Ordinária";1;220;"Eleições Municipais 2016";"02/10/2016";"M";"SP";"61573";"ARAÇOIABA DA SERRA";"61573";"ARAÇOIABA DA SERRA";294;11;"Prefeito";23251;64;1;0;65;19146;0;4105;"N";19146;13114;13114;13114;0;0;0;0;0;0;0;0;0;629;5403;5403;0;0;"15:11:40";"10/12/2016"
"19/01/2026";"14:01:37";2016;2;"Eleição Ordinária";1;220;"Eleições Municipais 2016";"02/10/2016";"M";"SP";"70319";"SANTA ERNESTINA";"70319";"SANTA ERNESTINA";139;11;"Prefeito";5331;15;0;0;15;4675;0;656;"N";4675;4492;4492;4492;0;0;0;0;0;0;0;0;0;38;145;145;0;0;"19:33:03";"02/10/2016"
"19/01/2026";"14:01:37";2016;2;"Eleição Ordinária";1;220;"Eleições Municipais 2016";"02/10/2016";"M";"SP";"67059";"MIRANTE DO PARANAPANEMA";"67059";"MIRANTE DO PARANAPANEMA";238;13;"Vereador";14781;40;1;0;41;11170;0;3611;"N";11170;10733;10733;10199;534;534;0;0;0;0;0;0;0;224;213;213;0;0;"18:31:32";"02/10/2016"
"19/01/2026";"14:01:37";2016;2;"Eleição Ordinária";1;220;"Eleições Municipais 2016";"02/10/2016";"M";"SP";"67032";"MIRANDÓPOLIS";"67032";"MIRANDÓPOLIS";153;13;"Vereador";20635;65;0;0;65;15414;0;5221;"N";15414;14292;14292;13224;1068;1068;0;0;0;0;0;0;0;527;595;595;0;0;"12:28:48";"25/08/2017"
"19/01/2026";"14:01:37";2016;2;"Eleição Ordinária";1;220;"Eleições Municipais 2016";"02/10/2016";"M";"SP";"67636";"NOVA GUATAPORANGA";"67636";"NOVA GUATAPORANGA";175;13;"Vereador";2023;9;1;0;10;1804;0;219;"N";1804;1709;1709;1628;81;81;0;0;0;0;0;0;0;13;82;82;0;0;"18:07:46";"02/10/2016"
"19/01/2026";"14:01:37";2016;2;"Eleição Ordinária";1;220;"Eleições Municipais 2016";"02/10/2016";"M";"SP";"61034";"ADOLFO";"61034";"ADOLFO";64;13;"Vereador";4318;13;0;0;13;3691;0;627;"N";3691;3482;3482;3292;190;190;0;0;0;0;0;0;0;70;139;139;0;0;"18:06:34";"02/10/2016"
"19/01/2026";"14:01:37";2016;2;"Eleição Ordinária";1;220;"Eleições Municipais 2016";"02/10/2016";"M";"SP";"62456";"BORACÉIA";"62456";"BORACÉIA";86;13;"Vereador";3768;10;1;0;11;3207;0;561;"N";3207;3065;3065;2852;213;213;0;0;0;0;0;0;0;57;85;85;0;0;"18:20:10";"02/10/2016"
"19/01/2026";"14:01:37";2016;2;"Eleição Ordinária";1;220;"Eleições Municipais 2016";"02/10/2016";"M";"SP";"66494";"LUCÉLIA";"66494";"LUCÉLIA";69;13;"Vereador";14956;46;2;0;48;11196;0;3760;"N";11196;10265;10265;9651;614;614;0;0;0;0;0;0;0;438;493;493;0;0;"17:46:23";"02/10/2016"
"19/01/2026";"14:01:37";2016;2;"Eleição Ordinária";1;220;"Eleições Municipais 2016";"02/10/2016";"M";"SP";"71455";"SOROCABA";"71455";"SOROCABA";357;13;"Vereador";108222;290;7;0;297;89999;0;18223;"N";89999;71298;71298;64261;7037;7037;0;0;0;0;0;0;0;8116;10585;10585;0;0;"14:54:33";"20/01/2017"
"19/01/2026";"14:01:37";2016;2;"Eleição Ordinária";1;220;"Eleições Municipais 2016";"02/10/2016";"M";"SP";"61425";"NOVA CANAÃ PAULISTA";"61425";"NOVA CANAÃ PAULISTA";187;13;"Vereador";2275;7;0;0;7;1936;0;339;"N";1936;1881;1881;1776;105;105;0;0;0;0;0;0;0;13;42;42;0;0;"18:29:06";"02/10/2016"
"19/01/2026";"14:01:37";2016;2;"Eleição Ordinária";1;220;"Eleições Municipais 2016";"02/10/2016";"M";"SP";"69914";"RUBINÉIA";"69914";"RUBINÉIA";187;13;"Vereador";3017;10;0;0;10;2582;0;435;"N";2582;2469;2469;2379;90;90;0;0;0;0;0;0;0;34;79;79;0;0;"18:32:39";"02/10/2016"
"19/01/2026";"14:01:37";2016;2;"Eleição Ordinária";1;220;"Eleições Municipais 2016";"02/10/2016";"M";"SP";"63991";"ELIAS FAUSTO";"63991";"ELIAS FAUSTO";358;13;"Vereador";13516;37;1;0;38;11057;0;2459;"N";11057;10330;10330;9601;729;729;0;0;0;0;0;0;0;376;351;351;0;0;"19:01:41";"02/10/2016"
"19/01/2026";"14:01:37";2016;2;"Eleição Ordinária";1;220;"Eleições Municipais 2016";"02/10/2016";"M";"SP";"61158";"ALFREDO MARCONDES";"61158";"ALFREDO MARCONDES";182;13;"Vereador";3916;11;0;0;11;3391;0;525;"N";3391;3020;3020;2878;142;142;0;0;0;0;0;0;0;50;321;321;0;0;"17:26:24";"15/12/2016"
"19/01/2026";"14:01:37";2016;2;"Eleição Ordinária";1;220;"Eleições Municipais 2016";"02/10/2016";"M";"SP";"61794";"ASSIS";"61794";"ASSIS";290;13;"Vereador";31673;92;0;0;92;23751;0;7922;"N";23751;21310;21310;20127;1183;1183;0;0;0;0;0;0;0;1178;1263;1263;0;0;"13:40:37";"07/12/2016"
"19/01/2026";"14:01:37";2016;2;"Eleição Ordinária";1;220;"Eleições Municipais 2016";"02/10/2016";"M";"SP";"65293";"IRACEMÁPOLIS";"65293";"IRACEMÁPOLIS";243;13;"Vereador";16495;47;1;0;48;14007;0;2488;"N";14007;12930;12930;12108;822;822;0;0;0;0;0;0;0;526;551;551;0;0;"13:16:31";"14/12/2016"
"19/01/2026";"14:01:37";2016;2;"Eleição Ordinária";1;220;"Eleições Municipais 2016";"02/10/2016";"M";"SP";"64998";"IEPÊ";"64998";"IEPÊ";106;13;"Vereador";6300;17;0;0;17;5165;0;1135;"N";5165;4971;4971;4683;288;288;0;0;0;0;0;0;0;75;119;119;0;0;"18:40:47";"02/10/2016"
"19/01/2026";"14:01:37";2016;2;"Eleição Ordinária";1;220;"Eleições Municipais 2016";"02/10/2016";"M";"SP";"69450";"RANCHARIA";"69450";"RANCHARIA";106;13;"Vereador";24673;72;2;0;74;19331;0;5342;"N";19331;17824;17824;16736;1088;1088;0;0;0;0;0;0;0;607;900;900;0;0;"18:27:33";"02/10/2016"
"19/01/2026";"14:01:37";2016;2;"Eleição Ordinária";1;220;"Eleições Municipais 2016";"02/10/2016";"M";"SP";"70513";"SANTA RITA DO PASSA QUATRO";"70513";"SANTA RITA DO PASSA QUATRO";116;13;"Vereador";21577;58;1;0;59;16401;0;5176;"N";16401;15044;15044;14262;782;782;0;0;0;0;0;0;0;644;713;713;0;0;"17:38:20";"02/10/2016"
"19/01/2026";"14:01:37";2016;2;"Eleição Ordinária";1;220;"Eleições Municipais 2016";"02/10/2016";"M";"SP";"69531";"REGISTRO";"69531";"REGISTRO";172;13;"Vereador";45132;135;5;0;140;33666;0;11466;"N";33666;30106;30106;27615;2491;2491;0;0;0;0;0;0;0;1264;2296;2296;0;0;"15:08:20";"26/01/2017"
"19/01/2026";"14:01:37";2016;2;"Eleição Ordinária";1;220;"Eleições Municipais 2016";"02/10/2016";"M";"SP";"72311";"VARGEM GRANDE DO SUL";"72311";"VARGEM GRANDE DO SUL";229;13;"Vereador";30789;84;0;0;84;24365;0;6424;"N";24365;21821;21821;20392;1429;1429;0;0;0;0;0;0;0;1649;895;895;0;0;"14:21:32";"16/11/2016"
"19/01/2026";"14:01:37";2016;2;"Eleição Ordinária";1;220;"Eleições Municipais 2016";"02/10/2016";"M";"SP";"61484";"CAJATI";"61484";"CAJATI";228;13;"Vereador";23469;68;2;0;70;17540;0;5929;"N";17540;16692;16692;15393;1299;1299;0;0;0;0;0;0;0;461;387;387;0;0;"19:01:52";"02/10/2016"
"19/01/2026";"14:01:37";2016;2;"Eleição Ordinária";2;221;"Eleições Municipais 2016";"30/10/2016";"M";"SP";"70572";"SANTO ANDRÉ";"70572";"SANTO ANDRÉ";262;11;"Prefeito";83911;240;6;0;246;62133;0;21778;"N";62133;51759;51759;51759;0;0;0;0;0;0;0;0;0;2182;8192;8192;0;0;"19:47:40";"30/10/2016"
"19/01/2026";"14:01:37";2016;1;"Eleição Extraordinária";1;252;"Eleição Suplementar  Cafelândia";"02/04/2017";"M";"SP";"62774";"CAFELÂNDIA";"62774";"CAFELÂNDIA";31;11;"Prefeito";13489;38;1;0;39;9970;0;3519;"N";9970;9633;9633;9633;0;0;0;0;0;0;0;0;0;125;212;212;0;0;"17:55:13";"02/04/2017"
"19/01/2026";"14:01:37";2016;2;"Eleição Ordinária";1;220;"Eleições Municipais 2016";"02/10/2016";"M";"SP";"64335";"GÁLIA";"64335";"GÁLIA";47;11;"Prefeito";5571;18;1;0;19;4308;0;1263;"N";4308;4034;4034;4034;0;0;0;0;0;0;0;0;0;79;195;195;0;0;"15:21:43";"08/11/2016"
"19/01/2026";"14:01:37";2016;2;"Eleição Ordinária";1;220;"Eleições Municipais 2016";"02/10/2016";"M";"SP";"63835";"DOIS CÓRREGOS";"63835";"DOIS CÓRREGOS";45;11;"Prefeito";19080;51;3;0;54;14780;0;4300;"N";14780;13650;13650;13650;0;0;0;0;0;0;0;0;0;399;731;731;0;0;"18:01:31";"02/10/2016"
"19/01/2026";"14:01:37";2016;2;"Eleição Ordinária";1;220;"Eleições Municipais 2016";"02/10/2016";"M";"SP";"67130";"MOGI DAS CRUZES";"67130";"MOGI DAS CRUZES";74;11;"Prefeito";97857;270;20;0;290;78375;0;19482;"N";78375;65704;65704;65704;0;0;0;0;0;0;0;0;0;3871;8800;8800;0;0;"20:36:36";"02/10/2016"
"19/01/2026";"14:01:37";2016;2;"Eleição Ordinária";1;220;"Eleições Municipais 2016";"02/10/2016";"M";"SP";"68870";"PIRASSUNUNGA";"68870";"PIRASSUNUNGA";311;11;"Prefeito";29502;91;1;0;92;22205;0;7297;"N";22205;19693;19693;19693;0;0;0;0;0;0;0;0;0;908;1604;1604;0;0;"16:08:34";"20/10/2016"
"19/01/2026";"14:01:37";2016;2;"Eleição Ordinária";1;220;"Eleições Municipais 2016";"02/10/2016";"M";"SP";"69396";"QUELUZ";"69396";"QUELUZ";105;11;"Prefeito";7910;23;1;0;24;6219;0;1691;"N";6219;5830;5830;5830;0;0;0;0;0;0;0;0;0;113;276;276;0;0;"17:38:51";"02/10/2016"
"19/01/2026";"14:01:37";2016;2;"Eleição Ordinária";1;220;"Eleições Municipais 2016";"02/10/2016";"M";"SP";"67954";"OURINHOS";"67954";"OURINHOS";82;11;"Prefeito";77851;218;20;0;238;60266;0;17585;"N";60266;54933;54933;54933;0;0;0;0;0;0;0;0;0;1893;3440;3440;0;0;"16:09:32";"25/10/2016"
"19/01/2026";"14:01:37";2016;2;"Eleição Ordinária";1;220;"Eleições Municipais 2016";"02/10/2016";"M";"SP";"61999";"BARBOSA";"61999";"BARBOSA";289;11;"Prefeito";5582;17;0;0;17;4579;0;1003;"N";4579;4370;4370;4370;0;0;0;0;0;0;0;0;0;59;150;150;0;0;"18:53:29";"02/10/2016"
"19/01/2026";"14:01:37";2016;2;"Eleição Ordinária";1;220;"Eleições Municipais 2016";"02/10/2016";"M";"SP";"69272";"PRESIDENTE EPITÁCIO";"69272";"PRESIDENTE EPITÁCIO";195;11;"Prefeito";32218;87;1;0;88;24271;0;7947;"N";24271;19289;19289;19289;0;0;0;0;0;0;0;0;0;851;4131;4131;0;0;"13:33:53";"21/10/2016"
"19/01/2026";"14:01:37";2016;2;"Eleição Ordinária";1;220;"Eleições Municipais 2016";"02/10/2016";"M";"SP";"71072";"SÃO PAULO";"71072";"SÃO PAULO";413;11;"Prefeito";138363;387;2;0;389;109473;0;28890;"N";109473;91556;91556;91556;0;0;0;0;0;0;0;0;0;5135;12782;12782;0;0;"14:11:09";"26/06/2018"
"19/01/2026";"14:01:37";2016;2;"Eleição Ordinária";1;220;"Eleições Municipais 2016";"02/10/2016";"M";"SP";"71072";"SÃO PAULO";"71072";"SÃO PAULO";349;11;"Prefeito";126642;356;1;0;357;97125;0;29517;"N";97125;81279;81279;81279;0;0;0;0;0;0;0;0;0;4902;10944;10944;0;0;"14:11:09";"26/06/2018"
"19/01/2026";"14:01:37";2016;2;"Eleição Ordinária";1;220;"Eleições Municipais 2016";"02/10/2016";"M";"SP";"66214";"JUNQUEIRÓPOLIS";"66214";"JUNQUEIRÓPOLIS";196;11;"Prefeito";13989;37;0;0;37;11195;0;2794;"N";11195;10159;10159;10159;0;0;0;0;0;0;0;0;0;433;603;603;0;0;"17:57:53";"02/10/2016"
"19/01/2026";"14:01:37";2016;2;"Eleição Ordinária";1;220;"Eleições Municipais 2016";"02/10/2016";"M";"SP";"71293";"SERRA AZUL";"71293";"SERRA AZUL";193;11;"Prefeito";7275;19;2;0;21;6044;0;1231;"N";6044;5681;5681;5681;0;0;0;0;0;0;0;0;0;104;259;259;0;0;"18:43:52";"02/10/2016"
"19/01/2026";"14:01:37";2016;2;"Eleição Ordinária";1;220;"Eleições Municipais 2016";"02/10/2016";"M";"SP";"62910";"CAMPINAS";"62910";"CAMPINAS";275;11;"Prefeito";135922;362;4;0;366;104053;0;31869;"N";104053;84560;84560;84560;0;0;0;0;0;0;0;0;0;5331;14162;14162;0;0;"13:34:25";"30/11/2016"
"19/01/2026";"14:01:37";2016;2;"Eleição Ordinária";1;220;"Eleições Municipais 2016";"02/10/2016";"M";"SP";"70599";"SANTO ANTÔNIO DA ALEGRIA";"70599";"SANTO ANTÔNIO DA ALEGRIA";202;11;"Prefeito";6234;17;0;0;17;5344;0;890;"N";5344;5085;5085;5085;0;0;0;0;0;0;0;0;0;50;209;209;0;0;"18:20:40";"02/10/2016"
"19/01/2026";"14:01:37";2016;2;"Eleição Ordinária";1;220;"Eleições Municipais 2016";"02/10/2016";"M";"SP";"69655";"RIBEIRÃO DO SUL";"69655";"RIBEIRÃO DO SUL";313;11;"Prefeito";3994;11;0;0;11;3518;0;476;"N";3518;1947;1947;1947;0;0;0;0;0;0;0;0;0;37;1534;1534;0;0;"18:54:04";"02/10/2016"
"19/01/2026";"14:01:37";2016;2;"Eleição Ordinária";1;220;"Eleições Municipais 2016";"02/10/2016";"M";"SP";"64238";"FLORÍNEA";"64238";"FLORÍNEA";15;11;"Prefeito";2894;8;0;0;8;2542;0;352;"N";2542;2467;2467;2467;0;0;0;0;0;0;0;0;0;22;53;53;0;0;"16:29:47";"25/10/2016"
"19/01/2026";"14:01:37";2016;2;"Eleição Ordinária";1;220;"Eleições Municipais 2016";"02/10/2016";"M";"SP";"64530";"GUAPIARA";"64530";"GUAPIARA";37;11;"Prefeito";15894;48;1;0;49;11779;0;4115;"N";11779;10663;10663;10663;0;0;0;0;0;0;0;0;0;327;789;789;0;0;"20:29:17";"02/10/2016"
"19/01/2026";"14:01:37";2016;2;"Eleição Ordinária";1;220;"Eleições Municipais 2016";"02/10/2016";"M";"SP";"69574";"RIBEIRA";"69574";"RIBEIRA";10;11;"Prefeito";3029;11;1;0;12;2566;0;463;"N";2566;2412;2412;2412;0;0;0;0;0;0;0;0;0;45;109;109;0;0;"19:01:47";"02/10/2016"
"19/01/2026";"14:01:37";2016;2;"Eleição Ordinária";1;220;"Eleições Municipais 2016";"02/10/2016";"M";"SP";"63592";"COSMORAMA";"63592";"COSMORAMA";138;11;"Prefeito";6297;20;0;0;20;5371;0;926;"N";5371;5099;5099;5099;0;0;0;0;0;0;0;0;0;78;194;194;0;0;"18:15:58";"02/10/2016"
"19/01/2026";"14:01:37";2016;2;"Eleição Ordinária";1;220;"Eleições Municipais 2016";"02/10/2016";"M";"SP";"70459";"SANTANA DA PONTE PENSA";"70459";"SANTANA DA PONTE PENSA";187;11;"Prefeito";1715;6;0;0;6;1542;0;173;"N";1542;1487;1487;1487;0;0;0;0;0;0;0;0;0;24;31;31;0;0;"18:29:24";"02/10/2016"
"19/01/2026";"14:01:37";2016;2;"Eleição Ordinária";1;220;"Eleições Municipais 2016";"02/10/2016";"M";"SP";"64815";"HERCULÂNDIA";"64815";"HERCULÂNDIA";184;11;"Prefeito";7280;20;0;0;20;6035;0;1245;"N";6035;5665;5665;5665;0;0;0;0;0;0;0;0;0;70;300;300;0;0;"18:51:56";"02/10/2016"
"19/01/2026";"14:01:37";2016;2;"Eleição Ordinária";1;220;"Eleições Municipais 2016";"02/10/2016";"M";"SP";"71072";"SÃO PAULO";"71072";"SÃO PAULO";248;11;"Prefeito";154398;410;0;0;410;123189;0;31209;"N";123189;97190;97190;97190;0;0;0;0;0;0;0;0;0;8124;17875;17875;0;0;"14:11:09";"26/06/2018"
"19/01/2026";"14:01:37";2016;2;"Eleição Ordinária";1;220;"Eleições Municipais 2016";"02/10/2016";"M";"SP";"71072";"SÃO PAULO";"71072";"SÃO PAULO";249;11;"Prefeito";119577;363;0;0;363;90257;0;29320;"N";90257;79566;79566;79566;0;0;0;0;0;0;0;0;0;2773;7918;7918;0;0;"14:11:09";"26/06/2018"
"19/01/2026";"14:01:37";2016;2;"Eleição Ordinária";1;220;"Eleições Municipais 2016";"02/10/2016";"M";"SP";"71072";"SÃO PAULO";"71072";"SÃO PAULO";247;11;"Prefeito";112119;326;0;0;326;89329;0;22790;"N";89329;71327;71327;71327;0;0;0;0;0;0;0;0;0;5749;12253;12253;0;0;"14:11:09";"26/06/2018"
"19/01/2026";"14:01:37";2016;2;"Eleição Ordinária";1;220;"Eleições Municipais 2016";"02/10/2016";"M";"SP";"72095";"UBATUBA";"72095";"UBATUBA";144;11;"Prefeito";65984;205;3;0;208;50404;0;15580;"N";50404;39119;39119;39119;0;0;0;0;0;0;0;0;0;1980;9305;9305;0;0;"19:11:51";"02/10/2016"
"19/01/2026";"14:01:37";2016;2;"Eleição Ordinária";1;220;"Eleições Municipais 2016";"02/10/2016";"M";"SP";"64599";"GUARACI";"64599";"GUARACI";80;11;"Prefeito";8746;25;1;0;26;7073;0;1673;"N";7073;6751;6751;6751;0;0;0;0;0;0;0;0;0;69;253;253;0;0;"18:50:41";"02/10/2016"
"19/01/2026";"14:01:37";2016;2;"Eleição Ordinária";1;220;"Eleições Municipais 2016";"02/10/2016";"M";"SP";"68594";"PILAR DO SUL";"68594";"PILAR DO SUL";89;11;"Prefeito";21341;56;3;0;59;17089;0;4252;"N";17089;14814;14814;14814;0;0;0;0;0;0;0;0;0;771;1504;1504;0;0;"19:39:42";"02/10/2016"
"19/01/2026";"14:01:37";2016;2;"Eleição Ordinária";1;220;"Eleições Municipais 2016";"02/10/2016";"M";"SP";"67792";"OLÍMPIA";"67792";"OLÍMPIA";80;11;"Prefeito";40341;111;5;0;116;31234;0;9107;"N";31234;27925;27925;27925;0;0;0;0;0;0;0;0;0;1339;1970;1970;0;0;"18:39:29";"02/10/2016"
"19/01/2026";"14:01:37";2016;2;"Eleição Ordinária";1;220;"Eleições Municipais 2016";"02/10/2016";"M";"SP";"68470";"PENÁPOLIS";"68470";"PENÁPOLIS";87;11;"Prefeito";46193;128;1;0;129;34599;0;11594;"N";34599;29516;29516;29516;0;0;0;0;0;0;0;0;0;1869;3214;3214;0;0;"14:57:59";"12/05/2017"
"19/01/2026";"14:01:37";2016;2;"Eleição Ordinária";1;220;"Eleições Municipais 2016";"02/10/2016";"M";"SP";"72052";"TURIÚBA";"72052";"TURIÚBA";214;11;"Prefeito";1796;6;0;0;6;1628;0;168;"N";1628;1574;1574;1574;0;0;0;0;0;0;0;0;0;6;48;48;0;0;"18:39:30";"02/10/2016"
"19/01/2026";"14:01:37";2016;2;"Eleição Ordinária";1;220;"Eleições Municipais 2016";"02/10/2016";"M";"SP";"71072";"SÃO PAULO";"71072";"SÃO PAULO";373;13;"Vereador";132445;384;3;0;387;104498;0;27947;"N";104498;78429;78429;65004;13425;13425;0;0;0;0;0;0;0;12376;13693;13693;0;0;"14:11:09";"26/06/2018"
"19/01/2026";"14:01:37";2016;2;"Eleição Ordinária";1;220;"Eleições Municipais 2016";"02/10/2016";"M";"SP";"65552";"ITÁPOLIS";"65552";"ITÁPOLIS";55;13;"Vereador";31388;83;0;0;83;22990;0;8398;"N";22990;20214;20214;19016;1198;1198;0;0;0;0;0;0;0;1313;1463;1463;0;0;"13:50:42";"16/11/2016"
"19/01/2026";"14:01:37";2016;2;"Eleição Ordinária";1;220;"Eleições Municipais 2016";"02/10/2016";"M";"SP";"70394";"SANTA LÚCIA";"70394";"SANTA LÚCIA";239;13;"Vereador";8074;26;0;0;26;6618;0;1456;"N";6618;6162;6162;5880;282;282;0;0;0;0;0;0;0;161;295;295;0;0;"14:38:27";"07/11/2016"
"19/01/2026";"14:01:37";2016;2;"Eleição Ordinária";1;220;"Eleições Municipais 2016";"02/10/2016";"M";"SP";"62936";"CAMPO LIMPO PAULISTA";"62936";"CAMPO LIMPO PAULISTA";344;13;"Vereador";60202;193;2;0;195;48673;0;11529;"N";48673;41735;41735;39089;2646;2646;0;0;0;0;0;0;0;2844;4094;4094;0;0;"15:26:22";"05/12/2016"
"19/01/2026";"14:01:37";2016;2;"Eleição Ordinária";1;220;"Eleições Municipais 2016";"02/10/2016";"M";"SP";"66591";"LUTÉCIA";"66591";"LUTÉCIA";12;13;"Vereador";2656;8;0;0;8;2327;0;329;"N";2327;2271;2271;2169;102;102;0;0;0;0;0;0;0;19;37;37;0;0;"17:38:19";"02/10/2016"
"19/01/2026";"14:01:37";2016;2;"Eleição Ordinária";1;220;"Eleições Municipais 2016";"02/10/2016";"M";"SP";"71358";"SERTÃOZINHO";"71358";"SERTÃOZINHO";135;13;"Vereador";88404;230;2;0;232;69232;0;19172;"N";69232;62123;62123;57849;4274;4274;0;0;0;0;0;0;0;3196;3913;3913;0;0;"16:55:36";"09/12/2016"
"19/01/2026";"14:01:37";2016;2;"Eleição Ordinária";1;220;"Eleições Municipais 2016";"02/10/2016";"M";"SP";"65790";"ITU";"65790";"ITU";59;13;"Vereador";122513;336;3;0;339;95195;0;27318;"N";95195;83311;83311;77833;5478;5478;0;0;0;0;0;0;0;4942;6942;6942;0;0;"11:58:51";"31/10/2016"
"19/01/2026";"14:01:37";2016;2;"Eleição Ordinária";1;220;"Eleições Municipais 2016";"02/10/2016";"M";"SP";"61840";"TAQUARIVAÍ";"61840";"TAQUARIVAÍ";53;13;"Vereador";4820;15;1;0;16;3978;0;842;"N";3978;3809;3809;3574;235;235;0;0;0;0;0;0;0;76;93;93;0;0;"18:32:23";"02/10/2016"
"19/01/2026";"14:01:37";2016;2;"Eleição Ordinária";1;220;"Eleições Municipais 2016";"02/10/2016";"M";"SP";"62618";"BURI";"62618";"BURI";53;13;"Vereador";15100;43;0;0;43;12283;0;2817;"N";12283;11449;11449;10692;757;757;0;0;0;0;0;0;0;263;571;571;0;0;"14:28:47";"14/12/2016"
"19/01/2026";"14:01:37";2016;2;"Eleição Ordinária";1;220;"Eleições Municipais 2016";"02/10/2016";"M";"SP";"65498";"ITAPEVA";"65498";"ITAPEVA";53;13;"Vereador";69478;205;2;0;207;54572;0;14906;"N";54572;51135;51135;47903;3232;3232;0;0;0;0;0;0;0;2012;1425;1425;0;0;"14:27:46";"10/08/2017"
"19/01/2026";"14:01:37";2016;2;"Eleição Ordinária";1;220;"Eleições Municipais 2016";"02/10/2016";"M";"SP";"67296";"MONTE APRAZÍVEL";"67296";"MONTE APRAZÍVEL";77;13;"Vereador";16658;49;1;0;50;13794;0;2864;"N";13794;12824;12824;11995;829;829;0;0;0;0;0;0;0;500;470;470;0;0;"12:18:21";"01/11/2016"
"19/01/2026";"14:01:37";2016;2;"Eleição Ordinária";1;220;"Eleições Municipais 2016";"02/10/2016";"M";"SP";"62111";"BARRINHA";"62111";"BARRINHA";135;13;"Vereador";23165;61;1;0;62;19304;0;3861;"N";19304;18309;18309;17236;1073;1073;0;0;0;0;0;0;0;479;516;516;0;0;"17:05:57";"09/12/2016"
"19/01/2026";"14:01:37";2016;2;"Eleição Ordinária";1;220;"Eleições Municipais 2016";"02/10/2016";"M";"SP";"64670";"GUARAREMA";"64670";"GUARAREMA";319;13;"Vereador";23867;67;4;0;71;19766;0;4101;"N";19766;18281;18281;16996;1285;1285;0;0;0;0;0;0;0;654;831;831;0;0;"20:42:18";"02/10/2016"
"19/01/2026";"14:01:37";2016;2;"Eleição Ordinária";1;220;"Eleições Municipais 2016";"02/10/2016";"M";"SP";"71072";"SÃO PAULO";"71072";"SÃO PAULO";371;13;"Vereador";187871;517;3;0;520;152929;0;34942;"N";152929;116397;116397;99280;17117;17117;0;0;0;0;0;0;0;16134;20398;20398;0;0;"14:11:09";"26/06/2018"
"19/01/2026";"14:01:37";2016;2;"Eleição Ordinária";1;220;"Eleições Municipais 2016";"02/10/2016";"M";"SP";"65633";"ITAQUAQUECETUBA";"65633";"ITAQUAQUECETUBA";419;13;"Vereador";114675;314;12;0;326;96592;0;18083;"N";96592;85948;85948;80302;5646;5646;0;0;0;0;0;0;0;5530;5114;5114;0;0;"18:46:59";"28/10/2016"
"19/01/2026";"14:01:37";2016;2;"Eleição Ordinária";1;220;"Eleições Municipais 2016";"02/10/2016";"M";"SP";"65013";"IGARAÇU DO TIETÊ";"65013";"IGARAÇU DO TIETÊ";200;13;"Vereador";18797;53;1;0;54;15350;0;3447;"N";15350;13642;13642;12690;952;952;0;0;0;0;0;0;0;764;944;944;0;0;"13:48:44";"02/04/2018"
"19/01/2026";"14:01:37";2016;2;"Eleição Ordinária";1;220;"Eleições Municipais 2016";"02/10/2016";"M";"SP";"66575";"LUPÉRCIO";"66575";"LUPÉRCIO";47;13;"Vereador";3739;11;2;0;13;3032;0;707;"N";3032;2909;2909;2728;181;181;0;0;0;0;0;0;0;53;70;70;0;0;"15:21:43";"08/11/2016"
"19/01/2026";"14:01:37";2016;2;"Eleição Ordinária";1;220;"Eleições Municipais 2016";"02/10/2016";"M";"SP";"64173";"FLORA RICA";"64173";"FLORA RICA";154;13;"Vereador";1885;6;0;0;6;1654;0;231;"N";1654;1626;1626;1559;67;67;0;0;0;0;0;0;0;12;16;16;0;0;"18:14:48";"02/10/2016"
"19/01/2026";"14:01:37";2016;2;"Eleição Ordinária";1;220;"Eleições Municipais 2016";"02/10/2016";"M";"SP";"67075";"MIRASSOL";"67075";"MIRASSOL";72;13;"Vereador";41241;112;2;0;114;32505;0;8736;"N";32505;28767;28767;26902;1865;1865;0;0;0;0;0;0;0;1819;1919;1919;0;0;"18:54:12";"02/10/2016"
"19/01/2026";"14:01:37";2016;2;"Eleição Ordinária";1;220;"Eleições Municipais 2016";"02/10/2016";"M";"SP";"70998";"SÃO JOSÉ DOS CAMPOS";"70998";"SÃO JOSÉ DOS CAMPOS";282;13;"Vereador";76938;212;4;0;216;62856;0;14082;"N";62856;56825;56825;52579;4246;4246;0;0;0;0;0;0;0;3041;2990;2990;0;0;"16:18:47";"25/11/2016"
"19/01/2026";"14:01:37";2016;2;"Eleição Ordinária";1;220;"Eleições Municipais 2016";"02/10/2016";"M";"SP";"66257";"JUQUITIBA";"66257";"JUQUITIBA";201;13;"Vereador";23094;69;2;0;71;18540;0;4554;"N";18540;17556;17556;16386;1170;1170;0;0;0;0;0;0;0;430;554;554;0;0;"19:03:59";"02/10/2016"
"19/01/2026";"14:01:37";2016;2;"Eleição Ordinária";1;220;"Eleições Municipais 2016";"02/10/2016";"M";"SP";"71072";"SÃO PAULO";"71072";"SÃO PAULO";381;13;"Vereador";212164;603;3;0;606;172395;0;39769;"N";172395;131376;131376;111398;19978;19978;0;0;0;0;0;0;0;18741;22278;22278;0;0;"14:11:09";"26/06/2018"
"19/01/2026";"14:01:37";2016;2;"Eleição Ordinária";1;220;"Eleições Municipais 2016";"02/10/2016";"M";"SP";"69833";"RIO GRANDE DA SERRA";"69833";"RIO GRANDE DA SERRA";382;13;"Vereador";34880;107;2;0;109;28876;0;6004;"N";28876;25993;25993;24529;1464;1464;0;0;0;0;0;0;0;1314;1569;1569;0;0;"19:55:36";"02/10/2016"
"19/01/2026";"14:01:37";2016;2;"Eleição Ordinária";1;220;"Eleições Municipais 2016";"02/10/2016";"M";"SP";"71072";"SÃO PAULO";"71072";"SÃO PAULO";4;13;"Vereador";161145;430;0;0;430;121538;0;39607;"N";121538;97440;97440;79263;18177;18177;0;0;0;0;0;0;0;9107;14991;14991;0;0;"14:11:09";"26/06/2018"
"19/01/2026";"14:01:37";2016;2;"Eleição Ordinária";1;220;"Eleições Municipais 2016";"02/10/2016";"M";"SP";"69639";"RIBEIRÃO CORRENTE";"69639";"RIBEIRÃO CORRENTE";240;13;"Vereador";4103;11;0;0;11;3574;0;529;"N";3574;3295;3295;3115;180;180;0;0;0;0;0;0;0;61;218;218;0;0;"17:32:36";"02/10/2016"
"19/01/2026";"14:01:37";2016;2;"Eleição Ordinária";1;220;"Eleições Municipais 2016";"02/10/2016";"M";"SP";"65153";"INDIAPORÃ";"65153";"INDIAPORÃ";302;13;"Vereador";3377;10;0;0;10;2938;0;439;"N";2938;2860;2860;2721;139;139;0;0;0;0;0;0;0;21;57;57;0;0;"18:30:25";"02/10/2016"
"19/01/2026";"14:01:37";2016;2;"Eleição Ordinária";1;220;"Eleições Municipais 2016";"02/10/2016";"M";"SP";"62499";"BOTUCATU";"62499";"BOTUCATU";26;13;"Vereador";98130;280;9;0;289;76690;0;21440;"N";76690;65859;65859;60503;5356;5356;0;0;0;0;0;0;0;4857;5974;5974;0;0;"18:50:31";"02/10/2016"
"19/01/2026";"14:01:37";2016;2;"Eleição Ordinária";1;220;"Eleições Municipais 2016";"02/10/2016";"M";"SP";"67970";"OURO VERDE";"67970";"OURO VERDE";149;13;"Vereador";6078;16;0;0;16;5191;0;887;"N";5191;4976;4976;4717;259;259;0;0;0;0;0;0;0;90;125;125;0;0;"13:38:26";"17/10/2016"
"19/01/2026";"14:01:37";2016;2;"Eleição Ordinária";1;220;"Eleições Municipais 2016";"02/10/2016";"M";"SP";"61093";"ÁGUAS DE LINDÓIA";"61093";"ÁGUAS DE LINDÓIA";134;13;"Vereador";14294;40;1;0;41;11408;0;2886;"N";11408;10571;10571;9810;761;761;0;0;0;0;0;0;0;356;481;481;0;0;"12:29:26";"31/10/2016"
"19/01/2026";"14:01:37";2016;2;"Eleição Ordinária";1;220;"Eleições Municipais 2016";"02/10/2016";"M";"SP";"72052";"TURIÚBA";"72052";"TURIÚBA";214;13;"Vereador";1796;6;0;0;6;1628;0;168;"N";1628;1583;1583;1507;76;76;0;0;0;0;0;0;0;6;39;39;0;0;"18:39:30";"02/10/2016"
"19/01/2026";"14:01:37";2016;2;"Eleição Ordinária";1;220;"Eleições Municipais 2016";"02/10/2016";"M";"SP";"61328";"SANTO ANTÔNIO DO ARACANGUÁ";"61328";"SANTO ANTÔNIO DO ARACANGUÁ";299;13;"Vereador";6441;19;0;0;19;5803;0;638;"N";5803;5695;5695;5435;260;260;0;0;0;0;0;0;0;41;67;67;0;0;"19:47:43";"02/10/2016"
"19/01/2026";"14:01:37";2016;2;"Eleição Ordinária";1;220;"Eleições Municipais 2016";"02/10/2016";"M";"SP";"64793";"GUZOLÂNDIA";"64793";"GUZOLÂNDIA";225;13;"Vereador";3864;11;0;0;11;3345;0;519;"N";3345;3219;3219;3037;182;182;0;0;0;0;0;0;0;44;82;82;0;0;"17:46:22";"02/10/2016"
"19/01/2026";"14:01:37";2016;2;"Eleição Ordinária";2;221;"Eleições Municipais 2016";"30/10/2016";"M";"SP";"70750";"SÃO BERNARDO DO CAMPO";"70750";"SÃO BERNARDO DO CAMPO";409;11;"Prefeito";129209;362;1;0;363;98840;0;30369;"N";98840;76679;76679;76679;0;0;0;0;0;0;0;0;0;5337;16824;16824;0;0;"20:19:45";"30/10/2016"
"19/01/2026";"14:01:37";2016;2;"Eleição Ordinária";2;221;"Eleições Municipais 2016";"30/10/2016";"M";"SP";"64254";"FRANCA";"64254";"FRANCA";291;11;"Prefeito";116479;335;6;0;341;89056;0;27423;"N";89056;81027;81027;81027;0;0;0;0;0;0;0;0;0;3171;4858;4858;0;0;"19:47:40";"30/10/2016"
"19/01/2026";"14:01:37";2016;2;"Eleição Ordinária";1;220;"Eleições Municipais 2016";"02/10/2016";"M";"SP";"67059";"MIRANTE DO PARANAPANEMA";"67059";"MIRANTE DO PARANAPANEMA";238;11;"Prefeito";14781;40;1;0;41;11170;0;3611;"N";11170;10749;10749;10749;0;0;0;0;0;0;0;0;0;132;289;289;0;0;"17:10:40";"21/10/2016"
"19/01/2026";"14:01:37";2016;2;"Eleição Ordinária";1;220;"Eleições Municipais 2016";"02/10/2016";"M";"SP";"62286";"FERNÃO";"62286";"FERNÃO";47;11;"Prefeito";1655;5;1;0;6;1480;0;175;"N";1480;1409;1409;1409;0;0;0;0;0;0;0;0;0;20;51;51;0;0;"17:54:25";"02/10/2016"
"19/01/2026";"14:01:37";2016;2;"Eleição Ordinária";1;220;"Eleições Municipais 2016";"02/10/2016";"M";"SP";"61913";"BADY BASSITT";"61913";"BADY BASSITT";126;11;"Prefeito";12173;35;0;0;35;9892;0;2281;"N";9892;8855;8855;8855;0;0;0;0;0;0;0;0;0;294;743;743;0;0;"13:03:42";"26/10/2016"
"19/01/2026";"14:01:37";2016;2;"Eleição Ordinária";1;220;"Eleições Municipais 2016";"02/10/2016";"M";"SP";"67032";"MIRANDÓPOLIS";"67032";"MIRANDÓPOLIS";153;11;"Prefeito";20635;65;0;0;65;15414;0;5221;"N";15414;14045;8482;8482;0;0;0;5563;0;0;0;0;0;414;955;955;0;0;"12:28:48";"25/08/2017"
"19/01/2026";"14:01:37";2016;2;"Eleição Ordinária";1;220;"Eleições Municipais 2016";"02/10/2016";"M";"SP";"62138";"BARUERI";"62138";"BARUERI";386;11;"Prefeito";112600;305;3;0;308;91622;0;20978;"N";91622;76601;76601;76601;0;0;0;0;0;0;0;0;0;5474;9547;9547;0;0;"22:29:44";"02/10/2016"
"19/01/2026";"14:01:37";2016;2;"Eleição Ordinária";1;220;"Eleições Municipais 2016";"02/10/2016";"M";"SP";"64459";"GUAIÇARA";"64459";"GUAIÇARA";67;11;"Prefeito";8628;25;1;0;26;6979;0;1649;"N";6979;6386;741;741;0;0;0;5645;0;0;0;0;0;169;424;424;0;0;"13:08:59";"21/08/2019"
"19/01/2026";"14:01:37";2016;2;"Eleição Ordinária";1;220;"Eleições Municipais 2016";"02/10/2016";"M";"SP";"61875";"AVANHANDAVA";"61875";"AVANHANDAVA";289;11;"Prefeito";7819;23;0;0;23;6518;0;1301;"N";6518;6211;6211;6211;0;0;0;0;0;0;0;0;0;91;216;216;0;0;"18:32:31";"02/10/2016"
"19/01/2026";"14:01:37";2016;2;"Eleição Ordinária";1;220;"Eleições Municipais 2016";"02/10/2016";"M";"SP";"66818";"MARÍLIA";"66818";"MARÍLIA";70;11;"Prefeito";79692;250;14;0;264;60194;0;19498;"N";60194;51697;51697;51697;0;0;0;0;0;0;0;0;0;2647;5850;5850;0;0;"19:38:36";"02/10/2016"
"19/01/2026";"14:01:37";2016;2;"Eleição Ordinária";1;220;"Eleições Municipais 2016";"02/10/2016";"M";"SP";"71072";"SÃO PAULO";"71072";"SÃO PAULO";6;11;"Prefeito";157270;442;0;0;442;117075;0;40195;"N";117075;106135;106135;106135;0;0;0;0;0;0;0;0;0;2981;7959;7959;0;0;"14:11:09";"26/06/2018"
"19/01/2026";"14:01:37";2016;2;"Eleição Ordinária";1;220;"Eleições Municipais 2016";"02/10/2016";"M";"SP";"62251";"BERNARDINO DE CAMPOS";"62251";"BERNARDINO DE CAMPOS";114;11;"Prefeito";8627;23;0;0;23;6890;0;1737;"N";6890;6307;6307;6307;0;0;0;0;0;0;0;0;0;176;407;407;0;0;"17:47:11";"02/10/2016"
"19/01/2026";"14:01:37";2016;2;"Eleição Ordinária";1;220;"Eleições Municipais 2016";"02/10/2016";"M";"SP";"71072";"SÃO PAULO";"71072";"SÃO PAULO";381;11;"Prefeito";212164;603;3;0;606;172395;0;39769;"N";172395;140907;140907;140907;0;0;0;0;0;0;0;0;0;11450;20038;20038;0;0;"14:11:09";"26/06/2018"
"19/01/2026";"14:01:37";2016;2;"Eleição Ordinária";1;220;"Eleições Municipais 2016";"02/10/2016";"M";"SP";"71455";"SOROCABA";"71455";"SOROCABA";356;11;"Prefeito";52792;148;1;0;149;42200;0;10592;"N";42200;33974;33974;33974;0;0;0;0;0;0;0;0;0;2686;5540;5540;0;0;"20:23:50";"02/10/2016"
"19/01/2026";"14:01:37";2016;2;"Eleição Ordinária";1;220;"Eleições Municipais 2016";"02/10/2016";"M";"SP";"70017";"SALESÓPOLIS";"70017";"SALESÓPOLIS";112;11;"Prefeito";15062;43;0;0;43;12185;0;2877;"N";12185;9202;9202;9202;0;0;0;0;0;0;0;0;0;402;2581;2581;0;0;"18:12:28";"02/10/2016"
"19/01/2026";"14:01:37";2016;2;"Eleição Ordinária";1;220;"Eleições Municipais 2016";"02/10/2016";"M";"SP";"62197";"BAURU";"62197";"BAURU";23;11;"Prefeito";105106;293;17;0;310;79095;0;26011;"N";79095;67837;67837;67837;0;0;0;0;0;0;0;0;0;3503;7755;7755;0;0;"12:12:53";"01/12/2016"
"19/01/2026";"14:01:37";2016;2;"Eleição Ordinária";1;220;"Eleições Municipais 2016";"02/10/2016";"M";"SP";"61646";"ARAPEÍ";"61646";"ARAPEÍ";18;11;"Prefeito";2571;8;0;0;8;2163;0;408;"N";2163;2086;2086;2086;0;0;0;0;0;0;0;0;0;16;61;61;0;0;"18:27:34";"02/10/2016"
"19/01/2026";"14:01:37";2016;2;"Eleição Ordinária";1;220;"Eleições Municipais 2016";"02/10/2016";"M";"SP";"61808";"PONTALINDA";"61808";"PONTALINDA";152;11;"Prefeito";3382;11;0;0;11;2843;0;539;"N";2843;1532;1532;1532;0;0;0;0;0;0;0;0;0;48;1263;1263;0;0;"12:18:05";"30/12/2016"
"19/01/2026";"14:01:37";2016;2;"Eleição Ordinária";1;220;"Eleições Municipais 2016";"02/10/2016";"M";"SP";"66192";"JUNDIAÍ";"66192";"JUNDIAÍ";281;13;"Vereador";140649;402;1;0;403;117516;0;23133;"N";117516;98415;98415;91105;7310;7310;0;0;0;0;0;0;0;6696;12405;12405;0;0;"20:09:45";"02/10/2016"
"19/01/2026";"14:01:37";2016;2;"Eleição Ordinária";1;220;"Eleições Municipais 2016";"02/10/2016";"M";"SP";"64939";"IBITINGA";"64939";"IBITINGA";49;13;"Vereador";42464;121;2;0;123;33238;0;9226;"N";33238;30171;30171;28004;2167;2167;0;0;0;0;0;0;0;1647;1420;1420;0;0;"18:27:29";"02/10/2016"
"19/01/2026";"14:01:37";2016;2;"Eleição Ordinária";1;220;"Eleições Municipais 2016";"02/10/2016";"M";"SP";"72451";"VOTUPORANGA";"72451";"VOTUPORANGA";147;13;"Vereador";68977;192;1;0;193;52780;0;16197;"N";52780;46274;46274;43468;2806;2806;0;0;0;0;0;0;0;2930;3576;3576;0;0;"13:31:44";"24/10/2016"
"19/01/2026";"14:01:37";2016;2;"Eleição Ordinária";1;220;"Eleições Municipais 2016";"02/10/2016";"M";"SP";"62138";"BARUERI";"62138";"BARUERI";386;13;"Vereador";112600;305;3;0;308;91622;0;20978;"N";91622;81456;81456;77023;4433;4433;0;0;0;0;0;0;0;4608;5558;5558;0;0;"22:29:44";"02/10/2016"
"19/01/2026";"14:01:37";2016;2;"Eleição Ordinária";1;220;"Eleições Municipais 2016";"02/10/2016";"M";"SP";"61077";"ÁGUAS DA PRATA";"61077";"ÁGUAS DA PRATA";122;13;"Vereador";6450;20;0;0;20;4996;0;1454;"N";4996;4578;4578;4309;269;269;0;0;0;0;0;0;0;196;222;222;0;0;"19:39:36";"02/10/2016"
"19/01/2026";"14:01:37";2016;2;"Eleição Ordinária";1;220;"Eleições Municipais 2016";"02/10/2016";"M";"SP";"61794";"ASSIS";"61794";"ASSIS";15;13;"Vereador";38770;106;0;0;106;29140;0;9630;"N";29140;26020;26020;24504;1516;1516;0;0;0;0;0;0;0;1582;1538;1538;0;0;"13:40:37";"07/12/2016"
"19/01/2026";"14:01:37";2016;2;"Eleição Ordinária";1;220;"Eleições Municipais 2016";"02/10/2016";"M";"SP";"66117";"JOANÓPOLIS";"66117";"JOANÓPOLIS";92;13;"Vereador";9491;28;0;0;28;7706;0;1785;"N";7706;6711;6711;6166;545;545;0;0;0;0;0;0;0;271;724;724;0;0;"14:24:42";"13/11/2018"
"19/01/2026";"14:01:37";2016;2;"Eleição Ordinária";1;220;"Eleições Municipais 2016";"02/10/2016";"M";"SP";"63770";"DIADEMA";"63770";"DIADEMA";222;13;"Vereador";85409;230;2;0;232;66927;0;18482;"N";66927;53301;53301;48536;4765;4765;0;0;0;0;0;0;0;5625;8001;8001;0;0;"15:40:28";"04/11/2016"
"19/01/2026";"14:01:37";2016;2;"Eleição Ordinária";1;220;"Eleições Municipais 2016";"02/10/2016";"M";"SP";"62910";"CAMPINAS";"62910";"CAMPINAS";423;13;"Vereador";84878;229;2;0;231;65385;0;19493;"N";65385;54186;54186;49781;4405;4405;0;0;0;0;0;0;0;4508;6691;6691;0;0;"14:28:28";"30/11/2016"
"19/01/2026";"14:01:37";2016;2;"Eleição Ordinária";1;220;"Eleições Municipais 2016";"02/10/2016";"M";"SP";"72370";"VINHEDO";"72370";"VINHEDO";345;13;"Vereador";55051;164;0;0;164;46130;0;8921;"N";46130;40002;40002;37584;2418;2418;0;0;0;0;0;0;0;2351;3777;3777;0;0;"14:51:03";"18/11/2016"
"19/01/2026";"14:01:37";2016;2;"Eleição Ordinária";1;220;"Eleições Municipais 2016";"02/10/2016";"M";"SP";"70190";"ÁGUAS DE SANTA BÁRBARA";"70190";"ÁGUAS DE SANTA BÁRBARA";205;13;"Vereador";5236;15;0;0;15;4097;0;1139;"N";4097;3855;3855;3612;243;243;0;0;0;0;0;0;0;101;141;141;0;0;"18:41:01";"02/10/2016"
"19/01/2026";"14:01:37";2016;2;"Eleição Ordinária";1;220;"Eleições Municipais 2016";"02/10/2016";"M";"SP";"67199";"MOMBUCA";"67199";"MOMBUCA";38;13;"Vereador";3351;11;0;0;11;2936;0;415;"N";2936;2821;2821;2643;178;178;0;0;0;0;0;0;0;46;69;69;0;0;"17:39:29";"02/10/2016"
"19/01/2026";"14:01:37";2016;2;"Eleição Ordinária";1;220;"Eleições Municipais 2016";"02/10/2016";"M";"SP";"62278";"BILAC";"62278";"BILAC";210;13;"Vereador";6163;17;1;0;18;5230;0;933;"N";5230;4843;4843;4581;262;262;0;0;0;0;0;0;0;87;300;300;0;0;"14:52:03";"27/10/2016"
"19/01/2026";"14:01:37";2016;2;"Eleição Ordinária";1;220;"Eleições Municipais 2016";"02/10/2016";"M";"SP";"63533";"CORONEL MACEDO";"63533";"CORONEL MACEDO";236;13;"Vereador";4447;14;0;0;14;3852;0;595;"N";3852;3680;3680;3505;175;175;0;0;0;0;0;0;0;83;89;89;0;0;"18:27:24";"02/10/2016"
"19/01/2026";"14:01:37";2016;2;"Eleição Ordinária";1;220;"Eleições Municipais 2016";"02/10/2016";"M";"SP";"69191";"PRADÓPOLIS";"69191";"PRADÓPOLIS";197;13;"Vereador";13561;36;4;0;40;11306;0;2255;"N";11306;10703;10703;10078;625;625;0;0;0;0;0;0;0;240;363;363;0;0;"18:32:57";"02/10/2016"
"19/01/2026";"14:01:37";2016;2;"Eleição Ordinária";1;220;"Eleições Municipais 2016";"02/10/2016";"M";"SP";"71676";"TAMBAÚ";"71676";"TAMBAÚ";198;13;"Vereador";17548;46;1;0;47;13862;0;3686;"N";13862;12827;12827;12049;778;778;0;0;0;0;0;0;0;547;488;488;0;0;"18:32:42";"02/10/2016"
"19/01/2026";"14:01:37";2016;2;"Eleição Ordinária";1;220;"Eleições Municipais 2016";"02/10/2016";"M";"SP";"67890";"OSASCO";"67890";"OSASCO";277;13;"Vereador";82697;229;0;0;229;64673;0;18024;"N";64673;50775;50775;45593;5182;5182;0;0;0;0;0;0;0;4898;9000;9000;0;0;"21:36:44";"02/10/2016"
"19/01/2026";"14:01:37";2016;2;"Eleição Ordinária";1;220;"Eleições Municipais 2016";"02/10/2016";"M";"SP";"67270";"MONTE ALTO";"67270";"MONTE ALTO";76;13;"Vereador";37179;111;6;0;117;28907;0;8272;"N";28907;26330;26330;24756;1574;1574;0;0;0;0;0;0;0;1452;1125;1125;0;0;"18:27:29";"02/10/2016"
"19/01/2026";"14:01:37";2016;2;"Eleição Ordinária";1;220;"Eleições Municipais 2016";"02/10/2016";"M";"SP";"69337";"PROMISSÃO";"69337";"PROMISSÃO";103;13;"Vereador";28068;78;0;0;78;21400;0;6668;"N";21400;19532;19532;18351;1181;1181;0;0;0;0;0;0;0;767;1101;1101;0;0;"18:19:32";"02/10/2016"
"19/01/2026";"14:01:37";2016;2;"Eleição Ordinária";1;220;"Eleições Municipais 2016";"02/10/2016";"M";"SP";"70815";"SÃO FRANCISCO";"70815";"SÃO FRANCISCO";232;13;"Vereador";2674;8;0;0;8;2314;0;360;"N";2314;2136;2136;2006;130;130;0;0;0;0;0;0;0;31;147;147;0;0;"16:15:35";"10/11/2016"
"19/01/2026";"14:01:37";2016;2;"Eleição Ordinária";1;220;"Eleições Municipais 2016";"02/10/2016";"M";"SP";"67393";"MORRO AGUDO";"67393";"MORRO AGUDO";336;13;"Vereador";20541;60;1;0;61;16693;0;3848;"N";16693;15673;15673;14637;1036;1036;0;0;0;0;0;0;0;521;499;499;0;0;"18:15:54";"02/10/2016"
"19/01/2026";"14:01:37";2016;2;"Eleição Ordinária";1;220;"Eleições Municipais 2016";"02/10/2016";"M";"SP";"62200";"SANTA SALETE";"62200";"SANTA SALETE";152;13;"Vereador";1830;6;0;0;6;1690;0;140;"N";1690;1635;1635;1570;65;65;0;0;0;0;0;0;0;21;34;34;0;0;"12:03:46";"07/12/2016"
"19/01/2026";"14:01:37";2016;2;"Eleição Ordinária";1;220;"Eleições Municipais 2016";"02/10/2016";"M";"SP";"68675";"PINHALZINHO";"68675";"PINHALZINHO";298;13;"Vereador";10739;30;0;0;30;8607;0;2132;"N";8607;7910;7910;7281;629;629;0;0;0;0;0;0;0;305;392;392;0;0;"17:38:59";"02/10/2016"
"19/01/2026";"14:01:37";2016;2;"Eleição Ordinária";1;220;"Eleições Municipais 2016";"02/10/2016";"M";"SP";"72079";"TURMALINA";"72079";"TURMALINA";233;13;"Vereador";2050;6;0;0;6;1824;0;226;"N";1824;1523;1523;1445;78;78;0;0;0;0;0;0;0;20;281;281;0;0;"18:06:39";"02/10/2016"
"19/01/2026";"14:01:37";2016;2;"Eleição Ordinária";2;221;"Eleições Municipais 2016";"30/10/2016";"M";"SP";"70750";"SÃO BERNARDO DO CAMPO";"70750";"SÃO BERNARDO DO CAMPO";284;11;"Prefeito";83206;231;1;0;232;61234;0;21972;"N";61234;47069;47069;47069;0;0;0;0;0;0;0;0;0;3103;11062;11062;0;0;"20:19:45";"30/10/2016"
"19/01/2026";"14:01:37";2016;2;"Eleição Ordinária";1;220;"Eleições Municipais 2016";"02/10/2016";"M";"SP";"62472";"BORBOREMA";"62472";"BORBOREMA";55;11;"Prefeito";11410;30;1;0;31;9102;0;2308;"N";9102;8171;8171;8171;0;0;0;0;0;0;0;0;0;271;660;660;0;0;"13:50:42";"16/11/2016"
"19/01/2026";"14:01:37";2016;2;"Eleição Ordinária";1;220;"Eleições Municipais 2016";"02/10/2016";"M";"SP";"66397";"LIMEIRA";"66397";"LIMEIRA";399;11;"Prefeito";96592;281;35;0;316;76912;0;19680;"N";76912;64018;64018;64018;0;0;0;0;0;0;0;0;0;4697;8197;8197;0;0;"19:40:26";"02/10/2016"
"19/01/2026";"14:01:37";2016;2;"Eleição Ordinária";1;220;"Eleições Municipais 2016";"02/10/2016";"M";"SP";"64696";"GUARATINGUETÁ";"64696";"GUARATINGUETÁ";48;11;"Prefeito";35942;115;1;0;116;28278;0;7664;"N";28278;25938;25938;25938;0;0;0;0;0;0;0;0;0;1025;1315;1315;0;0;"18:50:36";"02/10/2016"
"19/01/2026";"14:01:37";2016;2;"Eleição Ordinária";1;220;"Eleições Municipais 2016";"02/10/2016";"M";"SP";"67571";"NOVA ALIANÇA";"67571";"NOVA ALIANÇA";126;11;"Prefeito";5194;15;0;0;15;4418;0;776;"N";4418;4137;4137;4137;0;0;0;0;0;0;0;0;0;59;222;222;0;0;"18:53:45";"02/10/2016"
"19/01/2026";"14:01:37";2016;2;"Eleição Ordinária";1;220;"Eleições Municipais 2016";"02/10/2016";"M";"SP";"65030";"IGARAPAVA";"65030";"IGARAPAVA";50;11;"Prefeito";22031;59;1;0;60;17064;0;4967;"N";17064;16190;16190;16190;0;0;0;0;0;0;0;0;0;260;614;614;0;0;"14:38:36";"18/11/2016"
"19/01/2026";"14:01:37";2016;2;"Eleição Ordinária";1;220;"Eleições Municipais 2016";"02/10/2016";"M";"SP";"71358";"SERTÃOZINHO";"71358";"SERTÃOZINHO";135;11;"Prefeito";88404;230;2;0;232;69232;0;19172;"N";69232;59739;59739;59739;0;0;0;0;0;0;0;0;0;3280;6213;6213;0;0;"19:46:32";"02/10/2016"
"19/01/2026";"14:01:37";2016;2;"Eleição Ordinária";1;220;"Eleições Municipais 2016";"02/10/2016";"M";"SP";"65790";"ITU";"65790";"ITU";59;11;"Prefeito";122513;336;3;0;339;95195;0;27318;"N";95195;80652;80652;80652;0;0;0;0;0;0;0;0;0;4732;9811;9811;0;0;"20:23:45";"02/10/2016"
"19/01/2026";"14:01:37";2016;2;"Eleição Ordinária";1;220;"Eleições Municipais 2016";"02/10/2016";"M";"SP";"67857";"ORINDIÚVA";"67857";"ORINDIÚVA";164;11;"Prefeito";4765;13;1;0;14;3991;0;774;"N";3991;3291;3291;3291;0;0;0;0;0;0;0;0;0;275;425;425;0;0;"20:36:33";"02/10/2016"
"19/01/2026";"14:01:37";2016;2;"Eleição Ordinária";1;220;"Eleições Municipais 2016";"02/10/2016";"M";"SP";"69850";"RIOLÂNDIA";"69850";"RIOLÂNDIA";164;11;"Prefeito";7407;21;0;0;21;6032;0;1375;"N";6032;5765;5765;5765;0;0;0;0;0;0;0;0;0;57;210;210;0;0;"20:42:19";"02/10/2016"
"19/01/2026";"14:01:37";2016;2;"Eleição Ordinária";1;220;"Eleições Municipais 2016";"02/10/2016";"M";"SP";"72117";"UBIRAJARA";"72117";"UBIRAJARA";159;11;"Prefeito";4312;12;0;0;12;3811;0;501;"N";3811;3694;3694;3694;0;0;0;0;0;0;0;0;0;25;92;92;0;0;"17:48:22";"02/10/2016"
"19/01/2026";"14:01:37";2016;2;"Eleição Ordinária";1;220;"Eleições Municipais 2016";"02/10/2016";"M";"SP";"71072";"SÃO PAULO";"71072";"SÃO PAULO";375;11;"Prefeito";241979;753;1;0;754;192735;0;49244;"N";192735;154516;154516;154516;0;0;0;0;0;0;0;0;0;12436;25783;25783;0;0;"14:11:09";"26/06/2018"
"19/01/2026";"14:01:37";2016;2;"Eleição Ordinária";1;220;"Eleições Municipais 2016";"02/10/2016";"M";"SP";"71072";"SÃO PAULO";"71072";"SÃO PAULO";371;11;"Prefeito";187871;517;3;0;520;152929;0;34942;"N";152929;124563;124563;124563;0;0;0;0;0;0;0;0;0;9953;18413;18413;0;0;"14:11:09";"26/06/2018"
"19/01/2026";"14:01:37";2016;2;"Eleição Ordinária";1;220;"Eleições Municipais 2016";"02/10/2016";"M";"SP";"62910";"CAMPINAS";"62910";"CAMPINAS";423;11;"Prefeito";84878;229;2;0;231;65385;0;19493;"N";65385;52125;52125;52125;0;0;0;0;0;0;0;0;0;3452;9808;9808;0;0;"13:34:25";"30/11/2016"
"19/01/2026";"14:01:37";2016;2;"Eleição Ordinária";1;220;"Eleições Municipais 2016";"02/10/2016";"M";"SP";"71072";"SÃO PAULO";"71072";"SÃO PAULO";352;11;"Prefeito";200999;590;1;0;591;161569;0;39430;"N";161569;127722;127722;127722;0;0;0;0;0;0;0;0;0;12005;21842;21842;0;0;"14:11:09";"26/06/2018"
"19/01/2026";"14:01:37";2016;2;"Eleição Ordinária";1;220;"Eleições Municipais 2016";"02/10/2016";"M";"SP";"62057";"BARRA BONITA";"62057";"BARRA BONITA";200;11;"Prefeito";30510;85;3;0;88;24354;0;6156;"N";24354;22049;22049;22049;0;0;0;0;0;0;0;0;0;700;1605;1605;0;0;"18:20:16";"02/10/2016"
"19/01/2026";"14:01:37";2016;2;"Eleição Ordinária";1;220;"Eleições Municipais 2016";"02/10/2016";"M";"SP";"67750";"OCAUÇU";"67750";"OCAUÇU";180;11;"Prefeito";3558;12;0;0;12;2949;0;609;"N";2949;1689;1689;1689;0;0;0;0;0;0;0;0;0;435;825;825;0;0;"18:58:33";"02/10/2016"
"19/01/2026";"14:01:37";2016;2;"Eleição Ordinária";1;220;"Eleições Municipais 2016";"02/10/2016";"M";"SP";"64173";"FLORA RICA";"64173";"FLORA RICA";154;11;"Prefeito";1885;6;0;0;6;1654;0;231;"N";1654;1594;1594;1594;0;0;0;0;0;0;0;0;0;19;41;41;0;0;"18:14:48";"02/10/2016"
"19/01/2026";"14:01:37";2016;2;"Eleição Ordinária";1;220;"Eleições Municipais 2016";"02/10/2016";"M";"SP";"65196";"IPAUSSU";"65196";"IPAUSSU";114;11;"Prefeito";10943;28;0;0;28;8842;0;2101;"N";8842;8182;8182;8182;0;0;0;0;0;0;0;0;0;204;456;456;0;0;"17:38:19";"02/10/2016"
"19/01/2026";"14:01:37";2016;2;"Eleição Ordinária";1;220;"Eleições Municipais 2016";"02/10/2016";"M";"SP";"62995";"CANANÉIA";"62995";"CANANÉIA";36;11;"Prefeito";10259;33;2;0;35;7868;0;2391;"N";7868;7351;7351;7351;0;0;0;0;0;0;0;0;0;135;382;382;0;0;"18:27:24";"02/10/2016"
"19/01/2026";"14:01:37";2016;2;"Eleição Ordinária";1;220;"Eleições Municipais 2016";"02/10/2016";"M";"SP";"70572";"SANTO ANDRÉ";"70572";"SANTO ANDRÉ";264;11;"Prefeito";39806;113;0;0;113;30121;0;9685;"N";30121;22300;22300;22300;0;0;0;0;0;0;0;0;0;2093;5728;5728;0;0;"13:10:52";"29/10/2016"
"19/01/2026";"14:01:37";2016;2;"Eleição Ordinária";1;220;"Eleições Municipais 2016";"02/10/2016";"M";"SP";"61930";"BALBINOS";"61930";"BALBINOS";95;11;"Prefeito";1571;5;0;0;5;1316;0;255;"N";1316;991;991;991;0;0;0;0;0;0;0;0;0;104;221;221;0;0;"18:20:48";"02/10/2016"
"19/01/2026";"14:01:37";2016;2;"Eleição Ordinária";1;220;"Eleições Municipais 2016";"02/10/2016";"M";"SP";"65510";"ITAPEVI";"65510";"ITAPEVI";359;11;"Prefeito";145961;434;10;0;444;119815;0;26146;"N";119815;103850;103850;103850;0;0;0;0;0;0;0;0;0;6145;9820;9820;0;0;"21:47:29";"02/10/2016"
"19/01/2026";"14:01:37";2016;2;"Eleição Ordinária";1;220;"Eleições Municipais 2016";"02/10/2016";"M";"SP";"72338";"VÁRZEA PAULISTA";"72338";"VÁRZEA PAULISTA";242;11;"Prefeito";84223;233;0;0;233;68924;0;15299;"N";68924;54237;54237;54237;0;0;0;0;0;0;0;0;0;4872;9815;9815;0;0;"15:06:36";"12/12/2016"
"19/01/2026";"14:01:37";2016;2;"Eleição Ordinária";1;220;"Eleições Municipais 2016";"02/10/2016";"M";"SP";"62146";"PRATÂNIA";"62146";"PRATÂNIA";129;11;"Prefeito";4691;14;0;0;14;3817;0;874;"N";3817;3628;3628;3628;0;0;0;0;0;0;0;0;0;51;138;138;0;0;"18:50:45";"02/10/2016"
"19/01/2026";"14:01:37";2016;2;"Eleição Ordinária";1;220;"Eleições Municipais 2016";"02/10/2016";"M";"SP";"70572";"SANTO ANDRÉ";"70572";"SANTO ANDRÉ";309;11;"Prefeito";41909;122;1;0;123;32622;0;9287;"N";32622;23540;23540;23540;0;0;0;0;0;0;0;0;0;2315;6767;6767;0;0;"13:10:52";"29/10/2016"
"19/01/2026";"14:01:37";2016;2;"Eleição Ordinária";1;220;"Eleições Municipais 2016";"02/10/2016";"M";"SP";"69736";"RIFAINA";"69736";"RIFAINA";155;11;"Prefeito";4727;13;0;0;13;4016;0;711;"N";4016;3885;3885;3885;0;0;0;0;0;0;0;0;0;27;104;104;0;0;"19:14:20";"02/10/2016"
"19/01/2026";"14:01:37";2016;2;"Eleição Ordinária";1;220;"Eleições Municipais 2016";"02/10/2016";"M";"SP";"68535";"PERUÍBE";"68535";"PERUÍBE";295;11;"Prefeito";55113;159;2;0;161;40050;0;15063;"N";40050;28140;28140;28140;0;0;0;0;0;0;0;0;0;1385;10525;10525;0;0;"18:49:55";"01/11/2016"
"19/01/2026";"14:01:37";2016;2;"Eleição Ordinária";1;220;"Eleições Municipais 2016";"02/10/2016";"M";"SP";"68373";"PEDRA BELA";"68373";"PEDRA BELA";298;11;"Prefeito";5156;14;0;0;14;4339;0;817;"N";4339;4117;4117;4117;0;0;0;0;0;0;0;0;0;61;161;161;0;0;"14:10:39";"16/12/2016"
"19/01/2026";"14:01:37";2016;2;"Eleição Ordinária";1;220;"Eleições Municipais 2016";"02/10/2016";"M";"SP";"71650";"TAIÚVA";"71650";"TAIÚVA";61;11;"Prefeito";4860;13;1;0;14;3953;0;907;"N";3953;3718;3718;3718;0;0;0;0;0;0;0;0;0;80;155;155;0;0;"19:14:14";"02/10/2016"
"19/01/2026";"14:01:37";2016;2;"Eleição Ordinária";1;220;"Eleições Municipais 2016";"02/10/2016";"M";"SP";"67318";"MONTE AZUL PAULISTA";"67318";"MONTE AZUL PAULISTA";171;11;"Prefeito";15585;42;1;0;43;12437;0;3148;"N";12437;6543;6543;6543;0;0;0;0;0;0;0;0;0;265;5629;5629;0;0;"17:35:20";"17/09/2018"
"19/01/2026";"14:01:37";2016;2;"Eleição Ordinária";1;220;"Eleições Municipais 2016";"02/10/2016";"M";"SP";"72273";"VALPARAÍSO";"72273";"VALPARAÍSO";146;11;"Prefeito";16137;42;0;0;42;13052;0;3085;"N";13052;12476;12476;12476;0;0;0;0;0;0;0;0;0;188;388;388;0;0;"18:12:32";"02/10/2016"
"19/01/2026";"14:01:37";2016;2;"Eleição Ordinária";1;220;"Eleições Municipais 2016";"02/10/2016";"M";"SP";"62197";"BAURU";"62197";"BAURU";387;13;"Vereador";81559;224;12;0;236;65618;0;15941;"N";65618;53413;53413;49671;3742;3742;0;0;0;0;0;0;0;5549;6656;6656;0;0;"12:12:53";"01/12/2016"
"19/01/2026";"14:01:37";2016;2;"Eleição Ordinária";1;220;"Eleições Municipais 2016";"02/10/2016";"M";"SP";"66338";"LAVRINHAS";"66338";"LAVRINHAS";42;13;"Vereador";6171;21;0;0;21;5218;0;953;"N";5218;4868;4868;4525;343;343;0;0;0;0;0;0;0;112;238;238;0;0;"15:47:36";"13/11/2016"
"19/01/2026";"14:01:37";2016;2;"Eleição Ordinária";1;220;"Eleições Municipais 2016";"02/10/2016";"M";"SP";"67571";"NOVA ALIANÇA";"67571";"NOVA ALIANÇA";126;13;"Vereador";5194;15;0;0;15;4418;0;776;"N";4418;4187;4187;3926;261;261;0;0;0;0;0;0;0;91;140;140;0;0;"18:53:45";"02/10/2016"
"19/01/2026";"14:01:37";2016;2;"Eleição Ordinária";1;220;"Eleições Municipais 2016";"02/10/2016";"M";"SP";"61042";"TARUMÃ";"61042";"TARUMÃ";15;13;"Vereador";11087;29;0;0;29;9582;0;1505;"N";9582;9347;9347;8943;404;404;0;0;0;0;0;0;0;126;109;109;0;0;"19:55:36";"02/10/2016"
"19/01/2026";"14:01:37";2016;2;"Eleição Ordinária";1;220;"Eleições Municipais 2016";"02/10/2016";"M";"SP";"61387";"EMILIANÓPOLIS";"61387";"EMILIANÓPOLIS";165;13;"Vereador";2733;8;0;0;8;2387;0;346;"N";2387;2166;2166;2043;123;123;0;0;0;0;0;0;0;29;192;192;0;0;"18:19:40";"02/10/2016"
"19/01/2026";"14:01:37";2016;2;"Eleição Ordinária";1;220;"Eleições Municipais 2016";"02/10/2016";"M";"SP";"66435";"LINS";"66435";"LINS";67;13;"Vereador";21258;67;1;0;68;15154;0;6104;"N";15154;13222;13222;12532;690;690;0;0;0;0;0;0;0;763;1169;1169;0;0;"14:17:48";"16/12/2016"
"19/01/2026";"14:01:37";2016;2;"Eleição Ordinária";1;220;"Eleições Municipais 2016";"02/10/2016";"M";"SP";"65277";"IPUÃ";"65277";"IPUÃ";123;13;"Vereador";10941;30;0;0;30;9076;0;1865;"N";9076;8502;8502;8219;283;283;0;0;0;0;0;0;0;250;324;324;0;0;"18:39:25";"02/10/2016"
"19/01/2026";"14:01:37";2016;2;"Eleição Ordinária";1;220;"Eleições Municipais 2016";"02/10/2016";"M";"SP";"69612";"RIBEIRÃO BRANCO";"69612";"RIBEIRÃO BRANCO";53;13;"Vereador";14696;52;2;0;54;11721;0;2975;"N";11721;11110;11110;10075;1035;1035;0;0;0;0;0;0;0;315;296;296;0;0;"14:34:32";"14/12/2016"
"19/01/2026";"14:01:37";2016;2;"Eleição Ordinária";1;220;"Eleições Municipais 2016";"02/10/2016";"M";"SP";"70777";"SÃO CAETANO DO SUL";"70777";"SÃO CAETANO DO SUL";269;13;"Vereador";69680;180;0;0;180;58916;0;10764;"N";58916;51234;51234;48091;3143;3143;0;0;0;0;0;0;0;2079;5603;5603;0;0;"15:26:40";"23/01/2017"
"19/01/2026";"14:01:37";2016;2;"Eleição Ordinária";1;220;"Eleições Municipais 2016";"02/10/2016";"M";"SP";"66214";"JUNQUEIRÓPOLIS";"66214";"JUNQUEIRÓPOLIS";196;13;"Vereador";13989;37;0;0;37;11195;0;2794;"N";11195;10363;10363;9758;605;605;0;0;0;0;0;0;0;432;400;400;0;0;"17:57:53";"02/10/2016"
"19/01/2026";"14:01:37";2016;2;"Eleição Ordinária";1;220;"Eleições Municipais 2016";"02/10/2016";"M";"SP";"66354";"LEME";"66354";"LEME";188;13;"Vereador";72295;203;1;0;204;58871;0;13424;"N";58871;50150;50150;46458;3692;3692;0;0;0;0;0;0;0;3224;5497;5497;0;0;"15:18:51";"13/03/2018"
"19/01/2026";"14:01:37";2016;2;"Eleição Ordinária";1;220;"Eleições Municipais 2016";"02/10/2016";"M";"SP";"70572";"SANTO ANDRÉ";"70572";"SANTO ANDRÉ";262;13;"Vereador";83911;240;6;0;246;64570;0;19341;"N";64570;49380;49380;43949;5431;5431;0;0;0;0;0;0;0;3981;11209;11209;0;0;"15:33:26";"05/06/2017"
"19/01/2026";"14:01:37";2016;2;"Eleição Ordinária";1;220;"Eleições Municipais 2016";"02/10/2016";"M";"SP";"63819";"DOBRADA";"63819";"DOBRADA";170;13;"Vereador";5859;17;0;0;17;5015;0;844;"N";5015;4732;4732;4470;262;262;0;0;0;0;0;0;0;123;160;160;0;0;"15:25:08";"14/12/2016"
"19/01/2026";"14:01:37";2016;2;"Eleição Ordinária";1;220;"Eleições Municipais 2016";"02/10/2016";"M";"SP";"71137";"SÃO ROQUE";"71137";"SÃO ROQUE";131;13;"Vereador";58644;172;3;0;175;45678;0;12966;"N";45678;40622;40622;37689;2933;2933;0;0;0;0;0;0;0;2488;2568;2568;0;0;"15:41:51";"28/10/2016"
"19/01/2026";"14:01:37";2016;2;"Eleição Ordinária";1;220;"Eleições Municipais 2016";"02/10/2016";"M";"SP";"70599";"SANTO ANTÔNIO DA ALEGRIA";"70599";"SANTO ANTÔNIO DA ALEGRIA";202;13;"Vereador";6234;17;0;0;17;5344;0;890;"N";5344;5136;5136;4816;320;320;0;0;0;0;0;0;0;55;153;153;0;0;"18:20:40";"02/10/2016"
"19/01/2026";"14:01:37";2016;2;"Eleição Ordinária";1;220;"Eleições Municipais 2016";"02/10/2016";"M";"SP";"61492";"APARECIDA";"61492";"APARECIDA";190;13;"Vereador";29429;84;0;0;84;23858;0;5571;"N";23858;22062;22062;20588;1474;1474;0;0;0;0;0;0;0;977;819;819;0;0;"18:52:15";"02/10/2016"
"19/01/2026";"14:01:37";2016;2;"Eleição Ordinária";1;220;"Eleições Municipais 2016";"02/10/2016";"M";"SP";"62090";"BARRETOS";"62090";"BARRETOS";21;13;"Vereador";85823;240;2;0;242;64555;0;21268;"N";64555;58428;58428;54816;3612;3612;0;0;0;0;0;0;0;3057;3070;3070;0;0;"19:04:23";"02/10/2016"
"19/01/2026";"14:01:37";2016;2;"Eleição Ordinária";1;220;"Eleições Municipais 2016";"02/10/2016";"M";"SP";"70270";"SANTA CRUZ DAS PALMEIRAS";"70270";"SANTA CRUZ DAS PALMEIRAS";113;13;"Vereador";23233;65;0;0;65;18112;0;5121;"N";18112;16682;16682;15571;1111;1111;0;0;0;0;0;0;0;714;716;716;0;0;"15:20:33";"01/11/2016"
"19/01/2026";"14:01:37";2016;2;"Eleição Ordinária";1;220;"Eleições Municipais 2016";"02/10/2016";"M";"SP";"68810";"PIRANGI";"68810";"PIRANGI";76;13;"Vereador";8147;21;2;0;23;6581;0;1566;"N";6581;5784;5784;5370;414;414;0;0;0;0;0;0;0;288;509;509;0;0;"18:44:17";"02/10/2016"
"19/01/2026";"14:01:37";2016;2;"Eleição Ordinária";1;220;"Eleições Municipais 2016";"02/10/2016";"M";"SP";"69817";"RIO DAS PEDRAS";"69817";"RIO DAS PEDRAS";244;13;"Vereador";24576;68;2;0;70;20328;0;4248;"N";20328;18793;18793;17760;1033;1033;0;0;0;0;0;0;0;713;822;822;0;0;"17:19:15";"05/12/2016"
"19/01/2026";"14:01:37";2016;2;"Eleição Ordinária";1;220;"Eleições Municipais 2016";"02/10/2016";"M";"SP";"65978";"JALES";"65978";"JALES";152;13;"Vereador";37676;111;2;0;113;28579;0;9097;"N";28579;23717;23717;22403;1314;1314;0;0;0;0;0;0;0;2360;2502;2502;0;0;"18:29:36";"02/10/2016"
"19/01/2026";"14:01:37";2016;2;"Eleição Ordinária";1;220;"Eleições Municipais 2016";"02/10/2016";"M";"SP";"68616";"PINDAMONHANGABA";"68616";"PINDAMONHANGABA";90;13;"Vereador";110237;336;7;0;343;86105;0;24132;"N";86105;72156;72156;66573;5583;5583;0;0;0;0;0;0;0;6009;7940;7940;0;0;"20:16:40";"02/10/2016"
"19/01/2026";"14:01:37";2016;2;"Eleição Ordinária";1;220;"Eleições Municipais 2016";"02/10/2016";"M";"SP";"69370";"QUEIROZ";"69370";"QUEIROZ";99;13;"Vereador";3593;10;1;0;11;3174;0;419;"N";3174;2969;2969;2835;134;134;0;0;0;0;0;0;0;23;182;182;0;0;"18:24:51";"02/10/2016"
"19/01/2026";"14:01:37";2016;2;"Eleição Ordinária";2;221;"Eleições Municipais 2016";"30/10/2016";"M";"SP";"70572";"SANTO ANDRÉ";"70572";"SANTO ANDRÉ";263;11;"Prefeito";64011;175;0;0;175;48346;0;15665;"N";48346;39889;39889;39889;0;0;0;0;0;0;0;0;0;1962;6495;6495;0;0;"19:47:40";"30/10/2016"
"19/01/2026";"14:01:37";2016;2;"Eleição Ordinária";2;221;"Eleições Municipais 2016";"30/10/2016";"M";"SP";"64254";"FRANCA";"64254";"FRANCA";46;11;"Prefeito";115427;321;4;0;325;88306;0;27121;"N";88306;80195;80195;80195;0;0;0;0;0;0;0;0;0;2975;5136;5136;0;0;"19:47:40";"30/10/2016"
"19/01/2026";"14:01:37";2016;2;"Eleição Ordinária";1;220;"Eleições Municipais 2016";"02/10/2016";"M";"SP";"71072";"SÃO PAULO";"71072";"SÃO PAULO";376;11;"Prefeito";235777;651;0;0;651;187613;0;48164;"N";187613;151884;151884;151884;0;0;0;0;0;0;0;0;0;12683;23046;23046;0;0;"14:11:09";"26/06/2018"
"19/01/2026";"14:01:37";2016;2;"Eleição Ordinária";1;220;"Eleições Municipais 2016";"02/10/2016";"M";"SP";"71072";"SÃO PAULO";"71072";"SÃO PAULO";373;11;"Prefeito";132445;384;3;0;387;104498;0;27947;"N";104498;84118;84118;84118;0;0;0;0;0;0;0;0;0;7140;13240;13240;0;0;"14:11:09";"26/06/2018"
"19/01/2026";"14:01:37";2016;2;"Eleição Ordinária";1;220;"Eleições Municipais 2016";"02/10/2016";"M";"SP";"71331";"SERRA NEGRA";"71331";"SERRA NEGRA";134;11;"Prefeito";22400;69;3;0;72;17267;0;5133;"N";17267;15612;15612;15612;0;0;0;0;0;0;0;0;0;419;1236;1236;0;0;"18:17:41";"02/10/2016"
"19/01/2026";"14:01:37";2016;2;"Eleição Ordinária";1;220;"Eleições Municipais 2016";"02/10/2016";"M";"SP";"71196";"SÃO SIMÃO";"71196";"SÃO SIMÃO";133;13;"Vereador";12046;32;2;0;34;9469;0;2577;"N";9469;8847;8847;8281;566;566;0;0;0;0;0;0;0;268;354;354;0;0;"17:49:02";"02/10/2016"
"19/01/2026";"14:01:37";2016;2;"Eleição Ordinária";1;220;"Eleições Municipais 2016";"02/10/2016";"M";"SP";"64777";"GUARULHOS";"64777";"GUARULHOS";185;13;"Vereador";132861;372;1;0;373;112163;0;20698;"N";112163;91025;91025;83985;7040;7040;0;0;0;0;0;0;0;8220;12918;12918;0;0;"18:30:53";"18/12/2020"
"19/01/2026";"14:01:37";2016;2;"Eleição Ordinária";1;220;"Eleições Municipais 2016";"02/10/2016";"M";"SP";"71072";"SÃO PAULO";"71072";"SÃO PAULO";390;13;"Vereador";115275;334;0;0;334;91552;0;23723;"N";91552;69451;69451;58504;10947;10947;0;0;0;0;0;0;0;8734;13367;13367;0;0;"14:11:09";"26/06/2018"
"19/01/2026";"14:01:37";2016;2;"Eleição Ordinária";1;220;"Eleições Municipais 2016";"02/10/2016";"M";"SP";"69671";"RIBEIRÃO PIRES";"69671";"RIBEIRÃO PIRES";183;13;"Vereador";65817;200;1;0;201;53599;0;12218;"N";53599;46620;46620;44015;2605;2605;0;0;0;0;0;0;0;2526;4453;4453;0;0;"21:24:44";"02/10/2016"
"19/01/2026";"14:01:37";2016;2;"Eleição Ordinária";1;220;"Eleições Municipais 2016";"02/10/2016";"M";"SP";"71072";"SÃO PAULO";"71072";"SÃO PAULO";327;13;"Vereador";118792;332;4;0;336;92624;0;26168;"N";92624;71540;71540;60083;11457;11457;0;0;0;0;0;0;0;8248;12836;12836;0;0;"14:11:09";"26/06/2018"
"19/01/2026";"14:01:37";2016;2;"Eleição Ordinária";1;220;"Eleições Municipais 2016";"02/10/2016";"M";"SP";"71072";"SÃO PAULO";"71072";"SÃO PAULO";248;13;"Vereador";154398;410;0;0;410;123189;0;31209;"N";123189;91371;91371;77216;14155;14155;0;0;0;0;0;0;0;13059;18759;18759;0;0;"14:11:09";"26/06/2018"
"19/01/2026";"14:01:37";2016;2;"Eleição Ordinária";1;220;"Eleições Municipais 2016";"02/10/2016";"M";"SP";"69795";"RIO CLARO";"69795";"RIO CLARO";110;13;"Vereador";77976;206;2;0;208;60934;0;17042;"N";60934;52492;52492;49545;2947;2947;0;0;0;0;0;0;0;2925;5517;5517;0;0;"19:47:47";"02/10/2016"
"19/01/2026";"14:01:37";2016;2;"Eleição Ordinária";1;220;"Eleições Municipais 2016";"02/10/2016";"M";"SP";"62332";"BOA ESPERANÇA DO SUL";"62332";"BOA ESPERANÇA DO SUL";107;13;"Vereador";10249;30;0;0;30;8459;0;1790;"N";8459;7984;7984;7386;598;598;0;0;0;0;0;0;0;253;222;222;0;0;"11:02:46";"01/11/2016"
"19/01/2026";"14:01:37";2016;2;"Eleição Ordinária";1;220;"Eleições Municipais 2016";"02/10/2016";"M";"SP";"72419";"VISTA ALEGRE DO ALTO";"72419";"VISTA ALEGRE DO ALTO";76;13;"Vereador";5411;15;2;0;17;4663;0;748;"N";4663;4456;4456;4149;307;307;0;0;0;0;0;0;0;135;72;72;0;0;"18:43:17";"02/10/2016"
"19/01/2026";"14:01:37";2016;2;"Eleição Ordinária";1;220;"Eleições Municipais 2016";"02/10/2016";"M";"SP";"67156";"MOGI GUAÇU";"67156";"MOGI GUAÇU";216;13;"Vereador";111433;290;17;0;307;88939;0;22494;"N";88939;75214;75214;70265;4949;4949;0;0;0;0;0;0;0;6611;7114;7114;0;0;"19:55:34";"02/10/2016"
"19/01/2026";"14:01:37";2016;2;"Eleição Ordinária";1;220;"Eleições Municipais 2016";"02/10/2016";"M";"SP";"68276";"PATROCÍNIO PAULISTA";"68276";"PATROCÍNIO PAULISTA";85;13;"Vereador";10507;29;0;0;29;8649;0;1858;"N";8649;8131;8131;7490;641;641;0;0;0;0;0;0;0;285;233;233;0;0;"13:13:26";"17/10/2016"
"19/01/2026";"14:01:37";2016;2;"Eleição Ordinária";1;220;"Eleições Municipais 2016";"02/10/2016";"M";"SP";"69078";"PONTES GESTAL";"69078";"PONTES GESTAL";224;13;"Vereador";2535;8;0;0;8;2230;0;305;"N";2230;2185;2185;2072;113;113;0;0;0;0;0;0;0;25;20;20;0;0;"18:05:54";"02/10/2016"
"19/01/2026";"14:01:37";2016;2;"Eleição Ordinária";1;220;"Eleições Municipais 2016";"02/10/2016";"M";"SP";"63010";"CÂNDIDO MOTA";"63010";"CÂNDIDO MOTA";226;13;"Vereador";24770;69;1;0;70;19433;0;5337;"N";19433;17751;17751;16788;963;963;0;0;0;0;0;0;0;972;710;710;0;0;"18:08:40";"02/10/2016"
"19/01/2026";"14:01:37";2016;2;"Eleição Ordinária";1;220;"Eleições Municipais 2016";"02/10/2016";"M";"SP";"71072";"SÃO PAULO";"71072";"SÃO PAULO";398;13;"Vereador";99872;301;0;0;301;80864;0;19008;"N";80864;60862;60862;51493;9369;9369;0;0;0;0;0;0;0;8666;11336;11336;0;0;"14:11:09";"26/06/2018"
"19/01/2026";"14:01:37";2016;2;"Eleição Ordinária";1;220;"Eleições Municipais 2016";"02/10/2016";"M";"SP";"66656";"MACEDÔNIA";"66656";"MACEDÔNIA";302;13;"Vereador";3442;10;0;0;10;2928;0;514;"N";2928;2815;2815;2658;157;157;0;0;0;0;0;0;0;42;71;71;0;0;"18:08:13";"02/10/2016"
"19/01/2026";"14:01:37";2016;2;"Eleição Ordinária";1;220;"Eleições Municipais 2016";"02/10/2016";"M";"SP";"62243";"IPIGUÁ";"62243";"IPIGUÁ";268;13;"Vereador";4242;12;0;0;12;3695;0;547;"N";3695;3520;3520;3351;169;169;0;0;0;0;0;0;0;82;93;93;0;0;"20:02:28";"02/10/2016"
"19/01/2026";"14:01:37";2016;2;"Eleição Ordinária";1;220;"Eleições Municipais 2016";"02/10/2016";"M";"SP";"68390";"PEDRANÓPOLIS";"68390";"PEDRANÓPOLIS";302;13;"Vereador";2302;8;0;0;8;2103;0;199;"N";2103;2048;2048;1938;110;110;0;0;0;0;0;0;0;17;38;38;0;0;"18:41:05";"02/10/2016"
"19/01/2026";"14:01:37";2016;2;"Eleição Ordinária";2;221;"Eleições Municipais 2016";"30/10/2016";"M";"SP";"70572";"SANTO ANDRÉ";"70572";"SANTO ANDRÉ";307;11;"Prefeito";85488;239;0;0;239;64547;0;20941;"N";64547;53987;53987;53987;0;0;0;0;0;0;0;0;0;2526;8034;8034;0;0;"19:47:40";"30/10/2016"
"19/01/2026";"14:01:37";2016;2;"Eleição Ordinária";2;221;"Eleições Municipais 2016";"30/10/2016";"M";"SP";"67890";"OSASCO";"67890";"OSASCO";213;11;"Prefeito";26113;76;0;0;76;18283;0;7830;"N";18283;14475;14475;14475;0;0;0;0;0;0;0;0;0;923;2885;2885;0;0;"19:53:45";"30/10/2016"
"19/01/2026";"14:01:37";2016;2;"Eleição Ordinária";1;220;"Eleições Municipais 2016";"02/10/2016";"M";"SP";"65692";"ITATIBA";"65692";"ITATIBA";58;11;"Prefeito";77171;207;2;0;209;61986;0;15185;"N";61986;54205;54205;54205;0;0;0;0;0;0;0;0;0;2682;5099;5099;0;0;"14:28:49";"09/12/2016"
"19/01/2026";"14:01:37";2016;2;"Eleição Ordinária";1;220;"Eleições Municipais 2016";"02/10/2016";"M";"SP";"71072";"SÃO PAULO";"71072";"SÃO PAULO";326;11;"Prefeito";110042;307;0;0;307;87382;0;22660;"N";87382;70582;70582;70582;0;0;0;0;0;0;0;0;0;5471;11329;11329;0;0;"14:11:09";"26/06/2018"
"19/01/2026";"14:01:37";2016;2;"Eleição Ordinária";1;220;"Eleições Municipais 2016";"02/10/2016";"M";"SP";"61840";"TAQUARIVAÍ";"61840";"TAQUARIVAÍ";53;11;"Prefeito";4820;15;1;0;16;3978;0;842;"N";3978;3790;3790;3790;0;0;0;0;0;0;0;0;0;56;132;132;0;0;"18:32:23";"02/10/2016"
"19/01/2026";"14:01:37";2016;2;"Eleição Ordinária";1;220;"Eleições Municipais 2016";"02/10/2016";"M";"SP";"66010";"JANDIRA";"66010";"JANDIRA";304;11;"Prefeito";77502;216;0;0;216;63098;0;14404;"N";63098;53174;53174;53174;0;0;0;0;0;0;0;0;0;4170;5754;5754;0;0;"19:39:41";"02/10/2016"
"19/01/2026";"14:01:37";2016;2;"Eleição Ordinária";1;220;"Eleições Municipais 2016";"02/10/2016";"M";"SP";"61506";"CAMPINA DO MONTE ALEGRE";"61506";"CAMPINA DO MONTE ALEGRE";215;11;"Prefeito";4756;15;0;0;15;4055;0;701;"N";4055;3897;3897;3897;0;0;0;0;0;0;0;0;0;54;104;104;0;0;"18:17:53";"02/10/2016"
"19/01/2026";"14:01:37";2016;2;"Eleição Ordinária";1;220;"Eleições Municipais 2016";"02/10/2016";"M";"SP";"64050";"ESTRELA D OESTE";"64050";"ESTRELA D OESTE";233;11;"Prefeito";7100;20;0;0;20;5994;0;1106;"N";5994;5676;5676;5676;0;0;0;0;0;0;0;0;0;86;232;232;0;0;"17:47:42";"02/10/2016"
"19/01/2026";"14:01:37";2016;2;"Eleição Ordinária";1;220;"Eleições Municipais 2016";"02/10/2016";"M";"SP";"71072";"SÃO PAULO";"71072";"SÃO PAULO";347;11;"Prefeito";171468;472;0;0;472;136042;0;35426;"N";136042;110686;110686;110686;0;0;0;0;0;0;0;0;0;6987;18369;18369;0;0;"14:11:09";"26/06/2018"
"19/01/2026";"14:01:37";2016;2;"Eleição Ordinária";1;220;"Eleições Municipais 2016";"02/10/2016";"M";"SP";"69159";"PORTO FERREIRA";"69159";"PORTO FERREIRA";194;11;"Prefeito";40927;112;1;0;113;32687;0;8240;"N";32687;20748;20748;20748;0;0;0;0;0;0;0;0;0;991;10948;10948;0;0;"14:31:21";"05/12/2016"
"19/01/2026";"14:01:37";2016;2;"Eleição Ordinária";1;220;"Eleições Municipais 2016";"02/10/2016";"M";"SP";"70491";"SANTA RITA D OESTE";"70491";"SANTA RITA D OESTE";187;11;"Prefeito";2497;7;0;0;7;2217;0;280;"N";2217;2095;2095;2095;0;0;0;0;0;0;0;0;0;32;90;90;0;0;"18:15:54";"02/10/2016"
"19/01/2026";"14:01:37";2016;2;"Eleição Ordinária";1;220;"Eleições Municipais 2016";"02/10/2016";"M";"SP";"69876";"ROSEIRA";"69876";"ROSEIRA";190;11;"Prefeito";8543;25;3;0;28;7187;0;1356;"N";7187;6749;6749;6749;0;0;0;0;0;0;0;0;0;115;323;323;0;0;"19:22:53";"02/10/2016"
"19/01/2026";"14:01:37";2016;2;"Eleição Ordinária";1;220;"Eleições Municipais 2016";"02/10/2016";"M";"SP";"71072";"SÃO PAULO";"71072";"SÃO PAULO";328;11;"Prefeito";162340;424;0;0;424;128615;0;33725;"N";128615;104687;104687;104687;0;0;0;0;0;0;0;0;0;8339;15589;15589;0;0;"14:11:09";"26/06/2018"
"19/01/2026";"14:01:37";2016;2;"Eleição Ordinária";1;220;"Eleições Municipais 2016";"02/10/2016";"M";"SP";"71730";"TAPIRATIBA";"71730";"TAPIRATIBA";30;11;"Prefeito";10435;28;1;0;29;8337;0;2098;"N";8337;7688;7688;7688;0;0;0;0;0;0;0;0;0;207;442;442;0;0;"18:56:34";"02/10/2016"
"19/01/2026";"14:01:37";2016;2;"Eleição Ordinária";1;220;"Eleições Municipais 2016";"02/10/2016";"M";"SP";"62898";"CAJURU";"62898";"CAJURU";32;11;"Prefeito";18942;53;2;0;55;15052;0;3890;"N";15052;13848;13848;13848;0;0;0;0;0;0;0;0;0;348;856;856;0;0;"14:32:03";"24/10/2016"
"19/01/2026";"14:01:37";2016;2;"Eleição Ordinária";1;220;"Eleições Municipais 2016";"02/10/2016";"M";"SP";"62421";"RIBEIRÃO DOS ÍNDIOS";"62421";"RIBEIRÃO DOS ÍNDIOS";117;11;"Prefeito";2097;7;0;0;7;1800;0;297;"N";1800;1626;1626;1626;0;0;0;0;0;0;0;0;0;59;115;115;0;0;"18:15:51";"02/10/2016"
"19/01/2026";"14:01:37";2016;2;"Eleição Ordinária";1;220;"Eleições Municipais 2016";"02/10/2016";"M";"SP";"62197";"BAURU";"62197";"BAURU";300;13;"Vereador";76798;224;2;0;226;59443;0;17355;"N";59443;48834;48834;44990;3844;3844;0;0;0;0;0;0;0;5079;5530;5530;0;0;"12:12:53";"01/12/2016"
"19/01/2026";"14:01:37";2016;2;"Eleição Ordinária";1;220;"Eleições Municipais 2016";"02/10/2016";"M";"SP";"71072";"SÃO PAULO";"71072";"SÃO PAULO";374;13;"Vereador";229580;738;11;0;749;180096;0;49484;"N";180096;138845;138845;112973;25872;25872;0;0;0;0;0;0;0;18036;23215;23215;0;0;"14:11:09";"26/06/2018"
"19/01/2026";"14:01:37";2016;2;"Eleição Ordinária";1;220;"Eleições Municipais 2016";"02/10/2016";"M";"SP";"72036";"TUPI PAULISTA";"72036";"TUPI PAULISTA";175;13;"Vereador";11275;41;0;0;41;8940;0;2335;"N";8940;8161;8161;7687;474;474;0;0;0;0;0;0;0;378;401;401;0;0;"17:55:49";"02/10/2016"
"19/01/2026";"14:01:37";2016;2;"Eleição Ordinária";1;220;"Eleições Municipais 2016";"02/10/2016";"M";"SP";"71072";"SÃO PAULO";"71072";"SÃO PAULO";260;13;"Vereador";181472;498;1;0;499;139635;0;41837;"N";139635;109730;109730;90521;19209;19209;0;0;0;0;0;0;0;12033;17872;17872;0;0;"14:11:09";"26/06/2018"
"19/01/2026";"14:01:37";2016;2;"Eleição Ordinária";1;220;"Eleições Municipais 2016";"02/10/2016";"M";"SP";"64416";"GETULINA";"64416";"GETULINA";160;13;"Vereador";8527;25;0;0;25;6517;0;2010;"N";6517;6254;6254;5858;396;396;0;0;0;0;0;0;0;114;149;149;0;0;"17:23:59";"28/10/2016"
"19/01/2026";"14:01:37";2016;2;"Eleição Ordinária";1;220;"Eleições Municipais 2016";"02/10/2016";"M";"SP";"70114";"SANDOVALINA";"70114";"SANDOVALINA";261;13;"Vereador";3810;12;0;0;12;3314;0;496;"N";3314;2933;2933;2776;157;157;0;0;0;0;0;0;0;22;359;359;0;0;"17:05:05";"14/12/2016"
"19/01/2026";"14:01:37";2016;2;"Eleição Ordinária";1;220;"Eleições Municipais 2016";"02/10/2016";"M";"SP";"71056";"SÃO MIGUEL ARCANJO";"71056";"SÃO MIGUEL ARCANJO";318;13;"Vereador";25053;76;7;0;83;19577;0;5476;"N";19577;18016;18016;16861;1155;1155;0;0;0;0;0;0;0;783;778;778;0;0;"18:35:48";"02/10/2016"
"19/01/2026";"14:01:37";2016;2;"Eleição Ordinária";1;220;"Eleições Municipais 2016";"02/10/2016";"M";"SP";"62979";"CAMPOS NOVOS PAULISTA";"62979";"CAMPOS NOVOS PAULISTA";83;13;"Vereador";3999;11;0;0;11;3525;0;474;"N";3525;3353;3353;3132;221;221;0;0;0;0;0;0;0;32;140;140;0;0;"17:11:36";"05/02/2018"
"19/01/2026";"14:01:37";2016;2;"Eleição Ordinária";1;220;"Eleições Municipais 2016";"02/10/2016";"M";"SP";"62553";"BRAÚNA";"62553";"BRAÚNA";289;13;"Vereador";4255;13;0;0;13;3721;0;534;"N";3721;3576;3576;3409;167;167;0;0;0;0;0;0;0;57;88;88;0;0;"18:52:17";"02/10/2016"
"19/01/2026";"14:01:37";2016;2;"Eleição Ordinária";1;220;"Eleições Municipais 2016";"02/10/2016";"M";"SP";"62359";"BOCAINA";"62359";"BOCAINA";241;13;"Vereador";8947;23;0;0;23;7171;0;1776;"N";7171;6326;6326;5944;382;382;0;0;0;0;0;0;0;335;510;510;0;0;"14:54:51";"28/10/2016"
"19/01/2026";"14:01:37";2016;2;"Eleição Ordinária";1;220;"Eleições Municipais 2016";"02/10/2016";"M";"SP";"69710";"RIVERSUL";"69710";"RIVERSUL";56;13;"Vereador";4805;16;0;0;16;3844;0;961;"N";3844;3662;3662;3394;268;268;0;0;0;0;0;0;0;83;99;99;0;0;"18:13:19";"02/10/2016"
"19/01/2026";"14:01:37";2016;2;"Eleição Ordinária";1;220;"Eleições Municipais 2016";"02/10/2016";"M";"SP";"61298";"ALVINLÂNDIA";"61298";"ALVINLÂNDIA";47;13;"Vereador";2899;9;1;0;10;2504;0;395;"N";2504;2358;2358;2254;104;104;0;0;0;0;0;0;0;37;109;109;0;0;"14:29:36";"12/12/2016"
"19/01/2026";"14:01:37";2016;2;"Eleição Ordinária";1;220;"Eleições Municipais 2016";"02/10/2016";"M";"SP";"70998";"SÃO JOSÉ DOS CAMPOS";"70998";"SÃO JOSÉ DOS CAMPOS";411;13;"Vereador";133038;350;5;0;355;107393;0;25645;"N";107393;95697;95697;88757;6940;6940;0;0;0;0;0;0;0;5384;6312;6312;0;0;"16:18:47";"25/11/2016"
"19/01/2026";"14:01:37";2016;2;"Eleição Ordinária";1;220;"Eleições Municipais 2016";"02/10/2016";"M";"SP";"65137";"INDIANA";"65137";"INDIANA";71;13;"Vereador";4442;14;0;0;14;3679;0;763;"N";3679;3478;3478;3286;192;192;0;0;0;0;0;0;0;92;109;109;0;0;"17:20:03";"02/10/2016"
"19/01/2026";"14:01:37";2016;2;"Eleição Ordinária";1;220;"Eleições Municipais 2016";"02/10/2016";"M";"SP";"69116";"PORANGABA";"69116";"PORANGABA";140;13;"Vereador";6680;18;1;0;19;5373;0;1307;"N";5373;5057;5057;4628;429;429;0;0;0;0;0;0;0;155;161;161;0;0;"20:23:45";"02/10/2016"
"19/01/2026";"14:01:37";2016;2;"Eleição Ordinária";1;220;"Eleições Municipais 2016";"02/10/2016";"M";"SP";"71072";"SÃO PAULO";"71072";"SÃO PAULO";3;13;"Vereador";80392;228;0;0;228;56124;0;24268;"N";56124;44783;44783;36561;8222;8222;0;0;0;0;0;0;0;5236;6105;6105;0;0;"14:11:09";"26/06/2018"
"19/01/2026";"14:01:37";2016;2;"Eleição Ordinária";1;220;"Eleições Municipais 2016";"02/10/2016";"M";"SP";"61310";"AMERICANA";"61310";"AMERICANA";158;13;"Vereador";79953;217;2;0;219;64245;0;15708;"N";64245;54346;54346;51374;2972;2972;0;0;0;0;0;0;0;4200;5699;5699;0;0;"19:01:44";"02/10/2016"
"19/01/2026";"14:01:37";2016;2;"Eleição Ordinária";1;220;"Eleições Municipais 2016";"02/10/2016";"M";"SP";"71498";"SUMARÉ";"71498";"SUMARÉ";230;13;"Vereador";70426;189;0;0;189;55661;0;14765;"N";55661;48454;48454;45458;2996;2996;0;0;0;0;0;0;0;3189;4018;4018;0;0;"13:23:41";"19/08/2019"
"19/01/2026";"14:01:37";2016;2;"Eleição Ordinária";1;220;"Eleições Municipais 2016";"02/10/2016";"M";"SP";"67890";"OSASCO";"67890";"OSASCO";213;13;"Vereador";26113;76;0;0;76;19163;0;6950;"N";19163;15238;15238;13669;1569;1569;0;0;0;0;0;0;0;1233;2692;2692;0;0;"21:36:44";"02/10/2016"
"19/01/2026";"14:01:37";2016;2;"Eleição Ordinária";1;220;"Eleições Municipais 2016";"02/10/2016";"M";"SP";"68756";"PIRACICABA";"68756";"PIRACICABA";270;13;"Vereador";141630;384;28;0;412;111495;0;30135;"N";111495;92448;92448;85974;6474;6474;0;0;0;0;0;0;0;8244;10803;10803;0;0;"15:15:11";"25/11/2016"
"19/01/2026";"14:01:37";2016;2;"Eleição Ordinária";1;220;"Eleições Municipais 2016";"02/10/2016";"M";"SP";"62081";"BREJO ALEGRE";"62081";"BREJO ALEGRE";25;13;"Vereador";2599;8;0;0;8;2296;0;303;"N";2296;2190;2190;2102;88;88;0;0;0;0;0;0;0;20;86;86;0;0;"19:11:48";"02/10/2016"
"19/01/2026";"14:01:37";2016;2;"Eleição Ordinária";1;220;"Eleições Municipais 2016";"02/10/2016";"M";"SP";"66176";"JÚLIO MESQUITA";"66176";"JÚLIO MESQUITA";31;13;"Vereador";3985;12;0;0;12;3432;0;553;"N";3432;3272;3272;3092;180;180;0;0;0;0;0;0;0;61;99;99;0;0;"18:31:18";"02/10/2016"
"19/01/2026";"14:01:37";2016;2;"Eleição Ordinária";1;220;"Eleições Municipais 2016";"02/10/2016";"M";"SP";"68250";"PARIQUERA-AÇU";"68250";"PARIQUERA-AÇU";228;13;"Vereador";15102;44;2;0;46;11404;0;3698;"N";11404;10596;10596;9944;652;652;0;0;0;0;0;0;0;417;391;391;0;0;"18:53:48";"02/10/2016"
"19/01/2026";"14:01:37";2016;2;"Eleição Ordinária";1;220;"Eleições Municipais 2016";"02/10/2016";"M";"SP";"63517";"COROADOS";"63517";"COROADOS";25;13;"Vereador";4181;12;0;0;12;3608;0;573;"N";3608;3012;3012;2795;217;217;0;0;0;0;0;0;0;60;536;536;0;0;"12:59:31";"30/06/2017"
"19/01/2026";"14:01:37";2016;1;"Eleição Extraordinária";1;306;"Suplementar Bariri";"03/06/2018";"M";"SP";"62030";"BARIRI";"62030";"BARIRI";19;11;"Prefeito";24415;66;0;0;66;17611;0;6804;"N";17611;15315;15315;15315;0;0;0;0;0;0;0;0;0;751;1545;1545;0;0;"17:45:16";"03/06/2018"
"19/01/2026";"14:01:37";2016;1;"Eleição Extraordinária";1;352;"Suplementar de Mongagua";"28/10/2018";"M";"SP";"67237";"MONGAGUÁ";"67237";"MONGAGUÁ";189;11;"Prefeito";44455;123;0;0;123;30819;0;13636;"N";30819;27223;0;0;0;0;0;27223;0;0;0;0;0;1177;2419;2419;0;0;"18:17:35";"28/10/2018"
"19/01/2026";"14:01:37";2016;2;"Eleição Ordinária";1;220;"Eleições Municipais 2016";"02/10/2016";"M";"SP";"63479";"CONCHAS";"63479";"CONCHAS";41;11;"Prefeito";13867;37;1;0;38;10683;0;3184;"N";10683;10108;10108;10108;0;0;0;0;0;0;0;0;0;153;422;422;0;0;"18:28:16";"02/10/2016"
"19/01/2026";"14:01:37";2016;2;"Eleição Ordinária";1;220;"Eleições Municipais 2016";"02/10/2016";"M";"SP";"70378";"SANTA ISABEL";"70378";"SANTA ISABEL";115;11;"Prefeito";40514;118;0;0;118;33085;0;7429;"N";33085;29118;29118;29118;0;0;0;0;0;0;0;0;0;1254;2713;2713;0;0;"15:39:25";"03/11/2016"
"19/01/2026";"14:01:37";2016;2;"Eleição Ordinária";1;220;"Eleições Municipais 2016";"02/10/2016";"M";"SP";"65536";"ITAPIRA";"65536";"ITAPIRA";54;11;"Prefeito";55837;149;0;0;149;44466;0;11371;"N";44466;38480;38480;38480;0;0;0;0;0;0;0;0;0;2260;3726;3726;0;0;"13:15:54";"28/10/2016"
"19/01/2026";"14:01:37";2016;2;"Eleição Ordinária";1;220;"Eleições Municipais 2016";"02/10/2016";"M";"SP";"67890";"OSASCO";"67890";"OSASCO";331;11;"Prefeito";120014;327;0;0;327;96009;0;24005;"N";96009;57300;57300;57300;0;0;0;0;0;0;0;0;0;7161;31548;31548;0;0;"11:28:37";"29/10/2016"
"19/01/2026";"14:01:37";2016;2;"Eleição Ordinária";1;220;"Eleições Municipais 2016";"02/10/2016";"M";"SP";"63053";"CAPÃO BONITO";"63053";"CAPÃO BONITO";37;11;"Prefeito";37068;111;0;0;111;28615;0;8453;"N";28615;26723;26723;26723;0;0;0;0;0;0;0;0;0;830;1062;1062;0;0;"19:25:59";"02/10/2016"
"19/01/2026";"14:01:37";2016;2;"Eleição Ordinária";1;220;"Eleições Municipais 2016";"02/10/2016";"M";"SP";"61301";"SUZANÁPOLIS";"61301";"SUZANÁPOLIS";88;11;"Prefeito";3021;8;1;0;9;2633;0;388;"N";2633;2510;2510;2510;0;0;0;0;0;0;0;0;0;27;96;96;0;0;"18:27:27";"02/10/2016"
"19/01/2026";"14:01:37";2016;2;"Eleição Ordinária";1;220;"Eleições Municipais 2016";"02/10/2016";"M";"SP";"68497";"PEREIRA BARRETO";"68497";"PEREIRA BARRETO";88;11;"Prefeito";20171;64;3;0;67;14892;0;5279;"N";14892;13633;13633;13633;0;0;0;0;0;0;0;0;0;496;763;763;0;0;"19:05:21";"02/10/2016"
"19/01/2026";"14:01:37";2016;2;"Eleição Ordinária";1;220;"Eleições Municipais 2016";"02/10/2016";"M";"SP";"70718";"SANTOS";"70718";"SANTOS";118;11;"Prefeito";112408;345;48;0;393;88103;0;24305;"N";88103;75607;75607;75607;0;0;0;0;0;0;0;0;0;3628;8868;8868;0;0;"12:11:48";"09/12/2016"
"19/01/2026";"14:01:37";2016;2;"Eleição Ordinária";1;220;"Eleições Municipais 2016";"02/10/2016";"M";"SP";"67679";"NOVA LUZITÂNIA";"67679";"NOVA LUZITÂNIA";162;11;"Prefeito";2945;8;0;0;8;2666;0;279;"N";2666;2575;2575;2575;0;0;0;0;0;0;0;0;0;15;76;76;0;0;"18:32:34";"02/10/2016"
"19/01/2026";"14:01:37";2016;2;"Eleição Ordinária";1;220;"Eleições Municipais 2016";"02/10/2016";"M";"SP";"61735";"ARIRANHA";"61735";"ARIRANHA";111;11;"Prefeito";7520;22;0;0;22;6461;0;1059;"N";6461;5975;5975;5975;0;0;0;0;0;0;0;0;0;124;362;362;0;0;"07:39:46";"23/12/2016"
"19/01/2026";"14:01:37";2016;2;"Eleição Ordinária";1;220;"Eleições Municipais 2016";"02/10/2016";"M";"SP";"70556";"SANTO ANASTÁCIO";"70556";"SANTO ANASTÁCIO";117;11;"Prefeito";17169;47;0;0;47;13005;0;4164;"N";13005;11646;11646;11646;0;0;0;0;0;0;0;0;0;444;915;915;0;0;"18:31:36";"02/10/2016"
"19/01/2026";"14:01:37";2016;2;"Eleição Ordinária";1;220;"Eleições Municipais 2016";"02/10/2016";"M";"SP";"70076";"SALTO DE PIRAPORA";"70076";"SALTO DE PIRAPORA";294;11;"Prefeito";29771;76;1;0;77;23743;0;6028;"N";23743;21093;21093;21093;0;0;0;0;0;0;0;0;0;1128;1522;1522;0;0;"15:11:40";"10/12/2016"
"19/01/2026";"14:01:37";2016;2;"Eleição Ordinária";1;220;"Eleições Municipais 2016";"02/10/2016";"M";"SP";"66419";"LINDÓIA";"66419";"LINDÓIA";134;11;"Prefeito";5658;16;1;0;17;4793;0;865;"N";4793;4523;4523;4523;0;0;0;0;0;0;0;0;0;76;194;194;0;0;"18:27:35";"02/10/2016"
"19/01/2026";"14:01:37";2016;2;"Eleição Ordinária";1;220;"Eleições Municipais 2016";"02/10/2016";"M";"SP";"68934";"PLANALTO";"68934";"PLANALTO";214;11;"Prefeito";4271;12;0;0;12;3752;0;519;"N";3752;3613;3613;3613;0;0;0;0;0;0;0;0;0;32;107;107;0;0;"18:32:56";"02/10/2016"
"19/01/2026";"14:01:37";2016;2;"Eleição Ordinária";1;220;"Eleições Municipais 2016";"02/10/2016";"M";"SP";"62235";"BENTO DE ABREU";"62235";"BENTO DE ABREU";146;11;"Prefeito";2234;7;0;0;7;1963;0;271;"N";1963;1879;1879;1879;0;0;0;0;0;0;0;0;0;20;64;64;0;0;"17:45:34";"02/10/2016"
"19/01/2026";"14:01:37";2016;2;"Eleição Ordinária";1;220;"Eleições Municipais 2016";"02/10/2016";"M";"SP";"70858";"SÃO JOÃO DAS DUAS PONTES";"70858";"SÃO JOÃO DAS DUAS PONTES";233;11;"Prefeito";2511;7;0;0;7;2245;0;266;"N";2245;2090;2090;2090;0;0;0;0;0;0;0;0;0;59;96;96;0;0;"17:58:26";"02/10/2016"
"19/01/2026";"14:01:37";2016;2;"Eleição Ordinária";1;220;"Eleições Municipais 2016";"02/10/2016";"M";"SP";"68314";"PAULÍNIA";"68314";"PAULÍNIA";323;13;"Vereador";69520;183;8;0;191;58939;0;10581;"N";58939;53968;53968;51460;2508;2508;0;0;0;0;0;0;0;1947;3024;3024;0;0;"14:22:46";"12/01/2017"
"19/01/2026";"14:01:37";2016;2;"Eleição Ordinária";1;220;"Eleições Municipais 2016";"02/10/2016";"M";"SP";"63690";"CRUZEIRO";"63690";"CRUZEIRO";42;13;"Vereador";59535;166;1;0;167;46745;0;12790;"N";46745;41116;41116;38752;2364;2364;0;0;0;0;0;0;0;2060;3569;3569;0;0;"16:58:25";"13/11/2016"
"19/01/2026";"14:01:37";2016;2;"Eleição Ordinária";1;220;"Eleições Municipais 2016";"02/10/2016";"M";"SP";"61336";"AMÉRICO BRASILIENSE";"61336";"AMÉRICO BRASILIENSE";239;13;"Vereador";27126;79;0;0;79;21902;0;5224;"N";21902;19537;19537;18538;999;999;0;0;0;0;0;0;0;975;1390;1390;0;0;"18:52:17";"02/10/2016"
"19/01/2026";"14:01:37";2016;2;"Eleição Ordinária";1;220;"Eleições Municipais 2016";"02/10/2016";"M";"SP";"62014";"BARÃO DE ANTONINA";"62014";"BARÃO DE ANTONINA";56;13;"Vereador";2664;9;0;0;9;2269;0;395;"N";2269;2173;2173;2033;140;140;0;0;0;0;0;0;0;30;66;66;0;0;"17:56:11";"02/10/2016"
"19/01/2026";"14:01:37";2016;2;"Eleição Ordinária";1;220;"Eleições Municipais 2016";"02/10/2016";"M";"SP";"64513";"GUAPIAÇU";"64513";"GUAPIAÇU";126;13;"Vereador";14139;38;0;0;38;11653;0;2486;"N";11653;10718;10718;10070;648;648;0;0;0;0;0;0;0;419;516;516;0;0;"18:15:57";"02/10/2016"
"19/01/2026";"14:01:37";2016;2;"Eleição Ordinária";1;220;"Eleições Municipais 2016";"02/10/2016";"M";"SP";"65633";"ITAQUAQUECETUBA";"65633";"ITAQUAQUECETUBA";377;13;"Vereador";108584;292;1;0;293;87674;0;20910;"N";87674;77250;77250;71521;5729;5729;0;0;0;0;0;0;0;4984;5440;5440;0;0;"18:46:59";"28/10/2016"
"19/01/2026";"14:01:37";2016;2;"Eleição Ordinária";1;220;"Eleições Municipais 2016";"02/10/2016";"M";"SP";"64777";"GUARULHOS";"64777";"GUARULHOS";395;13;"Vereador";87481;241;0;0;241;71966;0;15515;"N";71966;60534;60534;55858;4676;4676;0;0;0;0;0;0;0;4190;7242;7242;0;0;"18:30:53";"18/12/2020"
"19/01/2026";"14:01:37";2016;2;"Eleição Ordinária";1;220;"Eleições Municipais 2016";"02/10/2016";"M";"SP";"71072";"SÃO PAULO";"71072";"SÃO PAULO";254;13;"Vereador";158403;462;1;0;463;119963;0;38440;"N";119963;94905;94905;78919;15986;15986;0;0;0;0;0;0;0;10350;14708;14708;0;0;"14:11:09";"26/06/2018"
"19/01/2026";"14:01:37";2016;2;"Eleição Ordinária";1;220;"Eleições Municipais 2016";"02/10/2016";"M";"SP";"61654";"ARARAS";"61654";"ARARAS";14;13;"Vereador";95980;256;8;0;264;77902;0;18078;"N";77902;67615;67615;62713;4902;4902;0;0;0;0;0;0;0;5014;5273;5273;0;0;"14:15:32";"06/06/2018"
"19/01/2026";"14:01:37";2016;2;"Eleição Ordinária";1;220;"Eleições Municipais 2016";"02/10/2016";"M";"SP";"66958";"MIGUELÓPOLIS";"66958";"MIGUELÓPOLIS";208;13;"Vereador";17268;47;4;0;51;13649;0;3619;"N";13649;12290;12290;11569;721;721;0;0;0;0;0;0;0;259;1100;1100;0;0;"17:55:44";"02/10/2016"
"19/01/2026";"14:01:37";2016;2;"Eleição Ordinária";1;220;"Eleições Municipais 2016";"02/10/2016";"M";"SP";"66877";"MATÃO";"66877";"MATÃO";170;13;"Vereador";63012;184;0;0;184;50864;0;12148;"N";50864;44397;44397;39748;4649;4649;0;0;0;0;0;0;0;3009;3458;3458;0;0;"15:18:00";"21/03/2018"
"19/01/2026";"14:01:37";2016;2;"Eleição Ordinária";1;220;"Eleições Municipais 2016";"02/10/2016";"M";"SP";"69230";"PRESIDENTE ALVES";"69230";"PRESIDENTE ALVES";95;13;"Vereador";3642;10;0;0;10;3154;0;488;"N";3154;3047;3047;2891;156;156;0;0;0;0;0;0;0;30;77;77;0;0;"17:18:40";"01/11/2016"
"19/01/2026";"14:01:37";2016;2;"Eleição Ordinária";1;220;"Eleições Municipais 2016";"02/10/2016";"M";"SP";"67954";"OURINHOS";"67954";"OURINHOS";82;13;"Vereador";77851;218;20;0;238;60266;0;17585;"N";60266;54955;54955;51389;3566;3566;0;0;0;0;0;0;0;2665;2646;2646;0;0;"13:57:45";"18/11/2016"
"19/01/2026";"14:01:37";2016;2;"Eleição Ordinária";1;220;"Eleições Municipais 2016";"02/10/2016";"M";"SP";"70750";"SÃO BERNARDO DO CAMPO";"70750";"SÃO BERNARDO DO CAMPO";414;13;"Vereador";81983;239;5;0;244;64616;0;17367;"N";64616;52970;52970;48046;4924;4924;0;0;0;0;0;0;0;3977;7669;7669;0;0;"14:02:48";"14/12/2016"
"19/01/2026";"14:01:37";2016;2;"Eleição Ordinária";1;220;"Eleições Municipais 2016";"02/10/2016";"M";"SP";"71293";"SERRA AZUL";"71293";"SERRA AZUL";193;13;"Vereador";7275;19;2;0;21;6044;0;1231;"N";6044;5517;5517;5211;306;306;0;0;0;0;0;0;0;114;413;413;0;0;"18:43:52";"02/10/2016"
"19/01/2026";"14:01:37";2016;2;"Eleição Ordinária";1;220;"Eleições Municipais 2016";"02/10/2016";"M";"SP";"62251";"BERNARDINO DE CAMPOS";"62251";"BERNARDINO DE CAMPOS";114;13;"Vereador";8627;23;0;0;23;6890;0;1737;"N";6890;6345;6345;6005;340;340;0;0;0;0;0;0;0;236;309;309;0;0;"13:45:15";"27/10/2016"
"19/01/2026";"14:01:37";2016;2;"Eleição Ordinária";1;220;"Eleições Municipais 2016";"02/10/2016";"M";"SP";"61700";"RIBEIRÃO GRANDE";"61700";"RIBEIRÃO GRANDE";37;13;"Vereador";6893;22;1;0;23;5614;0;1279;"N";5614;5231;5231;4947;284;284;0;0;0;0;0;0;0;189;194;194;0;0;"19:45:00";"02/10/2016"
"19/01/2026";"14:01:37";2016;2;"Eleição Ordinária";1;220;"Eleições Municipais 2016";"02/10/2016";"M";"SP";"70092";"SALTO GRANDE";"70092";"SALTO GRANDE";313;13;"Vereador";7117;19;0;0;19;5618;0;1499;"N";5618;5215;5215;4850;365;365;0;0;0;0;0;0;0;165;238;238;0;0;"18:41:28";"02/10/2016"
"19/01/2026";"14:01:37";2016;2;"Eleição Ordinária";1;220;"Eleições Municipais 2016";"02/10/2016";"M";"SP";"61905";"SÃO LOURENÇO DA SERRA";"61905";"SÃO LOURENÇO DA SERRA";201;13;"Vereador";12080;34;1;0;35;10086;0;1994;"N";10086;9423;9423;8844;579;579;0;0;0;0;0;0;0;273;390;390;0;0;"18:43:33";"02/10/2016"
"19/01/2026";"14:01:37";2016;2;"Eleição Ordinária";1;220;"Eleições Municipais 2016";"02/10/2016";"M";"SP";"61263";"ARAÇARIGUAMA";"61263";"ARAÇARIGUAMA";131;13;"Vereador";15515;43;0;0;43;12756;0;2759;"N";12756;12194;12194;11528;666;666;0;0;0;0;0;0;0;246;316;316;0;0;"17:12:35";"16/12/2016"
"19/01/2026";"14:01:37";2016;2;"Eleição Ordinária";1;220;"Eleições Municipais 2016";"02/10/2016";"M";"SP";"72737";"VARGEM GRANDE PAULISTA";"72737";"VARGEM GRANDE PAULISTA";286;13;"Vereador";36121;108;2;0;110;29965;0;6156;"N";29965;26947;26947;25291;1656;1656;0;0;0;0;0;0;0;1406;1612;1612;0;0;"20:36:25";"02/10/2016"
"19/01/2026";"14:01:37";2016;2;"Eleição Ordinária";1;220;"Eleições Municipais 2016";"02/10/2016";"M";"SP";"68055";"PALMEIRA D OESTE";"68055";"PALMEIRA D OESTE";232;13;"Vereador";8039;22;0;0;22;6517;0;1522;"N";6517;6210;6210;5813;397;397;0;0;0;0;0;0;0;170;137;137;0;0;"17:56:28";"02/10/2016"
"19/01/2026";"14:01:37";2016;2;"Eleição Ordinária";1;220;"Eleições Municipais 2016";"02/10/2016";"M";"SP";"62030";"BARIRI";"62030";"BARIRI";19;13;"Vereador";24662;65;0;0;65;18647;0;6015;"N";18647;16643;16643;15385;1258;1258;0;0;0;0;0;0;0;959;1045;1045;0;0;"18:52:02";"28/10/2016"
"19/01/2026";"14:01:37";2016;2;"Eleição Ordinária";1;220;"Eleições Municipais 2016";"02/10/2016";"M";"SP";"65412";"ITAJU";"65412";"ITAJU";19;13;"Vereador";3264;9;0;0;9;2624;0;640;"N";2624;2483;2483;2378;105;105;0;0;0;0;0;0;0;35;106;106;0;0;"18:04:19";"02/10/2016"
"19/01/2026";"14:01:37";2016;2;"Eleição Ordinária";1;220;"Eleições Municipais 2016";"02/10/2016";"M";"SP";"71650";"TAIÚVA";"71650";"TAIÚVA";61;13;"Vereador";4860;13;1;0;14;3953;0;907;"N";3953;3780;3780;3532;248;248;0;0;0;0;0;0;0;91;82;82;0;0;"19:14:14";"02/10/2016"
"19/01/2026";"14:01:37";2016;2;"Eleição Ordinária";1;220;"Eleições Municipais 2016";"02/10/2016";"M";"SP";"62758";"CACONDE";"62758";"CACONDE";30;13;"Vereador";14701;38;2;0;40;11515;0;3186;"N";11515;10736;10736;9990;746;746;0;0;0;0;0;0;0;337;442;442;0;0;"17:44:45";"01/11/2016"
"19/01/2026";"14:01:37";2016;2;"Eleição Ordinária";1;220;"Eleições Municipais 2016";"02/10/2016";"M";"SP";"63193";"CÁSSIA DOS COQUEIROS";"63193";"CÁSSIA DOS COQUEIROS";32;13;"Vereador";3047;9;1;0;10;2588;0;459;"N";2588;2436;2436;2308;128;128;0;0;0;0;0;0;0;35;117;117;0;0;"14:12:31";"24/10/2016"
"19/01/2026";"14:01:37";2016;2;"Eleição Ordinária";1;220;"Eleições Municipais 2016";"02/10/2016";"M";"SP";"62405";"PAULISTÂNIA";"62405";"PAULISTÂNIA";7;13;"Vereador";1881;5;0;0;5;1652;0;229;"N";1652;1589;1589;1503;86;86;0;0;0;0;0;0;0;14;49;49;0;0;"18:48:05";"02/10/2016"
"19/01/2026";"14:01:37";2016;2;"Eleição Ordinária";1;220;"Eleições Municipais 2016";"02/10/2016";"M";"SP";"63037";"CÂNDIDO RODRIGUES";"63037";"CÂNDIDO RODRIGUES";139;13;"Vereador";2605;8;0;0;8;2327;0;278;"N";2327;2228;2228;2101;127;127;0;0;0;0;0;0;0;36;63;63;0;0;"15:26:36";"30/12/2016"
"19/01/2026";"14:01:37";2016;2;"Eleição Ordinária";1;220;"Eleições Municipais 2016";"02/10/2016";"M";"SP";"65471";"ITAPETININGA";"65471";"ITAPETININGA";52;11;"Prefeito";107007;311;10;0;321;83693;0;23314;"N";83693;73618;73618;73618;0;0;0;0;0;0;0;0;0;3129;6946;6946;0;0;"14:21:25";"10/04/2017"
"19/01/2026";"14:01:37";2016;2;"Eleição Ordinária";1;220;"Eleições Municipais 2016";"02/10/2016";"M";"SP";"70394";"SANTA LÚCIA";"70394";"SANTA LÚCIA";239;11;"Prefeito";8074;26;0;0;26;6618;0;1456;"N";6618;5862;5862;5862;0;0;0;0;0;0;0;0;0;234;522;522;0;0;"19:01:45";"02/10/2016"
"19/01/2026";"14:01:37";2016;2;"Eleição Ordinária";1;220;"Eleições Municipais 2016";"02/10/2016";"M";"SP";"72133";"UCHOA";"72133";"UCHOA";126;11;"Prefeito";8119;20;0;0;20;6885;0;1234;"N";6885;6528;6528;6528;0;0;0;0;0;0;0;0;0;101;256;256;0;0;"18:44:27";"02/10/2016"
"19/01/2026";"14:01:37";2016;2;"Eleição Ordinária";1;220;"Eleições Municipais 2016";"02/10/2016";"M";"SP";"71072";"SÃO PAULO";"71072";"SÃO PAULO";259;11;"Prefeito";151207;419;14;0;433;115441;0;35766;"N";115441;103946;103946;103946;0;0;0;0;0;0;0;0;0;3054;8441;8441;0;0;"14:11:09";"26/06/2018"
"19/01/2026";"14:01:37";2016;2;"Eleição Ordinária";1;220;"Eleições Municipais 2016";"02/10/2016";"M";"SP";"71013";"SÃO LUÍS DO PARAITINGA";"71013";"SÃO LUÍS DO PARAITINGA";128;11;"Prefeito";10305;30;0;0;30;8726;0;1579;"N";8726;7736;7736;7736;0;0;0;0;0;0;0;0;0;156;834;834;0;0;"18:15:48";"02/10/2016"
"19/01/2026";"14:01:37";2016;2;"Eleição Ordinária";1;220;"Eleições Municipais 2016";"02/10/2016";"M";"SP";"68993";"POLONI";"68993";"POLONI";77;11;"Prefeito";4581;14;0;0;14;3822;0;759;"N";3822;3565;3565;3565;0;0;0;0;0;0;0;0;0;69;188;188;0;0;"18:32:34";"02/10/2016"
"19/01/2026";"14:01:37";2016;2;"Eleição Ordinária";1;220;"Eleições Municipais 2016";"02/10/2016";"M";"SP";"63975";"ELDORADO";"63975";"ELDORADO";148;11;"Prefeito";11910;44;0;0;44;8910;0;3000;"N";8910;8451;8451;8451;0;0;0;0;0;0;0;0;0;140;319;319;0;0;"18:53:23";"02/10/2016"
"19/01/2026";"14:01:37";2016;2;"Eleição Ordinária";1;220;"Eleições Municipais 2016";"02/10/2016";"M";"SP";"64750";"GUARUJÁ";"64750";"GUARUJÁ";212;11;"Prefeito";120473;336;9;0;345;96484;0;23989;"N";96484;81794;81794;81794;0;0;0;0;0;0;0;0;0;5514;9176;9176;0;0;"20:09:29";"02/10/2016"
"19/01/2026";"14:01:37";2016;2;"Eleição Ordinária";1;220;"Eleições Municipais 2016";"02/10/2016";"M";"SP";"71510";"SUZANO";"71510";"SUZANO";415;11;"Prefeito";98607;288;3;0;291;79943;0;18664;"N";79943;64527;64527;64527;0;0;0;0;0;0;0;0;0;6085;9331;9331;0;0;"10:12:45";"20/10/2016"
"19/01/2026";"14:01:37";2016;2;"Eleição Ordinária";1;220;"Eleições Municipais 2016";"02/10/2016";"M";"SP";"66478";"LOUVEIRA";"66478";"LOUVEIRA";345;11;"Prefeito";31037;95;3;0;98;27642;0;3395;"N";27642;25421;25421;25421;0;0;0;0;0;0;0;0;0;730;1491;1491;0;0;"14:49:46";"18/11/2016"
"19/01/2026";"14:01:37";2016;2;"Eleição Ordinária";1;220;"Eleições Municipais 2016";"02/10/2016";"M";"SP";"63452";"CONCHAL";"63452";"CONCHAL";75;11;"Prefeito";20373;55;0;0;55;17053;0;3320;"N";17053;15516;15516;15516;0;0;0;0;0;0;0;0;0;595;942;942;0;0;"19:55:35";"02/10/2016"
"19/01/2026";"14:01:37";2016;2;"Eleição Ordinária";1;220;"Eleições Municipais 2016";"02/10/2016";"M";"SP";"62103";"CANAS";"62103";"CANAS";68;11;"Prefeito";3904;11;0;0;11;3359;0;545;"N";3359;3206;3206;3206;0;0;0;0;0;0;0;0;0;52;101;101;0;0;"18:28:26";"02/10/2016"
"19/01/2026";"14:01:37";2016;2;"Eleição Ordinária";1;220;"Eleições Municipais 2016";"02/10/2016";"M";"SP";"68772";"PIRAJU";"68772";"PIRAJU";94;11;"Prefeito";23418;64;0;0;64;17660;0;5758;"N";17660;15548;15548;15548;0;0;0;0;0;0;0;0;0;722;1390;1390;0;0;"18:15:54";"02/10/2016"
"19/01/2026";"14:01:37";2016;2;"Eleição Ordinária";1;220;"Eleições Municipais 2016";"02/10/2016";"M";"SP";"63533";"CORONEL MACEDO";"63533";"CORONEL MACEDO";236;11;"Prefeito";4447;14;0;0;14;3852;0;595;"N";3852;3618;3618;3618;0;0;0;0;0;0;0;0;0;75;159;159;0;0;"18:27:24";"02/10/2016"
"19/01/2026";"14:01:37";2016;2;"Eleição Ordinária";1;220;"Eleições Municipais 2016";"02/10/2016";"M";"SP";"70416";"SANTA MARIA DA SERRA";"70416";"SANTA MARIA DA SERRA";130;11;"Prefeito";4181;12;0;0;12;3677;0;504;"N";3677;3479;3479;3479;0;0;0;0;0;0;0;0;0;47;151;151;0;0;"18:50:32";"02/10/2016"
"19/01/2026";"14:01:37";2016;2;"Eleição Ordinária";1;220;"Eleições Municipais 2016";"02/10/2016";"M";"SP";"66818";"MARÍLIA";"66818";"MARÍLIA";400;11;"Prefeito";89373;251;2;0;253;68947;0;20426;"N";68947;59039;59039;59039;0;0;0;0;0;0;0;0;0;3233;6675;6675;0;0;"19:38:36";"02/10/2016"
"19/01/2026";"14:01:37";2016;2;"Eleição Ordinária";1;220;"Eleições Municipais 2016";"02/10/2016";"M";"SP";"71072";"SÃO PAULO";"71072";"SÃO PAULO";327;11;"Prefeito";118792;332;4;0;336;92624;0;26168;"N";92624;77201;77201;77201;0;0;0;0;0;0;0;0;0;4497;10926;10926;0;0;"14:11:09";"26/06/2018"
"19/01/2026";"14:01:37";2016;2;"Eleição Ordinária";1;220;"Eleições Municipais 2016";"02/10/2016";"M";"SP";"69698";"RIBEIRÃO PRETO";"69698";"RIBEIRÃO PRETO";305;11;"Prefeito";87622;249;1;0;250;65968;0;21654;"N";65968;52839;52839;52839;0;0;0;0;0;0;0;0;0;3165;9964;9964;0;0;"20:23:57";"02/10/2016"
"19/01/2026";"14:01:37";2016;2;"Eleição Ordinária";1;220;"Eleições Municipais 2016";"02/10/2016";"M";"SP";"62340";"NANTES";"62340";"NANTES";106;11;"Prefeito";2450;7;0;0;7;2225;0;225;"N";2225;2152;2152;2152;0;0;0;0;0;0;0;0;0;18;55;55;0;0;"18:28:30";"02/10/2016"
"19/01/2026";"14:01:37";2016;2;"Eleição Ordinária";1;220;"Eleições Municipais 2016";"02/10/2016";"M";"SP";"64190";"FLOREAL";"64190";"FLOREAL";162;11;"Prefeito";2862;8;0;0;8;2507;0;355;"N";2507;2397;895;895;0;0;0;1502;0;0;0;0;0;42;68;68;0;0;"17:48:54";"29/04/2019"
"19/01/2026";"14:01:37";2016;2;"Eleição Ordinária";1;220;"Eleições Municipais 2016";"02/10/2016";"M";"SP";"62260";"TAQUARAL";"62260";"TAQUARAL";98;11;"Prefeito";2383;6;1;0;7;2078;0;305;"N";2078;1974;1974;1974;0;0;0;0;0;0;0;0;0;43;61;61;0;0;"18:30:31";"02/10/2016"
"19/01/2026";"14:01:37";2016;2;"Eleição Ordinária";1;220;"Eleições Municipais 2016";"02/10/2016";"M";"SP";"70750";"SÃO BERNARDO DO CAMPO";"70750";"SÃO BERNARDO DO CAMPO";296;11;"Prefeito";104363;283;1;0;284;84993;0;19370;"N";84993;64715;64715;64715;0;0;0;0;0;0;0;0;0;5646;14632;14632;0;0;"14:02:48";"14/12/2016"
"19/01/2026";"14:01:37";2016;2;"Eleição Ordinária";1;220;"Eleições Municipais 2016";"02/10/2016";"M";"SP";"63894";"DRACENA";"63894";"DRACENA";149;11;"Prefeito";34336;97;0;0;97;26579;0;7757;"N";26579;22904;22904;22904;0;0;0;0;0;0;0;0;0;1372;2303;2303;0;0;"18:32:14";"02/10/2016"
"19/01/2026";"14:01:37";2016;2;"Eleição Ordinária";1;220;"Eleições Municipais 2016";"02/10/2016";"M";"SP";"61964";"MESÓPOLIS";"61964";"MESÓPOLIS";152;11;"Prefeito";1839;6;0;0;6;1616;0;223;"N";1616;1562;1562;1562;0;0;0;0;0;0;0;0;0;15;39;39;0;0;"18:39:35";"02/10/2016"
"19/01/2026";"14:01:37";2016;2;"Eleição Ordinária";1;220;"Eleições Municipais 2016";"02/10/2016";"M";"SP";"70718";"SANTOS";"70718";"SANTOS";273;11;"Prefeito";116704;299;0;0;299;87575;0;29129;"N";87575;75338;75338;75338;0;0;0;0;0;0;0;0;0;3174;9063;9063;0;0;"12:11:48";"09/12/2016"
"19/01/2026";"14:01:37";2016;2;"Eleição Ordinária";1;220;"Eleições Municipais 2016";"02/10/2016";"M";"SP";"67890";"OSASCO";"67890";"OSASCO";315;11;"Prefeito";123251;332;6;0;338;96595;0;26656;"N";96595;61960;61960;61960;0;0;0;0;0;0;0;0;0;7419;27216;27216;0;0;"11:28:37";"29/10/2016"
"19/01/2026";"14:01:37";2016;2;"Eleição Ordinária";1;220;"Eleições Municipais 2016";"02/10/2016";"M";"SP";"65390";"ITAJOBI";"65390";"ITAJOBI";79;11;"Prefeito";12557;36;2;0;38;10321;0;2236;"N";10321;9596;9596;9596;0;0;0;0;0;0;0;0;0;200;525;525;0;0;"13:11:42";"16/12/2016"
"19/01/2026";"14:01:37";2016;2;"Eleição Ordinária";1;220;"Eleições Municipais 2016";"02/10/2016";"M";"SP";"71072";"SÃO PAULO";"71072";"SÃO PAULO";398;11;"Prefeito";99872;301;0;0;301;80864;0;19008;"N";80864;64348;64348;64348;0;0;0;0;0;0;0;0;0;5452;11064;11064;0;0;"14:11:09";"26/06/2018"
"19/01/2026";"14:01:37";2016;2;"Eleição Ordinária";1;220;"Eleições Municipais 2016";"02/10/2016";"M";"SP";"65072";"IGUAPE";"65072";"IGUAPE";51;13;"Vereador";23107;72;2;0;74;16767;0;6340;"N";16767;15653;15653;14692;961;961;0;0;0;0;0;0;0;460;654;654;0;0;"19:45:22";"02/10/2016"
"19/01/2026";"14:01:37";2016;2;"Eleição Ordinária";1;220;"Eleições Municipais 2016";"02/10/2016";"M";"SP";"61581";"ALAMBARI";"61581";"ALAMBARI";52;13;"Vereador";4612;15;0;0;15;4000;0;612;"N";4000;3820;3820;3619;201;201;0;0;0;0;0;0;0;64;116;116;0;0;"20:09:36";"02/10/2016"
"19/01/2026";"14:01:37";2016;2;"Eleição Ordinária";1;220;"Eleições Municipais 2016";"02/10/2016";"M";"SP";"71072";"SÃO PAULO";"71072";"SÃO PAULO";253;13;"Vereador";219061;666;0;0;666;171495;0;47566;"N";171495;135419;135419;111460;23959;23959;0;0;0;0;0;0;0;13132;22944;22944;0;0;"14:11:09";"26/06/2018"
"19/01/2026";"14:01:37";2016;2;"Eleição Ordinária";1;220;"Eleições Municipais 2016";"02/10/2016";"M";"SP";"71455";"SOROCABA";"71455";"SOROCABA";343;13;"Vereador";73416;231;2;0;233;59307;0;14109;"N";59307;48084;48084;43535;4549;4549;0;0;0;0;0;0;0;4068;7155;7155;0;0;"14:54:33";"20/01/2017"
"19/01/2026";"14:01:37";2016;2;"Eleição Ordinária";1;220;"Eleições Municipais 2016";"02/10/2016";"M";"SP";"64394";"GENERAL SALGADO";"64394";"GENERAL SALGADO";168;13;"Vereador";8999;26;0;0;26;7625;0;1374;"N";7625;7388;7388;6938;450;450;0;0;0;0;0;0;0;110;127;127;0;0;"17:48:07";"02/10/2016"
"19/01/2026";"14:01:37";2016;2;"Eleição Ordinária";1;220;"Eleições Municipais 2016";"02/10/2016";"M";"SP";"71072";"SÃO PAULO";"71072";"SÃO PAULO";326;13;"Vereador";110042;307;0;0;307;87382;0;22660;"N";87382;66410;66410;56219;10191;10191;0;0;0;0;0;0;0;8838;12134;12134;0;0;"14:11:09";"26/06/2018"
"19/01/2026";"14:01:37";2016;2;"Eleição Ordinária";1;220;"Eleições Municipais 2016";"02/10/2016";"M";"SP";"66915";"MENDONÇA";"66915";"MENDONÇA";64;13;"Vereador";4410;12;0;0;12;3731;0;679;"N";3731;3560;3560;3360;200;200;0;0;0;0;0;0;0;72;99;99;0;0;"18:17:12";"02/10/2016"
"19/01/2026";"14:01:37";2016;2;"Eleição Ordinária";1;220;"Eleições Municipais 2016";"02/10/2016";"M";"SP";"71072";"SÃO PAULO";"71072";"SÃO PAULO";259;13;"Vereador";151207;419;14;0;433;115441;0;35766;"N";115441;95677;95677;77846;17831;17831;0;0;0;0;0;0;0;7714;12050;12050;0;0;"14:11:09";"26/06/2018"
"19/01/2026";"14:01:37";2016;2;"Eleição Ordinária";1;220;"Eleições Municipais 2016";"02/10/2016";"M";"SP";"69850";"RIOLÂNDIA";"69850";"RIOLÂNDIA";164;13;"Vereador";7407;21;0;0;21;6032;0;1375;"N";6032;5731;5731;5414;317;317;0;0;0;0;0;0;0;68;233;233;0;0;"14:48:32";"16/03/2017"
"19/01/2026";"14:01:37";2016;2;"Eleição Ordinária";1;220;"Eleições Municipais 2016";"02/10/2016";"M";"SP";"61085";"IARAS";"61085";"IARAS";205;13;"Vereador";4401;19;0;0;19;3415;0;986;"N";3415;3285;3285;3029;256;256;0;0;0;0;0;0;0;51;79;79;0;0;"18:38:37";"14/11/2016"
"19/01/2026";"14:01:37";2016;2;"Eleição Ordinária";1;220;"Eleições Municipais 2016";"02/10/2016";"M";"SP";"68357";"PEDERNEIRAS";"68357";"PEDERNEIRAS";86;13;"Vereador";32441;94;3;0;97;25721;0;6720;"N";25721;23332;23332;21795;1537;1537;0;0;0;0;0;0;0;1146;1243;1243;0;0;"17:50:30";"01/11/2016"
"19/01/2026";"14:01:37";2016;2;"Eleição Ordinária";1;220;"Eleições Municipais 2016";"02/10/2016";"M";"SP";"62316";"BIRITIBA MIRIM";"62316";"BIRITIBA MIRIM";319;13;"Vereador";23615;65;3;0;68;19627;0;3988;"N";19627;18269;18269;17200;1069;1069;0;0;0;0;0;0;0;682;676;676;0;0;"13:36:31";"14/12/2016"
"19/01/2026";"14:01:37";2016;2;"Eleição Ordinária";1;220;"Eleições Municipais 2016";"02/10/2016";"M";"SP";"70998";"SÃO JOSÉ DOS CAMPOS";"70998";"SÃO JOSÉ DOS CAMPOS";412;13;"Vereador";159760;425;2;0;427;130667;0;29093;"N";130667;112036;112036;102772;9264;9264;0;0;0;0;0;0;0;7454;11177;11177;0;0;"16:18:47";"25/11/2016"
"19/01/2026";"14:01:37";2016;2;"Eleição Ordinária";1;220;"Eleições Municipais 2016";"02/10/2016";"M";"SP";"70793";"SÃO CARLOS";"70793";"SÃO CARLOS";410;13;"Vereador";80988;223;1;0;224;64798;0;16190;"N";64798;55047;55047;50811;4236;4236;0;0;0;0;0;0;0;4313;5438;5438;0;0;"19:16:31";"02/10/2016"
"19/01/2026";"14:01:37";2016;2;"Eleição Ordinária";1;220;"Eleições Municipais 2016";"02/10/2016";"M";"SP";"71633";"TAIAÇU";"71633";"TAIAÇU";61;13;"Vereador";5019;13;0;0;13;4243;0;776;"N";4243;4079;4079;3791;288;288;0;0;0;0;0;0;0;89;75;75;0;0;"19:01:42";"02/10/2016"
"19/01/2026";"14:01:37";2016;2;"Eleição Ordinária";1;220;"Eleições Municipais 2016";"02/10/2016";"M";"SP";"63770";"DIADEMA";"63770";"DIADEMA";426;13;"Vereador";83785;219;1;0;220;67504;0;16281;"N";67504;56301;56301;51950;4351;4351;0;0;0;0;0;0;0;4892;6311;6311;0;0;"15:40:28";"04/11/2016"
"19/01/2026";"14:01:37";2016;2;"Eleição Ordinária";1;220;"Eleições Municipais 2016";"02/10/2016";"M";"SP";"67237";"MONGAGUÁ";"67237";"MONGAGUÁ";189;13;"Vereador";43123;114;2;0;116;31563;0;11560;"N";31563;28510;28510;26731;1779;1779;0;0;0;0;0;0;0;953;2100;2100;0;0;"12:20:30";"21/11/2016"
"19/01/2026";"14:01:37";2016;2;"Eleição Ordinária";1;220;"Eleições Municipais 2016";"02/10/2016";"M";"SP";"63797";"DIVINOLÂNDIA";"63797";"DIVINOLÂNDIA";366;13;"Vereador";10123;29;0;0;29;8480;0;1643;"N";8480;7849;7849;7138;711;711;0;0;0;0;0;0;0;327;304;304;0;0;"18:08:04";"02/10/2016"
"19/01/2026";"14:01:37";2016;2;"Eleição Ordinária";1;220;"Eleições Municipais 2016";"02/10/2016";"M";"SP";"62049";"TORRE DE PEDRA";"62049";"TORRE DE PEDRA";140;13;"Vereador";2724;8;0;0;8;2303;0;421;"N";2303;2245;2245;2129;116;116;0;0;0;0;0;0;0;16;42;42;0;0;"20:16:39";"02/10/2016"
"19/01/2026";"14:01:37";2016;2;"Eleição Ordinária";1;220;"Eleições Municipais 2016";"02/10/2016";"M";"SP";"66818";"MARÍLIA";"66818";"MARÍLIA";70;13;"Vereador";79692;250;14;0;264;60194;0;19498;"N";60194;52143;52143;48415;3728;3728;0;0;0;0;0;0;0;3861;4190;4190;0;0;"13:40:26";"13/12/2016"
"19/01/2026";"14:01:37";2016;2;"Eleição Ordinária";1;220;"Eleições Municipais 2016";"02/10/2016";"M";"SP";"61743";"HOLAMBRA";"61743";"HOLAMBRA";75;13;"Vereador";10405;27;0;0;27;8891;0;1514;"N";8891;8320;8320;7773;547;547;0;0;0;0;0;0;0;260;311;311;0;0;"19:39:37";"02/10/2016"
"19/01/2026";"14:01:37";2016;2;"Eleição Ordinária";1;220;"Eleições Municipais 2016";"02/10/2016";"M";"SP";"67733";"NUPORANGA";"67733";"NUPORANGA";235;13;"Vereador";5794;23;0;0;23;5211;0;583;"N";5211;5059;5059;4824;235;235;0;0;0;0;0;0;0;56;96;96;0;0;"17:46:20";"02/10/2016"
"19/01/2026";"14:01:37";2016;2;"Eleição Ordinária";1;220;"Eleições Municipais 2016";"02/10/2016";"M";"SP";"69434";"RAFARD";"69434";"RAFARD";38;13;"Vereador";7556;22;0;0;22;6376;0;1180;"N";6376;5642;5642;5236;406;406;0;0;0;0;0;0;0;328;406;406;0;0;"18:18:01";"02/10/2016"
"19/01/2026";"14:01:37";2016;2;"Eleição Ordinária";1;220;"Eleições Municipais 2016";"02/10/2016";"M";"SP";"61506";"CAMPINA DO MONTE ALEGRE";"61506";"CAMPINA DO MONTE ALEGRE";215;13;"Vereador";4756;15;0;0;15;4055;0;701;"N";4055;3881;3881;3670;211;211;0;0;0;0;0;0;0;79;95;95;0;0;"14:53:38";"16/12/2016"
"19/01/2026";"14:01:37";2016;2;"Eleição Ordinária";1;220;"Eleições Municipais 2016";"02/10/2016";"M";"SP";"68772";"PIRAJU";"68772";"PIRAJU";94;13;"Vereador";23418;64;0;0;64;17660;0;5758;"N";17660;16032;16032;14957;1075;1075;0;0;0;0;0;0;0;691;937;937;0;0;"18:15:54";"02/10/2016"
"19/01/2026";"14:01:37";2016;2;"Eleição Ordinária";1;220;"Eleições Municipais 2016";"02/10/2016";"M";"SP";"64858";"IACRI";"64858";"IACRI";184;13;"Vereador";5475;16;0;0;16;4629;0;846;"N";4629;4445;4445;4181;264;264;0;0;0;0;0;0;0;66;118;118;0;0;"18:28:29";"02/10/2016"
"19/01/2026";"14:01:37";2016;2;"Eleição Ordinária";1;220;"Eleições Municipais 2016";"02/10/2016";"M";"SP";"71455";"SOROCABA";"71455";"SOROCABA";356;13;"Vereador";52792;148;1;0;149;42200;0;10592;"N";42200;34377;34377;30996;3381;3381;0;0;0;0;0;0;0;3371;4452;4452;0;0;"14:54:33";"20/01/2017"
"19/01/2026";"14:01:37";2016;2;"Eleição Ordinária";1;220;"Eleições Municipais 2016";"02/10/2016";"M";"SP";"61719";"AREIÓPOLIS";"61719";"AREIÓPOLIS";129;13;"Vereador";8914;26;2;0;28;7326;0;1588;"N";7326;7001;7001;6608;393;393;0;0;0;0;0;0;0;161;164;164;0;0;"18:44:01";"02/10/2016"
"19/01/2026";"14:01:37";2016;2;"Eleição Ordinária";1;220;"Eleições Municipais 2016";"02/10/2016";"M";"SP";"63657";"CRISTAIS PAULISTA";"63657";"CRISTAIS PAULISTA";240;13;"Vereador";7361;20;1;0;21;6091;0;1270;"N";6091;5648;5648;5254;394;394;0;0;0;0;0;0;0;142;301;301;0;0;"17:38:23";"02/10/2016"
"19/01/2026";"14:01:37";2016;2;"Eleição Ordinária";1;220;"Eleições Municipais 2016";"02/10/2016";"M";"SP";"65773";"ITOBI";"65773";"ITOBI";39;13;"Vereador";6568;18;0;0;18;5275;0;1293;"N";5275;4853;4853;4483;370;370;0;0;0;0;0;0;0;130;292;292;0;0;"18:02:49";"14/12/2016"
"19/01/2026";"14:01:37";2016;2;"Eleição Ordinária";1;220;"Eleições Municipais 2016";"02/10/2016";"M";"SP";"65315";"IRAPUÃ";"65315";"IRAPUÃ";207;13;"Vereador";5731;16;0;0;16;4719;0;1012;"N";4719;4467;4467;4245;222;222;0;0;0;0;0;0;0;120;132;132;0;0;"18:20:49";"02/10/2016"
"19/01/2026";"14:01:37";2016;2;"Eleição Ordinária";2;221;"Eleições Municipais 2016";"30/10/2016";"M";"SP";"69698";"RIBEIRÃO PRETO";"69698";"RIBEIRÃO PRETO";305;11;"Prefeito";87622;249;1;0;250;63735;0;23887;"N";63735;52952;52952;52952;0;0;0;0;0;0;0;0;0;2059;8724;8724;0;0;"19:35:40";"30/10/2016"
"19/01/2026";"14:01:37";2016;1;"Eleição Extraordinária";1;417;"Suplementar de Bofete";"01/12/2019";"M";"SP";"62375";"BOFETE";"62375";"BOFETE";41;11;"Prefeito";7718;24;0;0;24;4509;0;3209;"N";4509;3526;3526;3526;0;0;0;0;0;0;0;0;0;510;473;473;0;0;"19:14:18";"01/12/2019"
"19/01/2026";"14:01:37";2016;1;"Eleição Extraordinária";1;405;"Suplementar de Paulinia 9/19";"01/09/2019";"M";"SP";"68314";"PAULÍNIA";"68314";"PAULÍNIA";323;11;"Prefeito";73128;203;12;0;215;54443;0;18685;"N";54443;48613;48613;48613;0;0;0;0;0;0;0;0;0;2130;3700;3700;0;0;"15:38:43";"18/12/2020"
"19/01/2026";"14:01:37";2016;2;"Eleição Ordinária";1;220;"Eleições Municipais 2016";"02/10/2016";"M";"SP";"65897";"JACAREÍ";"65897";"JACAREÍ";62;11;"Prefeito";80888;235;28;0;263;63880;0;17008;"N";63880;55778;55778;55778;0;0;0;0;0;0;0;0;0;3119;4983;4983;0;0;"20:23:47";"02/10/2016"
"19/01/2026";"14:01:37";2016;2;"Eleição Ordinária";1;220;"Eleições Municipais 2016";"02/10/2016";"M";"SP";"65552";"ITÁPOLIS";"65552";"ITÁPOLIS";55;11;"Prefeito";31388;83;0;0;83;22990;0;8398;"N";22990;19470;19470;19470;0;0;0;0;0;0;0;0;0;1437;2083;2083;0;0;"18:39:41";"02/10/2016"
"19/01/2026";"14:01:37";2016;2;"Eleição Ordinária";1;220;"Eleições Municipais 2016";"02/10/2016";"M";"SP";"62839";"CAIUÁ";"62839";"CAIUÁ";102;11;"Prefeito";4151;15;0;0;15;3415;0;736;"N";3415;3205;3205;3205;0;0;0;0;0;0;0;0;0;30;180;180;0;0;"18:44:08";"02/10/2016"
"19/01/2026";"14:01:37";2016;2;"Eleição Ordinária";1;220;"Eleições Municipais 2016";"02/10/2016";"M";"SP";"64777";"GUARULHOS";"64777";"GUARULHOS";395;11;"Prefeito";87481;241;0;0;241;71966;0;15515;"N";71966;58889;58889;58889;0;0;0;0;0;0;0;0;0;4613;8464;8464;0;0;"14:52:34";"26/10/2016"
"19/01/2026";"14:01:37";2016;2;"Eleição Ordinária";1;220;"Eleições Municipais 2016";"02/10/2016";"M";"SP";"72036";"TUPI PAULISTA";"72036";"TUPI PAULISTA";175;11;"Prefeito";11275;41;0;0;41;8940;0;2335;"N";8940;7225;7225;7225;0;0;0;0;0;0;0;0;0;703;1012;1012;0;0;"17:55:49";"02/10/2016"
"19/01/2026";"14:01:37";2016;2;"Eleição Ordinária";1;220;"Eleições Municipais 2016";"02/10/2016";"M";"SP";"71552";"TABATINGA";"71552";"TABATINGA";49;11;"Prefeito";11433;37;0;0;37;9211;0;2222;"N";9211;8456;8456;8456;0;0;0;0;0;0;0;0;0;233;522;522;0;0;"19:01:48";"02/10/2016"
"19/01/2026";"14:01:37";2016;2;"Eleição Ordinária";1;220;"Eleições Municipais 2016";"02/10/2016";"M";"SP";"61654";"ARARAS";"61654";"ARARAS";14;11;"Prefeito";95980;256;8;0;264;77902;0;18078;"N";77902;38699;38699;38699;0;0;0;0;0;0;0;0;0;3767;35436;35436;0;0;"14:15:32";"06/06/2018"
"19/01/2026";"14:01:37";2016;2;"Eleição Ordinária";1;220;"Eleições Municipais 2016";"02/10/2016";"M";"SP";"70572";"SANTO ANDRÉ";"70572";"SANTO ANDRÉ";308;11;"Prefeito";42745;118;0;0;118;32845;0;9900;"N";32845;23798;23798;23798;0;0;0;0;0;0;0;0;0;2380;6667;6667;0;0;"13:10:52";"29/10/2016"
"19/01/2026";"14:01:37";2016;2;"Eleição Ordinária";1;220;"Eleições Municipais 2016";"02/10/2016";"M";"SP";"64777";"GUARULHOS";"64777";"GUARULHOS";394;11;"Prefeito";183535;491;2;0;493;155500;0;28035;"N";155500;124503;124503;124503;0;0;0;0;0;0;0;0;0;10842;20155;20155;0;0;"14:52:34";"26/10/2016"
"19/01/2026";"14:01:37";2016;2;"Eleição Ordinária";1;220;"Eleições Municipais 2016";"02/10/2016";"M";"SP";"71072";"SÃO PAULO";"71072";"SÃO PAULO";2;11;"Prefeito";175694;514;0;0;514;129082;0;46612;"N";129082;117063;117063;117063;0;0;0;0;0;0;0;0;0;3353;8666;8666;0;0;"14:11:09";"26/06/2018"
"19/01/2026";"14:01:37";2016;2;"Eleição Ordinária";1;220;"Eleições Municipais 2016";"02/10/2016";"M";"SP";"61972";"BANANAL";"61972";"BANANAL";18;11;"Prefeito";8691;23;0;0;23;7194;0;1497;"N";7194;6716;6716;6716;0;0;0;0;0;0;0;0;0;118;360;360;0;0;"18:42:55";"02/10/2016"
"19/01/2026";"14:01:37";2016;2;"Eleição Ordinária";1;220;"Eleições Municipais 2016";"02/10/2016";"M";"SP";"63614";"COTIA";"63614";"COTIA";286;11;"Prefeito";52273;146;2;0;148;44447;0;7826;"N";44447;36300;36300;36300;0;0;0;0;0;0;0;0;0;2765;5382;5382;0;0;"16:44:21";"03/11/2016"
"19/01/2026";"14:01:37";2016;2;"Eleição Ordinária";1;220;"Eleições Municipais 2016";"02/10/2016";"M";"SP";"71536";"TABAPUÃ";"71536";"TABAPUÃ";179;11;"Prefeito";9306;25;0;0;25;7909;0;1397;"N";7909;7375;7375;7375;0;0;0;0;0;0;0;0;0;118;416;416;0;0;"17:12:50";"22/06/2017"
"19/01/2026";"14:01:37";2016;2;"Eleição Ordinária";1;220;"Eleições Municipais 2016";"02/10/2016";"M";"SP";"70815";"SÃO FRANCISCO";"70815";"SÃO FRANCISCO";232;11;"Prefeito";2674;8;0;0;8;2314;0;360;"N";2314;2205;2205;2205;0;0;0;0;0;0;0;0;0;39;70;70;0;0;"17:26:02";"02/10/2016"
"19/01/2026";"14:01:37";2016;2;"Eleição Ordinária";1;220;"Eleições Municipais 2016";"02/10/2016";"M";"SP";"71374";"SETE BARRAS";"71374";"SETE BARRAS";172;11;"Prefeito";10992;36;0;0;36;7989;0;3003;"N";7989;5477;5477;5477;0;0;0;0;0;0;0;0;0;167;2345;2345;0;0;"14:45:43";"28/10/2016"
"19/01/2026";"14:01:37";2016;2;"Eleição Ordinária";1;220;"Eleições Municipais 2016";"02/10/2016";"M";"SP";"69353";"QUATÁ";"69353";"QUATÁ";104;11;"Prefeito";10666;34;0;0;34;8574;0;2092;"N";8574;5987;5987;5987;0;0;0;0;0;0;0;0;0;187;2400;2400;0;0;"14:00:22";"31/10/2016"
"19/01/2026";"14:01:37";2016;2;"Eleição Ordinária";1;220;"Eleições Municipais 2016";"02/10/2016";"M";"SP";"72176";"URÂNIA";"72176";"URÂNIA";152;11;"Prefeito";6646;25;1;0;26;5640;0;1006;"N";5640;5313;5313;5313;0;0;0;0;0;0;0;0;0;133;194;194;0;0;"19:04:06";"02/10/2016"
"19/01/2026";"14:01:37";2016;2;"Eleição Ordinária";1;220;"Eleições Municipais 2016";"02/10/2016";"M";"SP";"72079";"TURMALINA";"72079";"TURMALINA";233;11;"Prefeito";2050;6;0;0;6;1824;0;226;"N";1824;1781;861;861;0;0;0;920;0;0;0;0;0;14;29;29;0;0;"13:40:37";"20/04/2018"
"19/01/2026";"14:01:37";2016;2;"Eleição Ordinária";1;220;"Eleições Municipais 2016";"02/10/2016";"M";"SP";"63479";"CONCHAS";"63479";"CONCHAS";41;13;"Vereador";13867;37;1;0;38;10683;0;3184;"N";10683;10149;10149;9631;518;518;0;0;0;0;0;0;0;250;284;284;0;0;"18:28:16";"02/10/2016"
"19/01/2026";"14:01:37";2016;2;"Eleição Ordinária";1;220;"Eleições Municipais 2016";"02/10/2016";"M";"SP";"71072";"SÃO PAULO";"71072";"SÃO PAULO";258;13;"Vereador";190771;544;0;0;544;141719;0;49052;"N";141719;120627;120627;97333;23294;23294;0;0;0;0;0;0;0;8819;12273;12273;0;0;"14:11:09";"26/06/2018"
"19/01/2026";"14:01:37";2016;2;"Eleição Ordinária";1;220;"Eleições Municipais 2016";"02/10/2016";"M";"SP";"61271";"ÁLVARO DE CARVALHO";"61271";"ÁLVARO DE CARVALHO";47;13;"Vereador";3322;10;0;0;10;2808;0;514;"N";2808;2625;2625;2444;181;181;0;0;0;0;0;0;0;59;124;124;0;0;"15:21:43";"08/11/2016"
"19/01/2026";"14:01:37";2016;2;"Eleição Ordinária";1;220;"Eleições Municipais 2016";"02/10/2016";"M";"SP";"69175";"POTIRENDABA";"69175";"POTIRENDABA";126;13;"Vereador";12665;32;1;0;33;10469;0;2196;"N";10469;9719;9719;9142;577;577;0;0;0;0;0;0;0;338;412;412;0;0;"18:51:56";"02/10/2016"
"19/01/2026";"14:01:37";2016;2;"Eleição Ordinária";1;220;"Eleições Municipais 2016";"02/10/2016";"M";"SP";"71455";"SOROCABA";"71455";"SOROCABA";271;13;"Vereador";88158;242;2;0;244;71250;0;16908;"N";71250;56604;56604;51194;5410;5410;0;0;0;0;0;0;0;5583;9063;9063;0;0;"14:54:33";"20/01/2017"
"19/01/2026";"14:01:37";2016;2;"Eleição Ordinária";1;220;"Eleições Municipais 2016";"02/10/2016";"M";"SP";"66079";"JAÚ";"66079";"JAÚ";63;13;"Vereador";98929;273;2;0;275;78978;0;19951;"N";78978;64705;64705;60183;4522;4522;0;0;0;0;0;0;0;4585;9688;9688;0;0;"12:06:06";"28/10/2016"
"19/01/2026";"14:01:37";2016;2;"Eleição Ordinária";1;220;"Eleições Municipais 2016";"02/10/2016";"M";"SP";"66559";"LUIZIÂNIA";"66559";"LUIZIÂNIA";289;13;"Vereador";4126;13;0;0;13;3449;0;677;"N";3449;3355;3355;3193;162;162;0;0;0;0;0;0;0;32;62;62;0;0;"15:05:29";"28/10/2016"
"19/01/2026";"14:01:37";2016;2;"Eleição Ordinária";1;220;"Eleições Municipais 2016";"02/10/2016";"M";"SP";"64750";"GUARUJÁ";"64750";"GUARUJÁ";212;13;"Vereador";120473;336;9;0;345;96484;0;23989;"N";96484;85524;85524;80721;4803;4803;0;0;0;0;0;0;0;4614;6346;6346;0;0;"14:26:39";"11/11/2016"
"19/01/2026";"14:01:37";2016;2;"Eleição Ordinária";1;220;"Eleições Municipais 2016";"02/10/2016";"M";"SP";"61638";"ARARAQUARA";"61638";"ARARAQUARA";385;13;"Vereador";93713;277;5;0;282;72961;0;20752;"N";72961;57155;57155;52274;4881;4881;0;0;0;0;0;0;0;5496;10310;10310;0;0;"15:14:35";"30/11/2016"
"19/01/2026";"14:01:37";2016;2;"Eleição Ordinária";1;220;"Eleições Municipais 2016";"02/10/2016";"M";"SP";"66478";"LOUVEIRA";"66478";"LOUVEIRA";345;13;"Vereador";31037;95;3;0;98;27642;0;3395;"N";27642;25859;25859;24482;1377;1377;0;0;0;0;0;0;0;881;902;902;0;0;"16:10:34";"05/04/2017"
"19/01/2026";"14:01:37";2016;2;"Eleição Ordinária";1;220;"Eleições Municipais 2016";"02/10/2016";"M";"SP";"61301";"SUZANÁPOLIS";"61301";"SUZANÁPOLIS";88;13;"Vereador";3021;8;1;0;9;2633;0;388;"N";2633;2499;2499;2364;135;135;0;0;0;0;0;0;0;53;81;81;0;0;"18:27:27";"02/10/2016"
"19/01/2026";"14:01:37";2016;2;"Eleição Ordinária";1;220;"Eleições Municipais 2016";"02/10/2016";"M";"SP";"70416";"SANTA MARIA DA SERRA";"70416";"SANTA MARIA DA SERRA";130;13;"Vereador";4181;12;0;0;12;3677;0;504;"N";3677;3423;3423;3225;198;198;0;0;0;0;0;0;0;56;198;198;0;0;"16:26:35";"26/09/2017"
"19/01/2026";"14:01:37";2016;2;"Eleição Ordinária";1;220;"Eleições Municipais 2016";"02/10/2016";"M";"SP";"67610";"NOVA GRANADA";"67610";"NOVA GRANADA";78;13;"Vereador";15608;46;0;0;46;11947;0;3661;"N";11947;10680;10680;9973;707;707;0;0;0;0;0;0;0;438;829;829;0;0;"16:06:28";"11/05/2017"
"19/01/2026";"14:01:37";2016;2;"Eleição Ordinária";1;220;"Eleições Municipais 2016";"02/10/2016";"M";"SP";"62260";"TAQUARAL";"62260";"TAQUARAL";98;13;"Vereador";2383;6;1;0;7;2078;0;305;"N";2078;2014;2014;1900;114;114;0;0;0;0;0;0;0;35;29;29;0;0;"18:30:31";"02/10/2016"
"19/01/2026";"14:01:37";2016;2;"Eleição Ordinária";1;220;"Eleições Municipais 2016";"02/10/2016";"M";"SP";"69418";"QUINTANA";"69418";"QUINTANA";99;13;"Vereador";5251;14;1;0;15;4449;0;802;"N";4449;4178;4178;3842;336;336;0;0;0;0;0;0;0;76;195;195;0;0;"16:14:35";"01/12/2016"
"19/01/2026";"14:01:37";2016;2;"Eleição Ordinária";1;220;"Eleições Municipais 2016";"02/10/2016";"M";"SP";"69019";"POMPÉIA";"69019";"POMPÉIA";99;13;"Vereador";16106;45;1;0;46;13641;0;2465;"N";13641;12879;12879;12225;654;654;0;0;0;0;0;0;0;350;412;412;0;0;"18:11:47";"02/10/2016"
"19/01/2026";"14:01:37";2016;2;"Eleição Ordinária";1;220;"Eleições Municipais 2016";"02/10/2016";"M";"SP";"67890";"OSASCO";"67890";"OSASCO";276;13;"Vereador";93429;246;2;0;248;73985;0;19444;"N";73985;60111;60111;54399;5712;5712;0;0;0;0;0;0;0;5543;8331;8331;0;0;"21:36:44";"02/10/2016"
"19/01/2026";"14:01:37";2016;2;"Eleição Ordinária";1;220;"Eleições Municipais 2016";"02/10/2016";"M";"SP";"66753";"MARABÁ PAULISTA";"66753";"MARABÁ PAULISTA";102;13;"Vereador";3541;10;0;0;10;2937;0;604;"N";2937;2840;2840;2665;175;175;0;0;0;0;0;0;0;40;57;57;0;0;"18:43:50";"02/10/2016"
"19/01/2026";"14:01:37";2016;2;"Eleição Ordinária";1;220;"Eleições Municipais 2016";"02/10/2016";"M";"SP";"68233";"PARDINHO";"68233";"PARDINHO";26;13;"Vereador";5442;16;0;0;16;4465;0;977;"N";4465;4206;4206;3904;302;302;0;0;0;0;0;0;0;130;129;129;0;0;"15:24:50";"09/12/2016"
"19/01/2026";"14:01:37";2016;2;"Eleição Ordinária";1;220;"Eleições Municipais 2016";"02/10/2016";"M";"SP";"66419";"LINDÓIA";"66419";"LINDÓIA";134;13;"Vereador";5658;16;1;0;17;4793;0;865;"N";4793;4548;4548;4267;281;281;0;0;0;0;0;0;0;103;142;142;0;0;"18:27:35";"02/10/2016"
"19/01/2026";"14:01:37";2016;2;"Eleição Ordinária";1;220;"Eleições Municipais 2016";"02/10/2016";"M";"SP";"62910";"CAMPINAS";"62910";"CAMPINAS";274;13;"Vereador";91864;252;0;0;252;71690;0;20174;"N";71690;58537;58537;53854;4683;4683;0;0;0;0;0;0;0;4880;8273;8273;0;0;"14:28:28";"30/11/2016"
"19/01/2026";"14:01:37";2016;2;"Eleição Ordinária";1;220;"Eleições Municipais 2016";"02/10/2016";"M";"SP";"70637";"SANTO ANTÔNIO DO JARDIM";"70637";"SANTO ANTÔNIO DO JARDIM";91;13;"Vereador";5520;17;1;0;18;4623;0;897;"N";4623;4277;4277;3922;355;355;0;0;0;0;0;0;0;207;139;139;0;0;"18:52:17";"02/10/2016"
"19/01/2026";"14:01:37";2016;2;"Eleição Ordinária";1;220;"Eleições Municipais 2016";"02/10/2016";"M";"SP";"61280";"BERTIOGA";"61280";"BERTIOGA";272;13;"Vereador";41315;115;4;0;119;32225;0;9090;"N";32225;30187;30187;28554;1633;1633;0;0;0;0;0;0;0;942;1096;1096;0;0;"18:53:34";"02/10/2016"
"19/01/2026";"14:01:37";2016;2;"Eleição Ordinária";1;220;"Eleições Municipais 2016";"02/10/2016";"M";"SP";"67890";"OSASCO";"67890";"OSASCO";315;13;"Vereador";123251;332;6;0;338;96595;0;26656;"N";96595;77997;77997;71077;6920;6920;0;0;0;0;0;0;0;7903;10695;10695;0;0;"21:36:44";"02/10/2016"
"19/01/2026";"14:01:37";2016;2;"Eleição Ordinária";1;220;"Eleições Municipais 2016";"02/10/2016";"M";"SP";"70530";"SANTA ROSA DE VITERBO";"70530";"SANTA ROSA DE VITERBO";173;13;"Vereador";19590;56;1;0;57;15433;0;4157;"N";15433;11840;11840;11053;787;787;0;0;0;0;0;0;0;568;3025;3025;0;0;"14:05:44";"28/08/2017"
"19/01/2026";"14:01:37";2016;2;"Eleição Ordinária";2;221;"Eleições Municipais 2016";"30/10/2016";"M";"SP";"67890";"OSASCO";"67890";"OSASCO";315;11;"Prefeito";123251;332;6;0;338;92066;0;31185;"N";92066;78112;78112;78112;0;0;0;0;0;0;0;0;0;4212;9742;9742;0;0;"19:53:45";"30/10/2016"
"19/01/2026";"14:01:37";2016;2;"Eleição Ordinária";2;221;"Eleições Municipais 2016";"30/10/2016";"M";"SP";"66192";"JUNDIAÍ";"66192";"JUNDIAÍ";65;11;"Prefeito";74226;202;0;0;202;59990;0;14236;"N";59990;51206;51206;51206;0;0;0;0;0;0;0;0;0;2393;6391;6391;0;0;"19:53:45";"30/10/2016"
"19/01/2026";"14:01:37";2016;2;"Eleição Ordinária";2;221;"Eleições Municipais 2016";"30/10/2016";"M";"SP";"70750";"SÃO BERNARDO DO CAMPO";"70750";"SÃO BERNARDO DO CAMPO";296;11;"Prefeito";104363;283;1;0;284;80778;0;23585;"N";80778;60841;60841;60841;0;0;0;0;0;0;0;0;0;4653;15284;15284;0;0;"20:19:45";"30/10/2016"
"19/01/2026";"14:01:37";2016;1;"Eleição Extraordinária";1;334;"Suplementar Santa Cruz das Palmeiras";"24/06/2018";"M";"SP";"70270";"SANTA CRUZ DAS PALMEIRAS";"70270";"SANTA CRUZ DAS PALMEIRAS";39;11;"Prefeito";20173;65;0;0;65;16203;0;3970;"N";16203;14071;14071;14071;0;0;0;0;0;0;0;0;0;553;1579;1579;0;0;"18:30:19";"24/06/2018"
"19/01/2026";"14:01:37";2016;1;"Eleição Extraordinária";1;346;"Suplementar de Rincão";"28/10/2018";"M";"SP";"69752";"RINCÃO";"69752";"RINCÃO";239;11;"Prefeito";7825;27;0;0;27;5949;0;1876;"N";5949;5378;5378;5378;0;0;0;0;0;0;0;0;0;150;421;421;0;0;"18:32:13";"28/10/2018"
"19/01/2026";"14:01:37";2016;2;"Eleição Ordinária";1;220;"Eleições Municipais 2016";"02/10/2016";"M";"SP";"63231";"CATANDUVA";"63231";"CATANDUVA";40;11;"Prefeito";86829;224;2;0;226;68203;0;18626;"N";68203;61212;61212;61212;0;0;0;0;0;0;0;0;0;2306;4685;4685;0;0;"18:20:43";"02/10/2016"
"19/01/2026";"14:01:37";2016;2;"Eleição Ordinária";1;220;"Eleições Municipais 2016";"02/10/2016";"M";"SP";"64254";"FRANCA";"64254";"FRANCA";46;11;"Prefeito";115427;321;4;0;325;91695;0;23732;"N";91695;77699;77699;77699;0;0;0;0;0;0;0;0;0;4798;9198;9198;0;0;"18:57:15";"28/10/2016"
"19/01/2026";"14:01:37";2016;2;"Eleição Ordinária";1;220;"Eleições Municipais 2016";"02/10/2016";"M";"SP";"71072";"SÃO PAULO";"71072";"SÃO PAULO";253;11;"Prefeito";219061;666;0;0;666;171495;0;47566;"N";171495;146527;146527;146527;0;0;0;0;0;0;0;0;0;6379;18589;18589;0;0;"14:11:09";"26/06/2018"
"19/01/2026";"14:01:37";2016;2;"Eleição Ordinária";1;220;"Eleições Municipais 2016";"02/10/2016";"M";"SP";"67130";"MOGI DAS CRUZES";"67130";"MOGI DAS CRUZES";287;11;"Prefeito";137886;372;8;0;380;112634;0;25252;"N";112634;94912;94912;94912;0;0;0;0;0;0;0;0;0;6523;11199;11199;0;0;"20:36:36";"02/10/2016"
"19/01/2026";"14:01:37";2016;2;"Eleição Ordinária";1;220;"Eleições Municipais 2016";"02/10/2016";"M";"SP";"71455";"SOROCABA";"71455";"SOROCABA";271;11;"Prefeito";88158;242;2;0;244;71250;0;16908;"N";71250;56942;56942;56942;0;0;0;0;0;0;0;0;0;4257;10051;10051;0;0;"20:23:50";"02/10/2016"
"19/01/2026";"14:01:37";2016;2;"Eleição Ordinária";1;220;"Eleições Municipais 2016";"02/10/2016";"M";"SP";"61395";"ANALÂNDIA";"61395";"ANALÂNDIA";245;11;"Prefeito";4454;16;0;0;16;3862;0;592;"N";3862;3632;3632;3632;0;0;0;0;0;0;0;0;0;72;158;158;0;0;"19:14:08";"02/10/2016"
"19/01/2026";"14:01:37";2016;2;"Eleição Ordinária";1;220;"Eleições Municipais 2016";"02/10/2016";"M";"SP";"67458";"NARANDIBA";"67458";"NARANDIBA";261;11;"Prefeito";4360;13;0;0;13;3843;0;517;"N";3843;3696;3696;3696;0;0;0;0;0;0;0;0;0;45;102;102;0;0;"19:03:15";"02/10/2016"
"19/01/2026";"14:01:37";2016;2;"Eleição Ordinária";1;220;"Eleições Municipais 2016";"02/10/2016";"M";"SP";"68632";"PINDORAMA";"68632";"PINDORAMA";179;11;"Prefeito";11725;34;0;0;34;9570;0;2155;"N";9570;8910;8910;8910;0;0;0;0;0;0;0;0;0;239;421;421;0;0;"17:34:50";"27/10/2016"
"19/01/2026";"14:01:37";2016;2;"Eleição Ordinária";1;220;"Eleições Municipais 2016";"02/10/2016";"M";"SP";"71692";"TANABI";"71692";"TANABI";138;11;"Prefeito";20130;62;0;0;62;16188;0;3942;"N";16188;15001;15001;15001;0;0;0;0;0;0;0;0;0;375;812;812;0;0;"18:07:11";"02/10/2016"
"19/01/2026";"14:01:37";2016;2;"Eleição Ordinária";1;220;"Eleições Municipais 2016";"02/10/2016";"M";"SP";"62219";"BEBEDOURO";"62219";"BEBEDOURO";24;11;"Prefeito";58141;162;4;0;166;44102;0;14039;"N";44102;35226;35226;35226;0;0;0;0;0;0;0;0;0;2118;6758;6758;0;0;"12:13:38";"27/10/2016"
"19/01/2026";"14:01:37";2016;2;"Eleição Ordinária";1;220;"Eleições Municipais 2016";"02/10/2016";"M";"SP";"66494";"LUCÉLIA";"66494";"LUCÉLIA";69;11;"Prefeito";14956;46;2;0;48;11196;0;3760;"N";11196;10175;10175;10175;0;0;0;0;0;0;0;0;0;357;664;664;0;0;"17:46:23";"02/10/2016"
"19/01/2026";"14:01:37";2016;2;"Eleição Ordinária";1;220;"Eleições Municipais 2016";"02/10/2016";"M";"SP";"61158";"ALFREDO MARCONDES";"61158";"ALFREDO MARCONDES";182;11;"Prefeito";3916;11;0;0;11;3391;0;525;"N";3391;3230;3230;3230;0;0;0;0;0;0;0;0;0;46;115;115;0;0;"19:14:16";"02/10/2016"
"19/01/2026";"14:01:37";2016;2;"Eleição Ordinária";1;220;"Eleições Municipais 2016";"02/10/2016";"M";"SP";"66893";"MAUÁ";"66893";"MAUÁ";364;11;"Prefeito";72081;202;7;0;209;58635;0;13446;"N";58635;41470;41470;41470;0;0;0;0;0;0;0;0;0;4941;12224;12224;0;0;"20:02:34";"02/10/2016"
"19/01/2026";"14:01:37";2016;2;"Eleição Ordinária";1;220;"Eleições Municipais 2016";"02/10/2016";"M";"SP";"69493";"REGENTE FEIJÓ";"69493";"REGENTE FEIJÓ";167;11;"Prefeito";15693;54;6;0;60;12481;0;3212;"N";12481;11096;11096;11096;0;0;0;0;0;0;0;0;0;560;825;825;0;0;"18:04:35";"02/10/2016"
"19/01/2026";"14:01:37";2016;2;"Eleição Ordinária";1;220;"Eleições Municipais 2016";"02/10/2016";"M";"SP";"71072";"SÃO PAULO";"71072";"SÃO PAULO";3;11;"Prefeito";80392;228;0;0;228;56124;0;24268;"N";56124;48714;48714;48714;0;0;0;0;0;0;0;0;0;2501;4909;4909;0;0;"14:11:09";"26/06/2018"
"19/01/2026";"14:01:37";2016;2;"Eleição Ordinária";1;220;"Eleições Municipais 2016";"02/10/2016";"M";"SP";"68810";"PIRANGI";"68810";"PIRANGI";76;11;"Prefeito";8147;21;2;0;23;6581;0;1566;"N";6581;6130;6130;6130;0;0;0;0;0;0;0;0;0;162;289;289;0;0;"18:44:17";"02/10/2016"
"19/01/2026";"14:01:37";2016;2;"Eleição Ordinária";1;220;"Eleições Municipais 2016";"02/10/2016";"M";"SP";"71030";"SÃO MANUEL";"71030";"SÃO MANUEL";129;11;"Prefeito";31056;95;1;0;96;24913;0;6143;"N";24913;22779;22779;22779;0;0;0;0;0;0;0;0;0;711;1423;1423;0;0;"18:50:34";"02/10/2016"
"19/01/2026";"14:01:37";2016;2;"Eleição Ordinária";1;220;"Eleições Municipais 2016";"02/10/2016";"M";"SP";"71439";"SOCORRO";"71439";"SOCORRO";136;11;"Prefeito";29373;85;0;0;85;22838;0;6535;"N";22838;20804;20804;20804;0;0;0;0;0;0;0;0;0;547;1487;1487;0;0;"17:59:01";"02/10/2016"
"19/01/2026";"14:01:37";2016;2;"Eleição Ordinária";1;220;"Eleições Municipais 2016";"02/10/2016";"M";"SP";"72214";"URUPÊS";"72214";"URUPÊS";207;11;"Prefeito";10880;32;1;0;33;8623;0;2257;"N";8623;7452;7452;7452;0;0;0;0;0;0;0;0;0;245;926;926;0;0;"15:45:31";"12/12/2016"
"19/01/2026";"14:01:37";2016;2;"Eleição Ordinária";1;220;"Eleições Municipais 2016";"02/10/2016";"M";"SP";"61867";"MARAPOAMA";"61867";"MARAPOAMA";79;11;"Prefeito";2748;8;1;0;9;2488;0;260;"N";2488;2376;2376;2376;0;0;0;0;0;0;0;0;0;24;88;88;0;0;"17:32:05";"17/08/2017"
"19/01/2026";"14:01:37";2016;2;"Eleição Ordinária";1;220;"Eleições Municipais 2016";"02/10/2016";"M";"SP";"66672";"MAGDA";"66672";"MAGDA";162;11;"Prefeito";3079;8;0;0;8;2738;0;341;"N";2738;2621;2621;2621;0;0;0;0;0;0;0;0;0;25;92;92;0;0;"18:28:24";"02/10/2016"
"19/01/2026";"14:01:37";2016;2;"Eleição Ordinária";1;220;"Eleições Municipais 2016";"02/10/2016";"M";"SP";"66656";"MACEDÔNIA";"66656";"MACEDÔNIA";302;11;"Prefeito";3442;10;0;0;10;2928;0;514;"N";2928;2711;2711;2711;0;0;0;0;0;0;0;0;0;89;128;128;0;0;"18:08:13";"02/10/2016"
"19/01/2026";"14:01:37";2016;2;"Eleição Ordinária";1;220;"Eleições Municipais 2016";"02/10/2016";"M";"SP";"70238";"SANTA CLARA D OESTE";"70238";"SANTA CLARA D OESTE";187;11;"Prefeito";2288;7;0;0;7;2021;0;267;"N";2021;1963;1963;1963;0;0;0;0;0;0;0;0;0;11;47;47;0;0;"18:30:11";"02/10/2016"
"19/01/2026";"14:01:37";2016;2;"Eleição Ordinária";1;220;"Eleições Municipais 2016";"02/10/2016";"M";"SP";"68390";"PEDRANÓPOLIS";"68390";"PEDRANÓPOLIS";302;11;"Prefeito";2302;8;0;0;8;2103;0;199;"N";2103;2015;2015;2015;0;0;0;0;0;0;0;0;0;21;67;67;0;0;"18:41:05";"02/10/2016"
"19/01/2026";"14:01:37";2016;2;"Eleição Ordinária";1;220;"Eleições Municipais 2016";"02/10/2016";"M";"SP";"62448";"TRABIJU";"62448";"TRABIJU";107;11;"Prefeito";1663;5;0;0;5;1500;0;163;"N";1500;1462;1462;1462;0;0;0;0;0;0;0;0;0;5;33;33;0;0;"11:02:46";"01/11/2016"
"19/01/2026";"14:01:37";2016;2;"Eleição Ordinária";1;220;"Eleições Municipais 2016";"02/10/2016";"M";"SP";"62375";"BOFETE";"62375";"BOFETE";41;13;"Vereador";8492;23;1;0;24;6701;0;1791;"N";6701;6290;6290;5782;508;508;0;0;0;0;0;0;0;167;244;244;0;0;"19:21:30";"02/10/2016"
"19/01/2026";"14:01:37";2016;2;"Eleição Ordinária";1;220;"Eleições Municipais 2016";"02/10/2016";"M";"SP";"66893";"MAUÁ";"66893";"MAUÁ";339;13;"Vereador";69625;195;0;0;195;57260;0;12365;"N";57260;48038;48038;44918;3120;3120;0;0;0;0;0;0;0;3072;6150;6150;0;0;"15:14:43";"14/12/2016"
"19/01/2026";"14:01:37";2016;2;"Eleição Ordinária";1;220;"Eleições Municipais 2016";"02/10/2016";"M";"SP";"67130";"MOGI DAS CRUZES";"67130";"MOGI DAS CRUZES";319;13;"Vereador";61189;173;13;0;186;49660;0;11529;"N";49660;42081;42081;39219;2862;2862;0;0;0;0;0;0;0;3542;4037;4037;0;0;"15:17:27";"12/12/2016"
"19/01/2026";"14:01:37";2016;2;"Eleição Ordinária";1;220;"Eleições Municipais 2016";"02/10/2016";"M";"SP";"66273";"LAGOINHA";"66273";"LAGOINHA";128;13;"Vereador";5579;15;1;0;16;4712;0;867;"N";4712;4535;4535;4199;336;336;0;0;0;0;0;0;0;114;63;63;0;0;"18:32:57";"02/10/2016"
"19/01/2026";"14:01:37";2016;2;"Eleição Ordinária";1;220;"Eleições Municipais 2016";"02/10/2016";"M";"SP";"61344";"CANITAR";"61344";"CANITAR";313;13;"Vereador";3965;11;1;0;12;3341;0;624;"N";3341;3021;3021;2803;218;218;0;0;0;0;0;0;0;73;247;247;0;0;"17:26:06";"02/10/2016"
"19/01/2026";"14:01:37";2016;2;"Eleição Ordinária";1;220;"Eleições Municipais 2016";"02/10/2016";"M";"SP";"69256";"PRESIDENTE BERNARDES";"69256";"PRESIDENTE BERNARDES";165;13;"Vereador";11626;33;1;0;34;8924;0;2702;"N";8924;8325;8325;7841;484;484;0;0;0;0;0;0;0;316;283;283;0;0;"18:06:44";"02/10/2016"
"19/01/2026";"14:01:37";2016;2;"Eleição Ordinária";1;220;"Eleições Municipais 2016";"02/10/2016";"M";"SP";"65110";"INDAIATUBA";"65110";"INDAIATUBA";211;13;"Vereador";154634;412;5;0;417;125530;0;29104;"N";125530;109618;109618;101601;8017;8017;0;0;0;0;0;0;0;7663;8249;8249;0;0;"16:29:47";"25/10/2016"
"19/01/2026";"14:01:37";2016;2;"Eleição Ordinária";1;220;"Eleições Municipais 2016";"02/10/2016";"M";"SP";"68853";"PIRAPOZINHO";"68853";"PIRAPOZINHO";261;13;"Vereador";20586;62;0;0;62;16155;0;4431;"N";16155;14657;14657;13658;999;999;0;0;0;0;0;0;0;478;1020;1020;0;0;"16:51:29";"14/12/2016"
"19/01/2026";"14:01:37";2016;2;"Eleição Ordinária";1;220;"Eleições Municipais 2016";"02/10/2016";"M";"SP";"67997";"PACAEMBU";"67997";"PACAEMBU";154;13;"Vereador";9175;26;0;0;26;7150;0;2025;"N";7150;6761;6761;6421;340;340;0;0;0;0;0;0;0;212;177;177;0;0;"17:47:33";"02/10/2016"
"19/01/2026";"14:01:37";2016;2;"Eleição Ordinária";1;220;"Eleições Municipais 2016";"02/10/2016";"M";"SP";"69698";"RIBEIRÃO PRETO";"69698";"RIBEIRÃO PRETO";265;13;"Vereador";36934;107;2;0;109;27632;0;9302;"N";27632;21528;21528;19891;1637;1637;0;0;0;0;0;0;0;1507;4597;4597;0;0;"13:53:25";"09/12/2016"
"19/01/2026";"14:01:37";2016;2;"Eleição Ordinária";1;220;"Eleições Municipais 2016";"02/10/2016";"M";"SP";"67490";"NAZARÉ PAULISTA";"67490";"NAZARÉ PAULISTA";16;13;"Vereador";13953;43;2;0;45;11007;0;2946;"N";11007;10055;10055;9312;743;743;0;0;0;0;0;0;0;391;561;561;0;0;"17:51:21";"01/12/2016"
"19/01/2026";"14:01:37";2016;2;"Eleição Ordinária";1;220;"Eleições Municipais 2016";"02/10/2016";"M";"SP";"68632";"PINDORAMA";"68632";"PINDORAMA";179;13;"Vereador";11725;34;0;0;34;9570;0;2155;"N";9570;8665;8665;8077;588;588;0;0;0;0;0;0;0;403;502;502;0;0;"19:33:07";"02/10/2016"
"19/01/2026";"14:01:37";2016;2;"Eleição Ordinária";1;220;"Eleições Municipais 2016";"02/10/2016";"M";"SP";"66532";"LUÍS ANTÔNIO";"66532";"LUÍS ANTÔNIO";133;13;"Vereador";9458;25;0;0;25;7816;0;1642;"N";7816;7469;7469;7051;418;418;0;0;0;0;0;0;0;126;221;221;0;0;"18:18:59";"02/10/2016"
"19/01/2026";"14:01:37";2016;2;"Eleição Ordinária";1;220;"Eleições Municipais 2016";"02/10/2016";"M";"SP";"70459";"SANTANA DA PONTE PENSA";"70459";"SANTANA DA PONTE PENSA";187;13;"Vereador";1715;6;0;0;6;1542;0;173;"N";1542;1484;1484;1400;84;84;0;0;0;0;0;0;0;21;37;37;0;0;"18:29:24";"02/10/2016"
"19/01/2026";"14:01:37";2016;2;"Eleição Ordinária";1;220;"Eleições Municipais 2016";"02/10/2016";"M";"SP";"61417";"ANDRADINA";"61417";"ANDRADINA";9;13;"Vereador";44094;132;3;0;135;34450;0;9644;"N";34450;31721;31721;29995;1726;1726;0;0;0;0;0;0;0;1162;1567;1567;0;0;"14:21:36";"13/12/2016"
"19/01/2026";"14:01:37";2016;2;"Eleição Ordinária";1;220;"Eleições Municipais 2016";"02/10/2016";"M";"SP";"70017";"SALESÓPOLIS";"70017";"SALESÓPOLIS";112;13;"Vereador";15062;43;0;0;43;12185;0;2877;"N";12185;11007;11007;10116;891;891;0;0;0;0;0;0;0;402;776;776;0;0;"18:12:28";"02/10/2016"
"19/01/2026";"14:01:37";2016;2;"Eleição Ordinária";1;220;"Eleições Municipais 2016";"02/10/2016";"M";"SP";"63959";"ECHAPORÃ";"63959";"ECHAPORÃ";290;13;"Vereador";5352;16;0;0;16;4303;0;1049;"N";4303;4123;4123;3850;273;273;0;0;0;0;0;0;0;73;107;107;0;0;"19:30:39";"02/10/2016"
"19/01/2026";"14:01:37";2016;2;"Eleição Ordinária";2;221;"Eleições Municipais 2016";"30/10/2016";"M";"SP";"64777";"GUARULHOS";"64777";"GUARULHOS";394;11;"Prefeito";183535;491;2;0;493;145585;0;37950;"N";145585;119309;119309;119309;0;0;0;0;0;0;0;0;0;8174;18102;18102;0;0;"20:25:46";"30/10/2016"
"19/01/2026";"14:01:37";2016;2;"Eleição Ordinária";2;221;"Eleições Municipais 2016";"30/10/2016";"M";"SP";"70572";"SANTO ANDRÉ";"70572";"SANTO ANDRÉ";383;11;"Prefeito";102780;294;3;0;297;79182;0;23598;"N";79182;65702;65702;65702;0;0;0;0;0;0;0;0;0;3288;10192;10192;0;0;"19:47:40";"30/10/2016"
"19/01/2026";"14:01:37";2016;2;"Eleição Ordinária";2;221;"Eleições Municipais 2016";"30/10/2016";"M";"SP";"66893";"MAUÁ";"66893";"MAUÁ";364;11;"Prefeito";72081;202;7;0;209;55454;0;16627;"N";55454;40279;40279;40279;0;0;0;0;0;0;0;0;0;3350;11825;11825;0;0;"19:41:45";"30/10/2016"
"19/01/2026";"14:01:37";2016;2;"Eleição Ordinária";2;221;"Eleições Municipais 2016";"30/10/2016";"M";"SP";"70750";"SÃO BERNARDO DO CAMPO";"70750";"SÃO BERNARDO DO CAMPO";283;11;"Prefeito";75366;205;1;0;206;56056;0;19310;"N";56056;42457;42457;42457;0;0;0;0;0;0;0;0;0;2949;10650;10650;0;0;"20:19:45";"30/10/2016"
"19/01/2026";"14:01:37";2016;1;"Eleição Extraordinária";1;397;"Suplementar Meridiano 08/19";"04/08/2019";"M";"SP";"66931";"MERIDIANO";"66931";"MERIDIANO";302;11;"Prefeito";3206;11;1;0;12;2813;0;393;"N";2813;2699;2699;2699;0;0;0;0;0;0;0;0;0;43;71;71;0;0;"18:25:24";"04/08/2019"
"19/01/2026";"14:01:37";2016;2;"Eleição Ordinária";2;221;"Eleições Municipais 2016";"30/10/2016";"M";"SP";"71510";"SUZANO";"71510";"SUZANO";181;11;"Prefeito";113244;328;23;0;351;87229;0;26015;"N";87229;75069;75069;75069;0;0;0;0;0;0;0;0;0;4174;7986;7986;0;0;"20:41:31";"30/10/2016"
"19/01/2026";"14:01:37";2016;1;"Eleição Extraordinária";1;274;"Eleição Suplementar de Mairinque";"03/09/2017";"M";"SP";"66699";"MAIRINQUE";"66699";"MAIRINQUE";131;11;"Prefeito";36300;105;3;0;108;27775;0;8525;"N";27775;24314;24314;24314;0;0;0;0;0;0;0;0;0;1158;2303;2303;0;0;"18:30:16";"03/09/2017"
"19/01/2026";"14:01:37";2016;2;"Eleição Ordinária";1;220;"Eleições Municipais 2016";"02/10/2016";"M";"SP";"70831";"SÃO JOÃO DA BOA VISTA";"70831";"SÃO JOÃO DA BOA VISTA";122;11;"Prefeito";67812;186;0;0;186;52644;0;15168;"N";52644;43412;43412;43412;0;0;0;0;0;0;0;0;0;2966;6266;6266;0;0;"15:31:58";"21/10/2016"
"19/01/2026";"14:01:37";2016;2;"Eleição Ordinária";1;220;"Eleições Municipais 2016";"02/10/2016";"M";"SP";"64939";"IBITINGA";"64939";"IBITINGA";49;11;"Prefeito";42464;121;2;0;123;33238;0;9226;"N";33238;29587;29587;29587;0;0;0;0;0;0;0;0;0;1256;2395;2395;0;0;"18:27:29";"02/10/2016"
"19/01/2026";"14:01:37";2016;2;"Eleição Ordinária";1;220;"Eleições Municipais 2016";"02/10/2016";"M";"SP";"72451";"VOTUPORANGA";"72451";"VOTUPORANGA";147;11;"Prefeito";68977;192;1;0;193;52780;0;16197;"N";52780;45165;45165;45165;0;0;0;0;0;0;0;0;0;2805;4810;4810;0;0;"19:14:24";"02/10/2016"
"19/01/2026";"14:01:37";2016;2;"Eleição Ordinária";1;220;"Eleições Municipais 2016";"02/10/2016";"M";"SP";"61042";"TARUMÃ";"61042";"TARUMÃ";15;11;"Prefeito";11087;29;0;0;29;9582;0;1505;"N";9582;9286;9286;9286;0;0;0;0;0;0;0;0;0;69;227;227;0;0;"19:55:36";"02/10/2016"
"19/01/2026";"14:01:37";2016;2;"Eleição Ordinária";1;220;"Eleições Municipais 2016";"02/10/2016";"M";"SP";"66397";"LIMEIRA";"66397";"LIMEIRA";66;11;"Prefeito";115978;312;12;0;324;91333;0;24645;"N";91333;76183;76183;76183;0;0;0;0;0;0;0;0;0;5146;10004;10004;0;0;"19:40:26";"02/10/2016"
"19/01/2026";"14:01:37";2016;2;"Eleição Ordinária";1;220;"Eleições Municipais 2016";"02/10/2016";"M";"SP";"61344";"CANITAR";"61344";"CANITAR";313;11;"Prefeito";3965;11;1;0;12;3341;0;624;"N";3341;3077;3077;3077;0;0;0;0;0;0;0;0;0;75;189;189;0;0;"17:26:06";"02/10/2016"
"19/01/2026";"14:01:37";2016;2;"Eleição Ordinária";1;220;"Eleições Municipais 2016";"02/10/2016";"M";"SP";"71072";"SÃO PAULO";"71072";"SÃO PAULO";255;11;"Prefeito";191027;531;0;0;531;148759;0;42268;"N";148759;125088;125088;125088;0;0;0;0;0;0;0;0;0;6841;16830;16830;0;0;"14:11:09";"26/06/2018"
"19/01/2026";"14:01:37";2016;2;"Eleição Ordinária";1;220;"Eleições Municipais 2016";"02/10/2016";"M";"SP";"66990";"MIRACATU";"66990";"MIRACATU";218;11;"Prefeito";17404;49;2;0;51;12288;0;5116;"N";12288;11480;11480;11480;0;0;0;0;0;0;0;0;0;285;523;523;0;0;"18:26:41";"02/10/2016"
"19/01/2026";"14:01:37";2016;2;"Eleição Ordinária";1;220;"Eleições Municipais 2016";"02/10/2016";"M";"SP";"65358";"ITABERÁ";"65358";"ITABERÁ";53;11;"Prefeito";14198;43;10;0;53;11546;0;2652;"N";11546;10563;10563;10563;0;0;0;0;0;0;0;0;0;422;561;561;0;0;"18:17:16";"02/10/2016"
"19/01/2026";"14:01:37";2016;2;"Eleição Ordinária";1;220;"Eleições Municipais 2016";"02/10/2016";"M";"SP";"66435";"LINS";"66435";"LINS";67;11;"Prefeito";21258;67;1;0;68;15154;0;6104;"N";15154;13170;7323;7323;0;0;0;5847;0;0;0;0;0;705;1279;1279;0;0;"19:54:35";"18/12/2020"
"19/01/2026";"14:01:37";2016;2;"Eleição Ordinária";1;220;"Eleições Municipais 2016";"02/10/2016";"M";"SP";"65099";"ILHABELA";"65099";"ILHABELA";132;11;"Prefeito";23401;71;1;0;72;18772;0;4629;"N";18772;17927;17927;17927;0;0;0;0;0;0;0;0;0;260;585;585;0;0;"21:30:39";"02/10/2016"
"19/01/2026";"14:01:37";2016;2;"Eleição Ordinária";1;220;"Eleições Municipais 2016";"02/10/2016";"M";"SP";"65455";"ITAPECERICA DA SERRA";"65455";"ITAPECERICA DA SERRA";201;11;"Prefeito";113323;311;6;0;317;90494;0;22829;"N";90494;68651;68651;68651;0;0;0;0;0;0;0;0;0;8769;13074;13074;0;0;"20:12:33";"02/10/2016"
"19/01/2026";"14:01:37";2016;2;"Eleição Ordinária";1;220;"Eleições Municipais 2016";"02/10/2016";"M";"SP";"72257";"VALINHOS";"72257";"VALINHOS";34;11;"Prefeito";86494;235;1;0;236;68643;0;17851;"N";68643;56427;56427;56427;0;0;0;0;0;0;0;0;0;3889;8327;8327;0;0;"20:36:35";"02/10/2016"
"19/01/2026";"14:01:37";2016;2;"Eleição Ordinária";1;220;"Eleições Municipais 2016";"02/10/2016";"M";"SP";"64319";"GABRIEL MONTEIRO";"64319";"GABRIEL MONTEIRO";210;11;"Prefeito";2687;8;0;0;8;2423;0;264;"N";2423;2336;2336;2336;0;0;0;0;0;0;0;0;0;14;73;73;0;0;"18:27:39";"02/10/2016"
"19/01/2026";"14:01:37";2016;2;"Eleição Ordinária";1;220;"Eleições Municipais 2016";"02/10/2016";"M";"SP";"61115";"ÁGUAS DE SÃO PEDRO";"61115";"ÁGUAS DE SÃO PEDRO";130;11;"Prefeito";3707;11;0;0;11;3113;0;594;"N";3113;2896;2896;2896;0;0;0;0;0;0;0;0;0;58;159;159;0;0;"18:43:03";"02/10/2016"
"19/01/2026";"14:01:37";2016;2;"Eleição Ordinária";1;220;"Eleições Municipais 2016";"02/10/2016";"M";"SP";"61565";"POTIM";"61565";"POTIM";190;11;"Prefeito";12198;36;2;0;38;10413;0;1785;"N";10413;5113;5113;5113;0;0;0;0;0;0;0;0;0;200;5100;5100;0;0;"19:01:52";"02/10/2016"
"19/01/2026";"14:01:37";2016;2;"Eleição Ordinária";1;220;"Eleições Municipais 2016";"02/10/2016";"M";"SP";"61417";"ANDRADINA";"61417";"ANDRADINA";9;11;"Prefeito";44094;132;3;0;135;34450;0;9644;"N";34450;31362;31362;31362;0;0;0;0;0;0;0;0;0;1071;2017;2017;0;0;"19:11:58";"02/10/2016"
"19/01/2026";"14:01:37";2016;2;"Eleição Ordinária";1;220;"Eleições Municipais 2016";"02/10/2016";"M";"SP";"61719";"AREIÓPOLIS";"61719";"AREIÓPOLIS";129;11;"Prefeito";8914;26;2;0;28;7326;0;1588;"N";7326;6934;6934;6934;0;0;0;0;0;0;0;0;0;110;282;282;0;0;"18:44:01";"02/10/2016"
"19/01/2026";"14:01:37";2016;2;"Eleição Ordinária";1;220;"Eleições Municipais 2016";"02/10/2016";"M";"SP";"69639";"RIBEIRÃO CORRENTE";"69639";"RIBEIRÃO CORRENTE";240;11;"Prefeito";4103;11;0;0;11;3574;0;529;"N";3574;3376;3376;3376;0;0;0;0;0;0;0;0;0;60;138;138;0;0;"17:32:36";"02/10/2016"
"19/01/2026";"14:01:37";2016;2;"Eleição Ordinária";1;220;"Eleições Municipais 2016";"02/10/2016";"M";"SP";"62383";"OUROESTE";"62383";"OUROESTE";302;11;"Prefeito";8042;21;0;0;21;6917;0;1125;"N";6917;6642;6642;6642;0;0;0;0;0;0;0;0;0;67;208;208;0;0;"18:46:09";"02/10/2016"
"19/01/2026";"14:01:37";2016;2;"Eleição Ordinária";1;220;"Eleições Municipais 2016";"02/10/2016";"M";"SP";"72311";"VARGEM GRANDE DO SUL";"72311";"VARGEM GRANDE DO SUL";229;11;"Prefeito";30789;84;0;0;84;24365;0;6424;"N";24365;22096;22096;22096;0;0;0;0;0;0;0;0;0;984;1285;1285;0;0;"18:22:23";"02/10/2016"
"19/01/2026";"14:01:37";2016;2;"Eleição Ordinária";1;220;"Eleições Municipais 2016";"02/10/2016";"M";"SP";"68411";"PEDREGULHO";"68411";"PEDREGULHO";155;11;"Prefeito";13915;41;0;0;41;11057;0;2858;"N";11057;10257;10257;10257;0;0;0;0;0;0;0;0;0;255;545;545;0;0;"18:50:27";"02/10/2016"
"19/01/2026";"14:01:37";2016;2;"Eleição Ordinária";1;220;"Eleições Municipais 2016";"02/10/2016";"M";"SP";"62634";"BURITAMA";"62634";"BURITAMA";214;11;"Prefeito";12892;37;0;0;37;10635;0;2257;"N";10635;10068;10068;10068;0;0;0;0;0;0;0;0;0;134;433;433;0;0;"17:58:06";"02/10/2016"
"19/01/2026";"14:01:37";2016;2;"Eleição Ordinária";1;220;"Eleições Municipais 2016";"02/10/2016";"M";"SP";"71838";"TAUBATÉ";"71838";"TAUBATÉ";141;11;"Prefeito";90084;255;5;0;260;68526;0;21558;"N";68526;59300;59300;59300;0;0;0;0;0;0;0;0;0;3152;6074;6074;0;0;"13:27:51";"06/12/2016"
"19/01/2026";"14:01:37";2016;2;"Eleição Ordinária";1;220;"Eleições Municipais 2016";"02/10/2016";"M";"SP";"63193";"CÁSSIA DOS COQUEIROS";"63193";"CÁSSIA DOS COQUEIROS";32;11;"Prefeito";3047;9;1;0;10;2588;0;459;"N";2588;2328;2328;2328;0;0;0;0;0;0;0;0;0;57;203;203;0;0;"14:12:31";"24/10/2016"
"19/01/2026";"14:01:37";2016;2;"Eleição Ordinária";1;220;"Eleições Municipais 2016";"02/10/2016";"M";"SP";"65315";"IRAPUÃ";"65315";"IRAPUÃ";207;11;"Prefeito";5731;16;0;0;16;4719;0;1012;"N";4719;4381;4381;4381;0;0;0;0;0;0;0;0;0;105;233;233;0;0;"18:20:49";"02/10/2016"
"19/01/2026";"14:01:37";2016;2;"Eleição Ordinária";1;220;"Eleições Municipais 2016";"02/10/2016";"M";"SP";"63037";"CÂNDIDO RODRIGUES";"63037";"CÂNDIDO RODRIGUES";139;11;"Prefeito";2605;8;0;0;8;2327;0;278;"N";2327;2204;2204;2204;0;0;0;0;0;0;0;0;0;33;90;90;0;0;"15:26:36";"30/12/2016"
"19/01/2026";"14:01:37";2016;2;"Eleição Ordinária";1;220;"Eleições Municipais 2016";"02/10/2016";"M";"SP";"70475";"SANTANA DE PARNAÍBA";"70475";"SANTANA DE PARNAÍBA";386;13;"Vereador";78574;211;6;0;217;66835;0;11739;"N";66835;58221;58221;54327;3894;3894;0;0;0;0;0;0;0;2634;5980;5980;0;0;"21:24:44";"02/10/2016"
"19/01/2026";"14:01:37";2016;2;"Eleição Ordinária";1;220;"Eleições Municipais 2016";"02/10/2016";"M";"SP";"61450";"ANHEMBI";"61450";"ANHEMBI";41;13;"Vereador";6162;19;0;0;19;4906;0;1256;"N";4906;4682;4682;4409;273;273;0;0;0;0;0;0;0;81;143;143;0;0;"13:15:30";"26/10/2016"
"19/01/2026";"14:01:37";2016;2;"Eleição Ordinária";1;220;"Eleições Municipais 2016";"02/10/2016";"M";"SP";"69698";"RIBEIRÃO PRETO";"69698";"RIBEIRÃO PRETO";293;13;"Vereador";72003;212;8;0;220;54622;0;17381;"N";54622;42474;42474;38938;3536;3536;0;0;0;0;0;0;0;3977;8171;8171;0;0;"13:53:25";"09/12/2016"
"19/01/2026";"14:01:37";2016;2;"Eleição Ordinária";1;220;"Eleições Municipais 2016";"02/10/2016";"M";"SP";"67911";"OSCAR BRESSANE";"67911";"OSCAR BRESSANE";12;13;"Vereador";2916;8;0;0;8;2539;0;377;"N";2539;2465;2465;2348;117;117;0;0;0;0;0;0;0;15;59;59;0;0;"17:49:32";"02/10/2016"
"19/01/2026";"14:01:37";2016;2;"Eleição Ordinária";1;220;"Eleições Municipais 2016";"02/10/2016";"M";"SP";"66397";"LIMEIRA";"66397";"LIMEIRA";66;13;"Vereador";115978;312;12;0;324;91333;0;24645;"N";91333;77506;77506;72596;4910;4910;0;0;0;0;0;0;0;5655;8172;8172;0;0;"19:40:26";"02/10/2016"
"19/01/2026";"14:01:37";2016;2;"Eleição Ordinária";1;220;"Eleições Municipais 2016";"02/10/2016";"M";"SP";"62693";"CABREÚVA";"62693";"CABREÚVA";59;13;"Vereador";33251;94;1;0;95;27105;0;6146;"N";27105;24662;24662;23361;1301;1301;0;0;0;0;0;0;0;1234;1209;1209;0;0;"11:52:41";"31/10/2016"
"19/01/2026";"14:01:37";2016;2;"Eleição Ordinária";1;220;"Eleições Municipais 2016";"02/10/2016";"M";"SP";"68179";"PARANAPANEMA";"68179";"PARANAPANEMA";301;13;"Vereador";13871;39;0;0;39;11284;0;2587;"N";11284;10610;10610;9850;760;760;0;0;0;0;0;0;0;343;331;331;0;0;"16:17:51";"28/10/2016"
"19/01/2026";"14:01:37";2016;2;"Eleição Ordinária";1;220;"Eleições Municipais 2016";"02/10/2016";"M";"SP";"71072";"SÃO PAULO";"71072";"SÃO PAULO";408;13;"Vereador";144660;404;4;0;408;114103;0;30557;"N";114103;89511;89511;75419;14092;14092;0;0;0;0;0;0;0;12052;12540;12540;0;0;"14:11:09";"26/06/2018"
"19/01/2026";"14:01:37";2016;2;"Eleição Ordinária";1;220;"Eleições Municipais 2016";"02/10/2016";"M";"SP";"61310";"AMERICANA";"61310";"AMERICANA";384;13;"Vereador";91225;254;0;0;254;74769;0;16456;"N";74769;63154;63154;59493;3661;3661;0;0;0;0;0;0;0;5340;6275;6275;0;0;"19:01:44";"02/10/2016"
"19/01/2026";"14:01:37";2016;2;"Eleição Ordinária";1;220;"Eleições Municipais 2016";"02/10/2016";"M";"SP";"61069";"MOTUCA";"61069";"MOTUCA";385;13;"Vereador";3760;11;0;0;11;3033;0;727;"N";3033;2877;2877;2730;147;147;0;0;0;0;0;0;0;71;85;85;0;0;"18:32:38";"02/10/2016"
"19/01/2026";"14:01:37";2016;2;"Eleição Ordinária";1;220;"Eleições Municipais 2016";"02/10/2016";"M";"SP";"67750";"OCAUÇU";"67750";"OCAUÇU";180;13;"Vereador";3558;12;0;0;12;2949;0;609;"N";2949;2739;2739;2617;122;122;0;0;0;0;0;0;0;90;120;120;0;0;"18:58:33";"02/10/2016"
"19/01/2026";"14:01:37";2016;2;"Eleição Ordinária";1;220;"Eleições Municipais 2016";"02/10/2016";"M";"SP";"67830";"ORIENTE";"67830";"ORIENTE";180;13;"Vereador";5418;15;0;0;15;4706;0;712;"N";4706;4274;4274;4053;221;221;0;0;0;0;0;0;0;117;315;315;0;0;"14:19:02";"21/10/2016"
"19/01/2026";"14:01:37";2016;2;"Eleição Ordinária";1;220;"Eleições Municipais 2016";"02/10/2016";"M";"SP";"71072";"SÃO PAULO";"71072";"SÃO PAULO";417;13;"Vereador";118182;312;1;0;313;94752;0;23430;"N";94752;69309;69309;57308;12001;12001;0;0;0;0;0;0;0;9980;15463;15463;0;0;"14:11:09";"26/06/2018"
"19/01/2026";"14:01:37";2016;2;"Eleição Ordinária";1;220;"Eleições Municipais 2016";"02/10/2016";"M";"SP";"71072";"SÃO PAULO";"71072";"SÃO PAULO";6;13;"Vereador";157270;442;0;0;442;117075;0;40195;"N";117075;98380;98380;81295;17085;17085;0;0;0;0;0;0;0;7596;11099;11099;0;0;"14:11:09";"26/06/2018"
"19/01/2026";"14:01:37";2016;2;"Eleição Ordinária";1;220;"Eleições Municipais 2016";"02/10/2016";"M";"SP";"70297";"SANTA CRUZ DO RIO PARDO";"70297";"SANTA CRUZ DO RIO PARDO";114;13;"Vereador";34478;92;0;0;92;26948;0;7530;"N";26948;24640;24640;23210;1430;1430;0;0;0;0;0;0;0;1293;1015;1015;0;0;"13:22:40";"27/10/2016"
"19/01/2026";"14:01:37";2016;2;"Eleição Ordinária";1;220;"Eleições Municipais 2016";"02/10/2016";"M";"SP";"71250";"SARUTAIÁ";"71250";"SARUTAIÁ";94;13;"Vereador";3387;9;0;0;9;2884;0;503;"N";2884;2777;2777;2639;138;138;0;0;0;0;0;0;0;29;78;78;0;0;"12:59:44";"04/11/2016"
"19/01/2026";"14:01:37";2016;2;"Eleição Ordinária";1;220;"Eleições Municipais 2016";"02/10/2016";"M";"SP";"61565";"POTIM";"61565";"POTIM";190;13;"Vereador";12198;36;2;0;38;10413;0;1785;"N";10413;9701;9701;9055;646;646;0;0;0;0;0;0;0;275;437;437;0;0;"19:01:52";"02/10/2016"
"19/01/2026";"14:01:37";2016;2;"Eleição Ordinária";1;220;"Eleições Municipais 2016";"02/10/2016";"M";"SP";"64190";"FLOREAL";"64190";"FLOREAL";162;13;"Vereador";2862;8;0;0;8;2507;0;355;"N";2507;2405;2405;2315;90;90;0;0;0;0;0;0;0;40;62;62;0;0;"17:55:15";"02/10/2016"
"19/01/2026";"14:01:37";2016;2;"Eleição Ordinária";1;220;"Eleições Municipais 2016";"02/10/2016";"M";"SP";"67679";"NOVA LUZITÂNIA";"67679";"NOVA LUZITÂNIA";162;13;"Vereador";2945;8;0;0;8;2666;0;279;"N";2666;2585;2585;2511;74;74;0;0;0;0;0;0;0;21;60;60;0;0;"18:32:34";"02/10/2016"
"19/01/2026";"14:01:37";2016;2;"Eleição Ordinária";1;220;"Eleições Municipais 2016";"02/10/2016";"M";"SP";"71919";"TIETÊ";"71919";"TIETÊ";142;13;"Vereador";29112;82;5;0;87;23219;0;5893;"N";23219;20744;20744;19354;1390;1390;0;0;0;0;0;0;0;1140;1335;1335;0;0;"18:30:35";"01/11/2016"
"19/01/2026";"14:01:37";2016;2;"Eleição Ordinária";1;220;"Eleições Municipais 2016";"02/10/2016";"M";"SP";"67253";"MONTE ALEGRE DO SUL";"67253";"MONTE ALEGRE DO SUL";8;13;"Vereador";6052;17;0;0;17;5137;0;915;"N";5137;4752;4752;4456;296;296;0;0;0;0;0;0;0;146;239;239;0;0;"18:52:55";"02/10/2016"
"19/01/2026";"14:01:37";2016;2;"Eleição Ordinária";1;220;"Eleições Municipais 2016";"02/10/2016";"M";"SP";"69353";"QUATÁ";"69353";"QUATÁ";104;13;"Vereador";10666;34;0;0;34;8574;0;2092;"N";8574;8144;8144;7681;463;463;0;0;0;0;0;0;0;230;200;200;0;0;"14:00:22";"31/10/2016"
"19/01/2026";"14:01:37";2016;2;"Eleição Ordinária";1;220;"Eleições Municipais 2016";"02/10/2016";"M";"SP";"66095";"JERIQUARA";"66095";"JERIQUARA";155;13;"Vereador";3490;10;0;0;10;2976;0;514;"N";2976;2847;2847;2663;184;184;0;0;0;0;0;0;0;35;94;94;0;0;"13:56:24";"05/12/2016"
"19/01/2026";"14:01:37";2016;2;"Eleição Ordinária";1;220;"Eleições Municipais 2016";"02/10/2016";"M";"SP";"68373";"PEDRA BELA";"68373";"PEDRA BELA";298;13;"Vereador";5156;14;0;0;14;4339;0;817;"N";4339;4114;4114;3837;277;277;0;0;0;0;0;0;0;108;117;117;0;0;"17:20:03";"02/10/2016"
"19/01/2026";"14:01:37";2016;2;"Eleição Ordinária";1;220;"Eleições Municipais 2016";"02/10/2016";"M";"SP";"67016";"MIRA ESTRELA";"67016";"MIRA ESTRELA";224;13;"Vereador";2684;8;0;0;8;2264;0;420;"N";2264;2182;2182;2061;121;121;0;0;0;0;0;0;0;25;57;57;0;0;"17:56:52";"02/10/2016"
"19/01/2026";"14:01:37";2016;2;"Eleição Ordinária";1;220;"Eleições Municipais 2016";"02/10/2016";"M";"SP";"65935";"JACUPIRANGA";"65935";"JACUPIRANGA";228;13;"Vereador";13740;42;3;0;45;10085;0;3655;"N";10085;9504;9504;8772;732;732;0;0;0;0;0;0;0;301;280;280;0;0;"18:39:28";"02/10/2016"
"19/01/2026";"14:01:37";2016;2;"Eleição Ordinária";1;220;"Eleições Municipais 2016";"02/10/2016";"M";"SP";"62197";"BAURU";"62197";"BAURU";300;11;"Prefeito";76798;224;2;0;226;59443;0;17355;"N";59443;49538;49538;49538;0;0;0;0;0;0;0;0;0;3469;6436;6436;0;0;"12:12:53";"01/12/2016"
"19/01/2026";"14:01:37";2016;2;"Eleição Ordinária";1;220;"Eleições Municipais 2016";"02/10/2016";"M";"SP";"70793";"SÃO CARLOS";"70793";"SÃO CARLOS";121;11;"Prefeito";98727;279;3;0;282;77135;0;21592;"N";77135;66601;66601;66601;0;0;0;0;0;0;0;0;0;3176;7358;7358;0;0;"19:16:31";"02/10/2016"
"19/01/2026";"14:01:37";2016;2;"Eleição Ordinária";1;220;"Eleições Municipais 2016";"02/10/2016";"M";"SP";"66958";"MIGUELÓPOLIS";"66958";"MIGUELÓPOLIS";208;11;"Prefeito";17268;47;4;0;51;13649;0;3619;"N";13649;12774;12774;12774;0;0;0;0;0;0;0;0;0;285;590;590;0;0;"17:55:44";"02/10/2016"
"19/01/2026";"14:01:37";2016;2;"Eleição Ordinária";1;220;"Eleições Municipais 2016";"02/10/2016";"M";"SP";"62065";"ARCO-ÍRIS";"62065";"ARCO-ÍRIS";143;11;"Prefeito";2241;6;0;0;6;2037;0;204;"N";2037;1983;1983;1983;0;0;0;0;0;0;0;0;0;6;48;48;0;0;"18:17:13";"02/10/2016"
"19/01/2026";"14:01:37";2016;2;"Eleição Ordinária";1;220;"Eleições Municipais 2016";"02/10/2016";"M";"SP";"71412";"SILVEIRAS";"71412";"SILVEIRAS";145;11;"Prefeito";5332;16;1;0;17;4505;0;827;"N";4505;4289;4289;4289;0;0;0;0;0;0;0;0;0;61;155;155;0;0;"19:14:20";"02/10/2016"
"19/01/2026";"14:01:37";2016;2;"Eleição Ordinária";1;220;"Eleições Municipais 2016";"02/10/2016";"M";"SP";"65498";"ITAPEVA";"65498";"ITAPEVA";53;11;"Prefeito";69478;205;2;0;207;54572;0;14906;"N";54572;50956;50956;50956;0;0;0;0;0;0;0;0;0;1291;2325;2325;0;0;"14:27:46";"10/08/2017"
"19/01/2026";"14:01:37";2016;2;"Eleição Ordinária";1;220;"Eleições Municipais 2016";"02/10/2016";"M";"SP";"66079";"JAÚ";"66079";"JAÚ";63;11;"Prefeito";98929;273;2;0;275;78978;0;19951;"N";78978;47779;47779;47779;0;0;0;0;0;0;0;0;0;3417;27782;27782;0;0;"19:22:31";"02/10/2016"
"19/01/2026";"14:01:37";2016;2;"Eleição Ordinária";1;220;"Eleições Municipais 2016";"02/10/2016";"M";"SP";"71056";"SÃO MIGUEL ARCANJO";"71056";"SÃO MIGUEL ARCANJO";318;11;"Prefeito";25053;76;7;0;83;19577;0;5476;"N";19577;17807;17807;17807;0;0;0;0;0;0;0;0;0;602;1168;1168;0;0;"18:35:48";"02/10/2016"
"19/01/2026";"14:01:37";2016;2;"Eleição Ordinária";1;220;"Eleições Municipais 2016";"02/10/2016";"M";"SP";"65617";"ITAPURA";"65617";"ITAPURA";88;11;"Prefeito";4050;11;1;0;12;3257;0;793;"N";3257;2983;2983;2983;0;0;0;0;0;0;0;0;0;99;175;175;0;0;"20:30:29";"02/10/2016"
"19/01/2026";"14:01:37";2016;2;"Eleição Ordinária";1;220;"Eleições Municipais 2016";"02/10/2016";"M";"SP";"66532";"LUÍS ANTÔNIO";"66532";"LUÍS ANTÔNIO";133;11;"Prefeito";9458;25;0;0;25;7816;0;1642;"N";7816;7428;7428;7428;0;0;0;0;0;0;0;0;0;83;305;305;0;0;"18:18:59";"02/10/2016"
"19/01/2026";"14:01:37";2016;2;"Eleição Ordinária";1;220;"Eleições Municipais 2016";"02/10/2016";"M";"SP";"61352";"AMÉRICO DE CAMPOS";"61352";"AMÉRICO DE CAMPOS";138;11;"Prefeito";4879;15;0;0;15;4326;0;553;"N";4326;4055;4055;4055;0;0;0;0;0;0;0;0;0;72;199;199;0;0;"17:31:35";"02/10/2016"
"19/01/2026";"14:01:37";2016;2;"Eleição Ordinária";1;220;"Eleições Municipais 2016";"02/10/2016";"M";"SP";"64777";"GUARULHOS";"64777";"GUARULHOS";393;11;"Prefeito";125918;352;5;0;357;102089;0;23829;"N";102089;82237;82237;82237;0;0;0;0;0;0;0;0;0;6436;13416;13416;0;0;"14:52:34";"26/10/2016"
"19/01/2026";"14:01:37";2016;2;"Eleição Ordinária";1;220;"Eleições Municipais 2016";"02/10/2016";"M";"SP";"71072";"SÃO PAULO";"71072";"SÃO PAULO";251;11;"Prefeito";117041;315;0;0;315;86713;0;30328;"N";86713;80023;80023;80023;0;0;0;0;0;0;0;0;0;1904;4786;4786;0;0;"14:11:09";"26/06/2018"
"19/01/2026";"14:01:37";2016;2;"Eleição Ordinária";1;220;"Eleições Municipais 2016";"02/10/2016";"M";"SP";"72419";"VISTA ALEGRE DO ALTO";"72419";"VISTA ALEGRE DO ALTO";76;11;"Prefeito";5411;15;2;0;17;4663;0;748;"N";4663;4420;4420;4420;0;0;0;0;0;0;0;0;0;106;137;137;0;0;"18:43:17";"02/10/2016"
"19/01/2026";"14:01:37";2016;2;"Eleição Ordinária";1;220;"Eleições Municipais 2016";"02/10/2016";"M";"SP";"68918";"PITANGUEIRAS";"68918";"PITANGUEIRAS";98;11;"Prefeito";26651;76;0;0;76;20805;0;5846;"N";20805;18996;18996;18996;0;0;0;0;0;0;0;0;0;629;1180;1180;0;0;"18:30:36";"02/10/2016"
"19/01/2026";"14:01:37";2016;2;"Eleição Ordinária";1;220;"Eleições Municipais 2016";"02/10/2016";"M";"SP";"67393";"MORRO AGUDO";"67393";"MORRO AGUDO";336;11;"Prefeito";20541;60;1;0;61;16693;0;3848;"N";16693;14987;14987;14987;0;0;0;0;0;0;0;0;0;535;1171;1171;0;0;"18:15:54";"02/10/2016"
"19/01/2026";"14:01:37";2016;2;"Eleição Ordinária";1;220;"Eleições Municipais 2016";"02/10/2016";"M";"SP";"70750";"SÃO BERNARDO DO CAMPO";"70750";"SÃO BERNARDO DO CAMPO";174;11;"Prefeito";137650;420;3;0;423;111524;0;26126;"N";111524;86787;86787;86787;0;0;0;0;0;0;0;0;0;7130;17607;17607;0;0;"14:02:48";"14/12/2016"
"19/01/2026";"14:01:37";2016;2;"Eleição Ordinária";1;220;"Eleições Municipais 2016";"02/10/2016";"M";"SP";"71390";"SEVERÍNIA";"71390";"SEVERÍNIA";80;11;"Prefeito";12667;34;1;0;35;10802;0;1865;"N";10802;10274;10274;10274;0;0;0;0;0;0;0;0;0;205;323;323;0;0;"19:11:48";"02/10/2016"
"19/01/2026";"14:01:37";2016;2;"Eleição Ordinária";1;220;"Eleições Municipais 2016";"02/10/2016";"M";"SP";"61328";"SANTO ANTÔNIO DO ARACANGUÁ";"61328";"SANTO ANTÔNIO DO ARACANGUÁ";299;11;"Prefeito";6441;19;0;0;19;5803;0;638;"N";5803;5595;5595;5595;0;0;0;0;0;0;0;0;0;52;156;156;0;0;"19:47:43";"02/10/2016"
"19/01/2026";"14:01:37";2016;2;"Eleição Ordinária";1;220;"Eleições Municipais 2016";"02/10/2016";"M";"SP";"62774";"CAFELÂNDIA";"62774";"CAFELÂNDIA";31;11;"Prefeito";13573;38;1;0;39;10467;0;3106;"N";10467;4307;4307;4307;0;0;0;0;0;0;0;0;0;329;5831;5831;0;0;"15:01:25";"23/01/2017"
"19/01/2026";"14:01:37";2016;2;"Eleição Ordinária";1;220;"Eleições Municipais 2016";"02/10/2016";"M";"SP";"70696";"SANTÓPOLIS DO AGUAPEÍ";"70696";"SANTÓPOLIS DO AGUAPEÍ";25;11;"Prefeito";3389;10;0;0;10;2835;0;554;"N";2835;2343;2343;2343;0;0;0;0;0;0;0;0;0;125;367;367;0;0;"19:39:42";"02/10/2016"
"19/01/2026";"14:01:37";2016;2;"Eleição Ordinária";1;220;"Eleições Municipais 2016";"02/10/2016";"M";"SP";"61476";"ANHUMAS";"61476";"ANHUMAS";182;11;"Prefeito";3474;10;0;0;10;3047;0;427;"N";3047;2956;2956;2956;0;0;0;0;0;0;0;0;0;13;78;78;0;0;"18:29:17";"02/10/2016"
"19/01/2026";"14:01:37";2016;2;"Eleição Ordinária";1;220;"Eleições Municipais 2016";"02/10/2016";"M";"SP";"63614";"COTIA";"63614";"COTIA";227;13;"Vereador";106598;308;23;0;331;87908;0;18690;"N";87908;76673;76673;71132;5541;5541;0;0;0;0;0;0;0;4774;6461;6461;0;0;"16:02:37";"29/09/2017"
"19/01/2026";"14:01:37";2016;2;"Eleição Ordinária";1;220;"Eleições Municipais 2016";"02/10/2016";"M";"SP";"71072";"SÃO PAULO";"71072";"SÃO PAULO";376;13;"Vereador";235777;651;0;0;651;187613;0;48164;"N";187613;140392;140392;118004;22388;22388;0;0;0;0;0;0;0;21642;25579;25579;0;0;"14:11:09";"26/06/2018"
"19/01/2026";"14:01:37";2016;2;"Eleição Ordinária";1;220;"Eleições Municipais 2016";"02/10/2016";"M";"SP";"65579";"ITAPORANGA";"65579";"ITAPORANGA";56;13;"Vereador";11560;34;0;0;34;9273;0;2287;"N";9273;8829;8829;8261;568;568;0;0;0;0;0;0;0;202;242;242;0;0;"17:54:46";"02/10/2016"
"19/01/2026";"14:01:37";2016;2;"Eleição Ordinária";1;220;"Eleições Municipais 2016";"02/10/2016";"M";"SP";"71153";"SÃO SEBASTIÃO";"71153";"SÃO SEBASTIÃO";132;13;"Vereador";58936;176;1;0;177;46712;0;12224;"N";46712;42505;42505;40066;2439;2439;0;0;0;0;0;0;0;1289;2918;2918;0;0;"19:30:34";"02/10/2016"
"19/01/2026";"14:01:37";2016;2;"Eleição Ordinária";1;220;"Eleições Municipais 2016";"02/10/2016";"M";"SP";"61557";"ARAÇATUBA";"61557";"ARAÇATUBA";299;13;"Vereador";73442;207;3;0;210;57355;0;16087;"N";57355;51347;51347;48110;3237;3237;0;0;0;0;0;0;0;2596;3412;3412;0;0;"10:54:54";"17/11/2016"
"19/01/2026";"14:01:37";2016;2;"Eleição Ordinária";1;220;"Eleições Municipais 2016";"02/10/2016";"M";"SP";"67113";"MOCOCA";"67113";"MOCOCA";73;13;"Vereador";53821;148;0;0;148;40326;0;13495;"N";40326;34812;34812;32379;2433;2433;0;0;0;0;0;0;0;2631;2883;2883;0;0;"16:33:35";"09/02/2017"
"19/01/2026";"14:01:37";2016;2;"Eleição Ordinária";1;220;"Eleições Municipais 2016";"02/10/2016";"M";"SP";"68799";"PIRAJUÍ";"68799";"PIRAJUÍ";95;13;"Vereador";16166;50;5;0;55;12428;0;3738;"N";12428;11328;11328;10649;679;679;0;0;0;0;0;0;0;379;721;721;0;0;"15:39:50";"19/12/2016"
"19/01/2026";"14:01:37";2016;2;"Eleição Ordinária";1;220;"Eleições Municipais 2016";"02/10/2016";"M";"SP";"71072";"SÃO PAULO";"71072";"SÃO PAULO";351;13;"Vereador";133860;357;0;0;357;103404;0;30456;"N";103404;78007;78007;63271;14736;14736;0;0;0;0;0;0;0;11790;13607;13607;0;0;"14:11:09";"26/06/2018"
"19/01/2026";"14:01:37";2016;2;"Eleição Ordinária";1;220;"Eleições Municipais 2016";"02/10/2016";"M";"SP";"68497";"PEREIRA BARRETO";"68497";"PEREIRA BARRETO";88;13;"Vereador";20171;64;3;0;67;14892;0;5279;"N";14892;13668;13668;12793;875;875;0;0;0;0;0;0;0;605;619;619;0;0;"13:14:36";"16/11/2016"
"19/01/2026";"14:01:37";2016;2;"Eleição Ordinária";1;220;"Eleições Municipais 2016";"02/10/2016";"M";"SP";"61433";"ANGATUBA";"61433";"ANGATUBA";215;13;"Vereador";17778;53;1;0;54;14514;0;3264;"N";14514;13751;13751;12820;931;931;0;0;0;0;0;0;0;377;386;386;0;0;"14:25:37";"26/07/2017"
"19/01/2026";"14:01:37";2016;2;"Eleição Ordinária";1;220;"Eleições Municipais 2016";"02/10/2016";"M";"SP";"71854";"TEJUPÁ";"71854";"TEJUPÁ";94;13;"Vereador";4185;13;0;0;13;3534;0;651;"N";3534;3413;3413;3258;155;155;0;0;0;0;0;0;0;40;81;81;0;0;"18:39:40";"02/10/2016"
"19/01/2026";"14:01:37";2016;2;"Eleição Ordinária";1;220;"Eleições Municipais 2016";"02/10/2016";"M";"SP";"64297";"FRANCO DA ROCHA";"64297";"FRANCO DA ROCHA";192;13;"Vereador";97909;258;6;0;264;78354;0;19555;"N";78354;66693;66693;59039;7654;7654;0;0;0;0;0;0;0;5135;6526;6526;0;0;"14:05:02";"16/12/2021"
"19/01/2026";"14:01:37";2016;2;"Eleição Ordinária";1;220;"Eleições Municipais 2016";"02/10/2016";"M";"SP";"63592";"COSMORAMA";"63592";"COSMORAMA";138;13;"Vereador";6297;20;0;0;20;5371;0;926;"N";5371;5101;5101;4803;298;298;0;0;0;0;0;0;0;96;174;174;0;0;"15:23:38";"31/10/2016"
"19/01/2026";"14:01:37";2016;2;"Eleição Ordinária";1;220;"Eleições Municipais 2016";"02/10/2016";"M";"SP";"71072";"SÃO PAULO";"71072";"SÃO PAULO";403;13;"Vereador";95051;277;5;0;282;76993;0;18058;"N";76993;58015;58015;49614;8401;8401;0;0;0;0;0;0;0;8601;10377;10377;0;0;"14:11:09";"26/06/2018"
"19/01/2026";"14:01:37";2016;2;"Eleição Ordinária";1;220;"Eleições Municipais 2016";"02/10/2016";"M";"SP";"62510";"BRAGANÇA PAULISTA";"62510";"BRAGANÇA PAULISTA";27;13;"Vereador";121938;317;0;0;317;97104;0;24834;"N";97104;85097;85097;77957;7140;7140;0;0;0;0;0;0;0;5628;6379;6379;0;0;"20:02:31";"02/10/2016"
"19/01/2026";"14:01:37";2016;2;"Eleição Ordinária";1;220;"Eleições Municipais 2016";"02/10/2016";"M";"SP";"71072";"SÃO PAULO";"71072";"SÃO PAULO";2;13;"Vereador";175694;514;0;0;514;129082;0;46612;"N";129082;109477;109477;89997;19480;19480;0;0;0;0;0;0;0;8139;11466;11466;0;0;"14:11:09";"26/06/2018"
"19/01/2026";"14:01:37";2016;2;"Eleição Ordinária";1;220;"Eleições Municipais 2016";"02/10/2016";"M";"SP";"71072";"SÃO PAULO";"71072";"SÃO PAULO";247;13;"Vereador";112119;326;0;0;326;89329;0;22790;"N";89329;67728;67728;57193;10535;10535;0;0;0;0;0;0;0;8837;12764;12764;0;0;"14:11:09";"26/06/2018"
"19/01/2026";"14:01:37";2016;2;"Eleição Ordinária";1;220;"Eleições Municipais 2016";"02/10/2016";"M";"SP";"71072";"SÃO PAULO";"71072";"SÃO PAULO";328;13;"Vereador";162340;424;0;0;424;128615;0;33725;"N";128615;94797;94797;77976;16821;16821;0;0;0;0;0;0;0;15482;18336;18336;0;0;"14:11:09";"26/06/2018"
"19/01/2026";"14:01:37";2016;2;"Eleição Ordinária";1;220;"Eleições Municipais 2016";"02/10/2016";"M";"SP";"61131";"AGUDOS";"61131";"AGUDOS";7;13;"Vereador";29502;86;2;0;88;24052;0;5450;"N";24052;22423;22423;21212;1211;1211;0;0;0;0;0;0;0;692;937;937;0;0;"18:47:34";"02/10/2016"
"19/01/2026";"14:01:37";2016;2;"Eleição Ordinária";1;220;"Eleições Municipais 2016";"02/10/2016";"M";"SP";"63436";"COLÔMBIA";"63436";"COLÔMBIA";21;13;"Vereador";6030;17;0;0;17;5132;0;898;"N";5132;4976;4976;4733;243;243;0;0;0;0;0;0;0;50;106;106;0;0;"19:11:44";"02/10/2016"
"19/01/2026";"14:01:37";2016;2;"Eleição Ordinária";1;220;"Eleições Municipais 2016";"02/10/2016";"M";"SP";"64777";"GUARULHOS";"64777";"GUARULHOS";279;13;"Vereador";130120;360;2;0;362;108760;0;21360;"N";108760;91647;91647;85487;6160;6160;0;0;0;0;0;0;0;5541;11572;11572;0;0;"18:30:53";"18/12/2020"
"19/01/2026";"14:01:37";2016;2;"Eleição Ordinária";1;220;"Eleições Municipais 2016";"02/10/2016";"M";"SP";"68594";"PILAR DO SUL";"68594";"PILAR DO SUL";89;13;"Vereador";21341;56;3;0;59;17089;0;4252;"N";17089;15378;15378;14007;1371;1371;0;0;0;0;0;0;0;986;725;725;0;0;"19:39:42";"02/10/2016"
"19/01/2026";"14:01:37";2016;2;"Eleição Ordinária";1;220;"Eleições Municipais 2016";"02/10/2016";"M";"SP";"63894";"DRACENA";"63894";"DRACENA";149;13;"Vereador";34336;97;0;0;97;26579;0;7757;"N";26579;23966;23966;22559;1407;1407;0;0;0;0;0;0;0;1342;1271;1271;0;0;"13:28:01";"17/10/2016"
"19/01/2026";"14:01:37";2016;2;"Eleição Ordinária";1;220;"Eleições Municipais 2016";"02/10/2016";"M";"SP";"62774";"CAFELÂNDIA";"62774";"CAFELÂNDIA";31;13;"Vereador";13573;38;1;0;39;10467;0;3106;"N";10467;9894;9894;6710;3184;3184;0;0;0;0;0;0;0;314;259;259;0;0;"10:44:48";"15/12/2017"
"19/01/2026";"14:01:37";2016;2;"Eleição Ordinária";2;221;"Eleições Municipais 2016";"30/10/2016";"M";"SP";"64777";"GUARULHOS";"64777";"GUARULHOS";395;11;"Prefeito";87481;241;0;0;241;66985;0;20496;"N";66985;55888;55888;55888;0;0;0;0;0;0;0;0;0;3425;7672;7672;0;0;"20:25:46";"30/10/2016"
"19/01/2026";"14:01:37";2016;2;"Eleição Ordinária";2;221;"Eleições Municipais 2016";"30/10/2016";"M";"SP";"71455";"SOROCABA";"71455";"SOROCABA";357;11;"Prefeito";108222;290;7;0;297;87756;0;20466;"N";87756;76410;76410;76410;0;0;0;0;0;0;0;0;0;3074;8272;8272;0;0;"19:47:40";"30/10/2016"
"19/01/2026";"14:01:37";2016;2;"Eleição Ordinária";1;220;"Eleições Municipais 2016";"02/10/2016";"M";"SP";"61670";"AREALVA";"61670";"AREALVA";300;11;"Prefeito";6519;21;0;0;21;5504;0;1015;"N";5504;5225;5225;5225;0;0;0;0;0;0;0;0;0;94;185;185;0;0;"18:29:04";"02/10/2016"
"19/01/2026";"14:01:37";2016;2;"Eleição Ordinária";1;220;"Eleições Municipais 2016";"02/10/2016";"M";"SP";"71234";"SARAPUÍ";"71234";"SARAPUÍ";52;11;"Prefeito";7328;21;0;0;21;5973;0;1355;"N";5973;5545;5545;5545;0;0;0;0;0;0;0;0;0;135;293;293;0;0;"20:33:04";"02/10/2016"
"19/01/2026";"14:01:37";2016;2;"Eleição Ordinária";1;220;"Eleições Municipais 2016";"02/10/2016";"M";"SP";"69698";"RIBEIRÃO PRETO";"69698";"RIBEIRÃO PRETO";293;11;"Prefeito";72003;212;8;0;220;54622;0;17381;"N";54622;40923;40923;40923;0;0;0;0;0;0;0;0;0;3739;9960;9960;0;0;"20:23:57";"02/10/2016"
"19/01/2026";"14:01:37";2016;2;"Eleição Ordinária";1;220;"Eleições Municipais 2016";"02/10/2016";"M";"SP";"61107";"GUATAPARÁ";"61107";"GUATAPARÁ";293;11;"Prefeito";5560;15;1;0;16;4621;0;939;"N";4621;4345;4345;4345;0;0;0;0;0;0;0;0;0;117;159;159;0;0;"19:13:01";"02/10/2016"
"19/01/2026";"14:01:37";2016;2;"Eleição Ordinária";1;220;"Eleições Municipais 2016";"02/10/2016";"M";"SP";"63290";"CERQUEIRA CÉSAR";"63290";"CERQUEIRA CÉSAR";205;11;"Prefeito";14687;42;0;0;42;11235;0;3452;"N";11235;10350;10350;10350;0;0;0;0;0;0;0;0;0;335;550;550;0;0;"18:19:01";"02/10/2016"
"19/01/2026";"14:01:37";2016;2;"Eleição Ordinária";1;220;"Eleições Municipais 2016";"02/10/2016";"M";"SP";"71072";"SÃO PAULO";"71072";"SÃO PAULO";404;11;"Prefeito";172095;479;1;0;480;141050;0;31045;"N";141050;112763;112763;112763;0;0;0;0;0;0;0;0;0;9847;18440;18440;0;0;"14:11:09";"26/06/2018"
"19/01/2026";"14:01:37";2016;2;"Eleição Ordinária";1;220;"Eleições Municipais 2016";"02/10/2016";"M";"SP";"71072";"SÃO PAULO";"71072";"SÃO PAULO";351;11;"Prefeito";133860;357;0;0;357;103404;0;30456;"N";103404;85419;85419;85419;0;0;0;0;0;0;0;0;0;6391;11594;11594;0;0;"14:11:09";"26/06/2018"
"19/01/2026";"14:01:37";2016;2;"Eleição Ordinária";1;220;"Eleições Municipais 2016";"02/10/2016";"M";"SP";"70572";"SANTO ANDRÉ";"70572";"SANTO ANDRÉ";306;11;"Prefeito";33335;90;0;0;90;24762;0;8573;"N";24762;19645;19645;19645;0;0;0;0;0;0;0;0;0;1251;3866;3866;0;0;"13:10:52";"29/10/2016"
"19/01/2026";"14:01:37";2016;2;"Eleição Ordinária";1;220;"Eleições Municipais 2016";"02/10/2016";"M";"SP";"70335";"SANTA FÉ DO SUL";"70335";"SANTA FÉ DO SUL";187;11;"Prefeito";24779;70;0;0;70;18814;0;5965;"N";18814;17239;17239;17239;0;0;0;0;0;0;0;0;0;524;1051;1051;0;0;"18:52:42";"02/10/2016"
"19/01/2026";"14:01:37";2016;2;"Eleição Ordinária";1;220;"Eleições Municipais 2016";"02/10/2016";"M";"SP";"63118";"CARAGUATATUBA";"63118";"CARAGUATATUBA";206;11;"Prefeito";84725;234;4;0;238;66353;0;18372;"N";66353;59142;59142;59142;0;0;0;0;0;0;0;0;0;2842;4369;4369;0;0;"18:50:36";"02/10/2016"
"19/01/2026";"14:01:37";2016;2;"Eleição Ordinária";1;220;"Eleições Municipais 2016";"02/10/2016";"M";"SP";"69299";"PRESIDENTE PRUDENTE";"69299";"PRESIDENTE PRUDENTE";101;11;"Prefeito";80414;241;1;0;242;59435;0;20979;"N";59435;53070;53070;53070;0;0;0;0;0;0;0;0;0;2264;4101;4101;0;0;"14:00:00";"28/10/2016"
"19/01/2026";"14:01:37";2016;2;"Eleição Ordinária";1;220;"Eleições Municipais 2016";"02/10/2016";"M";"SP";"61050";"AGUAÍ";"61050";"AGUAÍ";334;11;"Prefeito";24884;64;0;0;64;19264;0;5620;"N";19264;17349;17349;17349;0;0;0;0;0;0;0;0;0;701;1214;1214;0;0;"17:52:53";"02/10/2016"
"19/01/2026";"14:01:37";2016;2;"Eleição Ordinária";1;220;"Eleições Municipais 2016";"02/10/2016";"M";"SP";"62871";"CAJOBI";"62871";"CAJOBI";80;11;"Prefeito";8268;22;0;0;22;7043;0;1225;"N";7043;6691;6691;6691;0;0;0;0;0;0;0;0;0;74;278;278;0;0;"19:23:45";"02/10/2016"
"19/01/2026";"14:01:37";2016;2;"Eleição Ordinária";1;220;"Eleições Municipais 2016";"02/10/2016";"M";"SP";"66753";"MARABÁ PAULISTA";"66753";"MARABÁ PAULISTA";102;11;"Prefeito";3541;10;0;0;10;2937;0;604;"N";2937;2808;2808;2808;0;0;0;0;0;0;0;0;0;35;94;94;0;0;"18:43:50";"02/10/2016"
"19/01/2026";"14:01:37";2016;2;"Eleição Ordinária";1;220;"Eleições Municipais 2016";"02/10/2016";"M";"SP";"67512";"NEVES PAULISTA";"67512";"NEVES PAULISTA";72;11;"Prefeito";7587;22;2;0;24;6279;0;1308;"N";6279;5863;5863;5863;0;0;0;0;0;0;0;0;0;162;254;254;0;0;"12:47:44";"03/02/2017"
"19/01/2026";"14:01:37";2016;2;"Eleição Ordinária";1;220;"Eleições Municipais 2016";"02/10/2016";"M";"SP";"69310";"PRESIDENTE VENCESLAU";"69310";"PRESIDENTE VENCESLAU";102;13;"Vereador";29525;88;0;0;88;22281;0;7244;"N";22281;19828;19828;18673;1155;1155;0;0;0;0;0;0;0;834;1619;1619;0;0;"18:29:45";"02/10/2016"
"19/01/2026";"14:01:37";2016;2;"Eleição Ordinária";1;220;"Eleições Municipais 2016";"02/10/2016";"M";"SP";"71331";"SERRA NEGRA";"71331";"SERRA NEGRA";134;13;"Vereador";22400;69;3;0;72;17267;0;5133;"N";17267;15953;15953;14836;1117;1117;0;0;0;0;0;0;0;556;758;758;0;0;"12:29:26";"31/10/2016"
"19/01/2026";"14:01:37";2016;2;"Eleição Ordinária";1;220;"Eleições Municipais 2016";"02/10/2016";"M";"SP";"69698";"RIBEIRÃO PRETO";"69698";"RIBEIRÃO PRETO";266;13;"Vereador";96596;272;1;0;273;71240;0;25356;"N";71240;56382;56382;51745;4637;4637;0;0;0;0;0;0;0;4844;10014;10014;0;0;"13:53:25";"09/12/2016"
"19/01/2026";"14:01:37";2016;2;"Eleição Ordinária";1;220;"Eleições Municipais 2016";"02/10/2016";"M";"SP";"70572";"SANTO ANDRÉ";"70572";"SANTO ANDRÉ";308;13;"Vereador";42745;118;0;0;118;32845;0;9900;"N";32845;24902;24902;20407;4495;4495;0;0;0;0;0;0;0;2268;5675;5675;0;0;"15:33:26";"05/06/2017"
"19/01/2026";"14:01:37";2016;2;"Eleição Ordinária";1;220;"Eleições Municipais 2016";"02/10/2016";"M";"SP";"65234";"IPEÚNA";"65234";"IPEÚNA";245;13;"Vereador";5136;18;0;0;18;4435;0;701;"N";4435;4220;4220;3995;225;225;0;0;0;0;0;0;0;92;123;123;0;0;"09:20:27";"03/12/2016"
"19/01/2026";"14:01:37";2016;2;"Eleição Ordinária";1;220;"Eleições Municipais 2016";"02/10/2016";"M";"SP";"61107";"GUATAPARÁ";"61107";"GUATAPARÁ";293;13;"Vereador";5560;15;1;0;16;4621;0;939;"N";4621;4426;4426;4193;233;233;0;0;0;0;0;0;0;94;101;101;0;0;"19:13:01";"02/10/2016"
"19/01/2026";"14:01:37";2016;2;"Eleição Ordinária";1;220;"Eleições Municipais 2016";"02/10/2016";"M";"SP";"71978";"TREMEMBÉ";"71978";"TREMEMBÉ";314;13;"Vereador";25686;74;3;0;77;20423;0;5263;"N";20423;18369;18369;17316;1053;1053;0;0;0;0;0;0;0;997;1057;1057;0;0;"18:54:11";"02/10/2016"
"19/01/2026";"14:01:37";2016;2;"Eleição Ordinária";1;220;"Eleições Municipais 2016";"02/10/2016";"M";"SP";"68330";"PAULO DE FARIA";"68330";"PAULO DE FARIA";164;13;"Vereador";6676;19;1;0;20;5432;0;1244;"N";5432;4935;4935;4599;336;336;0;0;0;0;0;0;0;64;433;433;0;0;"14:13:53";"04/10/2017"
"19/01/2026";"14:01:37";2016;2;"Eleição Ordinária";1;220;"Eleições Municipais 2016";"02/10/2016";"M";"SP";"69051";"PONTAL";"69051";"PONTAL";135;13;"Vereador";27828;79;0;0;79;22408;0;5420;"N";22408;20730;20730;19478;1252;1252;0;0;0;0;0;0;0;792;886;886;0;0;"12:54:26";"31/10/2016"
"19/01/2026";"14:01:37";2016;2;"Eleição Ordinária";1;220;"Eleições Municipais 2016";"02/10/2016";"M";"SP";"61816";"ATIBAIA";"61816";"ATIBAIA";16;13;"Vereador";104901;309;6;0;315;80646;0;24255;"N";80646;67849;67849;62974;4875;4875;0;0;0;0;0;0;0;5701;7096;7096;0;0;"15:12:38";"31/10/2016"
"19/01/2026";"14:01:37";2016;2;"Eleição Ordinária";1;220;"Eleições Municipais 2016";"02/10/2016";"M";"SP";"64033";"EMBU-GUAÇU";"64033";"EMBU-GUAÇU";370;13;"Vereador";52749;137;0;0;137;41820;0;10929;"N";41820;36241;36241;33733;2508;2508;0;0;0;0;0;0;0;2015;3564;3564;0;0;"15:12:49";"11/09/2017"
"19/01/2026";"14:01:37";2016;2;"Eleição Ordinária";1;220;"Eleições Municipais 2016";"02/10/2016";"M";"SP";"71072";"SÃO PAULO";"71072";"SÃO PAULO";413;13;"Vereador";138363;387;2;0;389;109473;0;28890;"N";109473;84068;84068;69569;14499;14499;0;0;0;0;0;0;0;9919;15486;15486;0;0;"14:11:09";"26/06/2018"
"19/01/2026";"14:01:37";2016;2;"Eleição Ordinária";1;220;"Eleições Municipais 2016";"02/10/2016";"M";"SP";"64017";"EMBU DAS ARTES";"64017";"EMBU DAS ARTES";391;13;"Vereador";83762;273;3;0;276;74181;0;9581;"N";74181;63180;63180;58311;4869;4869;0;0;0;0;0;0;0;4323;6678;6678;0;0;"14:01:46";"19/05/2017"
"19/01/2026";"14:01:37";2016;2;"Eleição Ordinária";1;220;"Eleições Municipais 2016";"02/10/2016";"M";"SP";"63070";"CAPELA DO ALTO";"63070";"CAPELA DO ALTO";140;13;"Vereador";13293;38;1;0;39;11149;0;2144;"N";11149;10325;10325;9625;700;700;0;0;0;0;0;0;0;435;389;389;0;0;"14:17:24";"03/11/2016"
"19/01/2026";"14:01:37";2016;2;"Eleição Ordinária";1;220;"Eleições Municipais 2016";"02/10/2016";"M";"SP";"62219";"BEBEDOURO";"62219";"BEBEDOURO";24;13;"Vereador";58141;162;4;0;166;44102;0;14039;"N";44102;38404;38404;36060;2344;2344;0;0;0;0;0;0;0;2648;3050;3050;0;0;"15:19:58";"27/10/2016"
"19/01/2026";"14:01:37";2016;2;"Eleição Ordinária";1;220;"Eleições Municipais 2016";"02/10/2016";"M";"SP";"62995";"CANANÉIA";"62995";"CANANÉIA";36;13;"Vereador";10259;33;2;0;35;7868;0;2391;"N";7868;7583;7583;7194;389;389;0;0;0;0;0;0;0;110;175;175;0;0;"18:27:24";"02/10/2016"
"19/01/2026";"14:01:37";2016;2;"Eleição Ordinária";1;220;"Eleições Municipais 2016";"02/10/2016";"M";"SP";"61751";"ARTUR NOGUEIRA";"61751";"ARTUR NOGUEIRA";75;13;"Vereador";34715;89;0;0;89;29109;0;5606;"N";29109;26264;26264;24362;1902;1902;0;0;0;0;0;0;0;1265;1580;1580;0;0;"14:04:56";"18/04/2018"
"19/01/2026";"14:01:37";2016;2;"Eleição Ordinária";1;220;"Eleições Municipais 2016";"02/10/2016";"M";"SP";"64157";"FERRAZ DE VASCONCELOS";"64157";"FERRAZ DE VASCONCELOS";401;13;"Vereador";124743;363;5;0;368;101725;0;23018;"N";101725;88236;88236;82427;5809;5809;0;0;0;0;0;0;0;5735;7754;7754;0;0;"12:30:46";"19/10/2016"
"19/01/2026";"14:01:37";2016;2;"Eleição Ordinária";1;220;"Eleições Municipais 2016";"02/10/2016";"M";"SP";"71510";"SUZANO";"71510";"SUZANO";181;13;"Vereador";113244;328;23;0;351;92237;0;21007;"N";92237;79175;79175;74128;5047;5047;0;0;0;0;0;0;0;5796;7266;7266;0;0;"14:16:50";"02/12/2016"
"19/01/2026";"14:01:37";2016;2;"Eleição Ordinária";1;220;"Eleições Municipais 2016";"02/10/2016";"M";"SP";"70254";"SANTA CRUZ DA CONCEIÇÃO";"70254";"SANTA CRUZ DA CONCEIÇÃO";188;13;"Vereador";3875;10;1;0;11;3360;0;515;"N";3360;3257;3257;3070;187;187;0;0;0;0;0;0;0;51;52;52;0;0;"18:43:41";"02/10/2016"
"19/01/2026";"14:01:37";2016;2;"Eleição Ordinária";1;220;"Eleições Municipais 2016";"02/10/2016";"M";"SP";"67210";"MONÇÕES";"67210";"MONÇÕES";162;13;"Vereador";2236;6;0;0;6;2042;0;194;"N";2042;1970;1970;1853;117;117;0;0;0;0;0;0;0;18;54;54;0;0;"18:27:29";"02/10/2016"
"19/01/2026";"14:01:37";2016;2;"Eleição Ordinária";1;220;"Eleições Municipais 2016";"02/10/2016";"M";"SP";"61735";"ARIRANHA";"61735";"ARIRANHA";111;13;"Vereador";7520;22;0;0;22;6461;0;1059;"N";6461;6198;6198;5903;295;295;0;0;0;0;0;0;0;97;166;166;0;0;"13:12:38";"30/11/2016"
"19/01/2026";"14:01:37";2016;2;"Eleição Ordinária";1;220;"Eleições Municipais 2016";"02/10/2016";"M";"SP";"68691";"PIQUEROBI";"68691";"PIQUEROBI";117;13;"Vereador";3164;9;0;0;9;2789;0;375;"N";2789;2561;2561;2429;132;132;0;0;0;0;0;0;0;26;202;202;0;0;"18:06:01";"02/10/2016"
"19/01/2026";"14:01:37";2016;2;"Eleição Ordinária";1;220;"Eleições Municipais 2016";"02/10/2016";"M";"SP";"68977";"POÁ";"68977";"POÁ";219;13;"Vereador";93520;256;0;0;256;75692;0;17828;"N";75692;64917;64917;61575;3342;3342;0;0;0;0;0;0;0;3782;6993;6993;0;0;"14:48:40";"26/06/2017"
"19/01/2026";"14:01:37";2016;2;"Eleição Ordinária";1;220;"Eleições Municipais 2016";"02/10/2016";"M";"SP";"72435";"VOTORANTIM";"72435";"VOTORANTIM";220;13;"Vereador";87253;247;0;0;247;69776;0;17477;"N";69776;55733;55733;51072;4661;4661;0;0;0;0;0;0;0;5234;8809;8809;0;0;"12:42:25";"12/06/2018"
"19/01/2026";"14:01:37";2016;2;"Eleição Ordinária";1;220;"Eleições Municipais 2016";"02/10/2016";"M";"SP";"65757";"ITIRAPUÃ";"65757";"ITIRAPUÃ";85;13;"Vereador";5108;14;0;0;14;4260;0;848;"N";4260;4087;4087;3804;283;283;0;0;0;0;0;0;0;86;87;87;0;0;"17:46:20";"02/10/2016"
"19/01/2026";"14:01:37";2016;2;"Eleição Ordinária";1;220;"Eleições Municipais 2016";"02/10/2016";"M";"SP";"67512";"NEVES PAULISTA";"67512";"NEVES PAULISTA";72;13;"Vereador";7587;22;2;0;24;6279;0;1308;"N";6279;5628;5628;5241;387;387;0;0;0;0;0;0;0;259;392;392;0;0;"16:07:08";"07/12/2016"
"19/01/2026";"14:01:37";2016;2;"Eleição Ordinária";1;220;"Eleições Municipais 2016";"02/10/2016";"M";"SP";"61441";"SALTINHO";"61441";"SALTINHO";270;13;"Vereador";6247;18;1;0;19;5475;0;772;"N";5475;5125;5125;4869;256;256;0;0;0;0;0;0;0;160;190;190;0;0;"19:01:56";"02/10/2016"
"19/01/2026";"14:01:37";2016;2;"Eleição Ordinária";1;220;"Eleições Municipais 2016";"02/10/2016";"M";"SP";"66834";"MARINÓPOLIS";"66834";"MARINÓPOLIS";232;13;"Vereador";1916;6;0;0;6;1678;0;238;"N";1678;1636;1636;1553;83;83;0;0;0;0;0;0;0;16;26;26;0;0;"17:15:33";"02/10/2016"
"19/01/2026";"14:01:37";2016;2;"Eleição Ordinária";1;220;"Eleições Municipais 2016";"02/10/2016";"M";"SP";"62367";"NOVA CASTILHO";"62367";"NOVA CASTILHO";168;13;"Vereador";1374;4;0;0;4;1272;0;102;"N";1272;1239;1239;1177;62;62;0;0;0;0;0;0;0;9;24;24;0;0;"18:04:44";"02/10/2016"
"19/01/2026";"14:01:37";2016;2;"Eleição Ordinária";2;221;"Eleições Municipais 2016";"30/10/2016";"M";"SP";"64777";"GUARULHOS";"64777";"GUARULHOS";393;11;"Prefeito";125918;352;5;0;357;95812;0;30106;"N";95812;78848;78848;78848;0;0;0;0;0;0;0;0;0;5056;11908;11908;0;0;"20:25:46";"30/10/2016"
"19/01/2026";"14:01:37";2016;2;"Eleição Ordinária";2;221;"Eleições Municipais 2016";"30/10/2016";"M";"SP";"66192";"JUNDIAÍ";"66192";"JUNDIAÍ";281;11;"Prefeito";140649;402;1;0;403;112960;0;27689;"N";112960;96401;96401;96401;0;0;0;0;0;0;0;0;0;3805;12754;12754;0;0;"19:53:45";"30/10/2016"
"19/01/2026";"14:01:37";2016;2;"Eleição Ordinária";2;221;"Eleições Municipais 2016";"30/10/2016";"M";"SP";"67890";"OSASCO";"67890";"OSASCO";332;11;"Prefeito";70680;185;1;0;186;53256;0;17424;"N";53256;44439;44439;44439;0;0;0;0;0;0;0;0;0;2390;6427;6427;0;0;"19:53:45";"30/10/2016"
"19/01/2026";"14:01:37";2016;1;"Eleição Extraordinária";1;396;"Suplementar Floreal - 08/19";"04/08/2019";"M";"SP";"64190";"FLOREAL";"64190";"FLOREAL";162;11;"Prefeito";2428;8;0;0;8;1935;0;493;"N";1935;1817;1817;1817;0;0;0;0;0;0;0;0;0;51;67;67;0;0;"17:45:20";"04/08/2019"
"19/01/2026";"14:01:37";2016;1;"Eleição Extraordinária";1;375;"Suplementar Cajamar";"17/03/2019";"M";"SP";"62855";"CAJAMAR";"62855";"CAJAMAR";354;11;"Prefeito";61622;170;1;0;171;44280;0;17342;"N";44280;39262;39262;39262;0;0;0;0;0;0;0;0;0;1766;3252;3252;0;0;"18:14:33";"18/12/2020"
"19/01/2026";"14:01:37";2016;1;"Eleição Extraordinária";1;377;"Suplementar Macaubal";"17/03/2019";"M";"SP";"66630";"MACAUBAL";"66630";"MACAUBAL";77;11;"Prefeito";5915;17;0;0;17;4498;0;1417;"N";4498;4159;4159;4159;0;0;0;0;0;0;0;0;0;125;214;214;0;0;"18:15:38";"17/03/2019"
"19/01/2026";"14:01:37";2016;2;"Eleição Ordinária";1;220;"Eleições Municipais 2016";"02/10/2016";"M";"SP";"65072";"IGUAPE";"65072";"IGUAPE";51;11;"Prefeito";23107;72;2;0;74;16767;0;6340;"N";16767;15091;15091;15091;0;0;0;0;0;0;0;0;0;391;1285;1285;0;0;"19:45:22";"02/10/2016"
"19/01/2026";"14:01:37";2016;2;"Eleição Ordinária";1;220;"Eleições Municipais 2016";"02/10/2016";"M";"SP";"70874";"SÃO JOÃO DO PAU D ALHO";"70874";"SÃO JOÃO DO PAU D ALHO";175;11;"Prefeito";2029;8;0;0;8;1822;0;207;"N";1822;1759;1759;1759;0;0;0;0;0;0;0;0;0;16;47;47;0;0;"17:55:51";"02/10/2016"
"19/01/2026";"14:01:37";2016;2;"Eleição Ordinária";1;220;"Eleições Municipais 2016";"02/10/2016";"M";"SP";"70572";"SANTO ANDRÉ";"70572";"SANTO ANDRÉ";263;11;"Prefeito";64011;175;0;0;175;50458;0;13553;"N";50458;37456;37456;37456;0;0;0;0;0;0;0;0;0;3666;9336;9336;0;0;"13:10:52";"29/10/2016"
"19/01/2026";"14:01:37";2016;2;"Eleição Ordinária";1;220;"Eleições Municipais 2016";"02/10/2016";"M";"SP";"64416";"GETULINA";"64416";"GETULINA";160;11;"Prefeito";8527;25;0;0;25;6517;0;2010;"N";6517;6193;6193;6193;0;0;0;0;0;0;0;0;0;90;234;234;0;0;"18:06:12";"02/10/2016"
"19/01/2026";"14:01:37";2016;2;"Eleição Ordinária";1;220;"Eleições Municipais 2016";"02/10/2016";"M";"SP";"71790";"TARABAI";"71790";"TARABAI";261;11;"Prefeito";5725;16;1;0;17;4834;0;891;"N";4834;4580;4580;4580;0;0;0;0;0;0;0;0;0;36;218;218;0;0;"17:36:44";"14/12/2016"
"19/01/2026";"14:01:37";2016;2;"Eleição Ordinária";1;220;"Eleições Municipais 2016";"02/10/2016";"M";"SP";"66192";"JUNDIAÍ";"66192";"JUNDIAÍ";424;11;"Prefeito";75403;261;0;0;261;61242;0;14161;"N";61242;51703;51703;51703;0;0;0;0;0;0;0;0;0;2655;6884;6884;0;0;"20:09:45";"02/10/2016"
"19/01/2026";"14:01:37";2016;2;"Eleição Ordinária";1;220;"Eleições Municipais 2016";"02/10/2016";"M";"SP";"71072";"SÃO PAULO";"71072";"SÃO PAULO";417;11;"Prefeito";118182;312;1;0;313;94752;0;23430;"N";94752;74876;74876;74876;0;0;0;0;0;0;0;0;0;5749;14127;14127;0;0;"14:11:09";"26/06/2018"
"19/01/2026";"14:01:37";2016;2;"Eleição Ordinária";1;220;"Eleições Municipais 2016";"02/10/2016";"M";"SP";"66230";"JUQUIÁ";"66230";"JUQUIÁ";223;11;"Prefeito";17351;64;7;0;71;12199;0;5152;"N";12199;10613;10613;10613;0;0;0;0;0;0;0;0;0;242;1344;1344;0;0;"16:50:38";"06/07/2017"
"19/01/2026";"14:01:37";2016;2;"Eleição Ordinária";1;220;"Eleições Municipais 2016";"02/10/2016";"M";"SP";"71072";"SÃO PAULO";"71072";"SÃO PAULO";250;11;"Prefeito";166865;455;0;0;455;127765;0;39100;"N";127765;111661;111661;111661;0;0;0;0;0;0;0;0;0;4406;11698;11698;0;0;"14:11:09";"26/06/2018"
"19/01/2026";"14:01:37";2016;2;"Eleição Ordinária";1;220;"Eleições Municipais 2016";"02/10/2016";"M";"SP";"61140";"ESPÍRITO SANTO DO TURVO";"61140";"ESPÍRITO SANTO DO TURVO";114;11;"Prefeito";3561;10;0;0;10;2991;0;570;"N";2991;2883;2883;2883;0;0;0;0;0;0;0;0;0;22;86;86;0;0;"17:25:54";"02/10/2016"
"19/01/2026";"14:01:37";2016;2;"Eleição Ordinária";1;220;"Eleições Municipais 2016";"02/10/2016";"M";"SP";"69213";"PRAIA GRANDE";"69213";"PRAIA GRANDE";406;11;"Prefeito";103626;303;5;0;308;79725;0;23901;"N";79725;69970;69970;69970;0;0;0;0;0;0;0;0;0;3582;6173;6173;0;0;"14:58:30";"02/12/2016"
"19/01/2026";"14:01:37";2016;2;"Eleição Ordinária";1;220;"Eleições Municipais 2016";"02/10/2016";"M";"SP";"63410";"COLINA";"63410";"COLINA";178;11;"Prefeito";14835;38;0;0;38;11810;0;3025;"N";11810;10803;10803;10803;0;0;0;0;0;0;0;0;0;317;690;690;0;0;"15:15:33";"03/01/2017"
"19/01/2026";"14:01:37";2016;2;"Eleição Ordinária";1;220;"Eleições Municipais 2016";"02/10/2016";"M";"SP";"61263";"ARAÇARIGUAMA";"61263";"ARAÇARIGUAMA";131;11;"Prefeito";15515;43;0;0;43;12756;0;2759;"N";12756;12095;12095;12095;0;0;0;0;0;0;0;0;0;179;482;482;0;0;"15:40:55";"28/10/2016"
"19/01/2026";"14:01:37";2016;2;"Eleição Ordinária";1;220;"Eleições Municipais 2016";"02/10/2016";"M";"SP";"71455";"SOROCABA";"71455";"SOROCABA";357;11;"Prefeito";108222;290;7;0;297;89999;0;18223;"N";89999;71991;71991;71991;0;0;0;0;0;0;0;0;0;6350;11658;11658;0;0;"20:23:50";"02/10/2016"
"19/01/2026";"14:01:37";2016;2;"Eleição Ordinária";1;220;"Eleições Municipais 2016";"02/10/2016";"M";"SP";"63673";"CRUZÁLIA";"63673";"CRUZÁLIA";363;11;"Prefeito";2254;7;1;0;8;2010;0;244;"N";2010;1947;1947;1947;0;0;0;0;0;0;0;0;0;16;47;47;0;0;"17:20:03";"02/10/2016"
"19/01/2026";"14:01:37";2016;2;"Eleição Ordinária";1;220;"Eleições Municipais 2016";"02/10/2016";"M";"SP";"69671";"RIBEIRÃO PIRES";"69671";"RIBEIRÃO PIRES";183;11;"Prefeito";65817;200;1;0;201;53599;0;12218;"N";53599;42822;42822;42822;0;0;0;0;0;0;0;0;0;3395;7382;7382;0;0;"21:24:44";"02/10/2016"
"19/01/2026";"14:01:37";2016;2;"Eleição Ordinária";1;220;"Eleições Municipais 2016";"02/10/2016";"M";"SP";"71072";"SÃO PAULO";"71072";"SÃO PAULO";4;11;"Prefeito";161145;430;0;0;430;121538;0;39607;"N";121538;106422;106422;106422;0;0;0;0;0;0;0;0;0;3859;11257;11257;0;0;"14:11:09";"26/06/2018"
"19/01/2026";"14:01:37";2016;2;"Eleição Ordinária";1;220;"Eleições Municipais 2016";"02/10/2016";"M";"SP";"64777";"GUARULHOS";"64777";"GUARULHOS";278;11;"Prefeito";87007;247;1;0;248;70035;0;16972;"N";70035;56200;56200;56200;0;0;0;0;0;0;0;0;0;4194;9641;9641;0;0;"14:52:34";"26/10/2016"
"19/01/2026";"14:01:37";2016;2;"Eleição Ordinária";1;220;"Eleições Municipais 2016";"02/10/2016";"M";"SP";"68217";"PARAPUÃ";"68217";"PARAPUÃ";163;11;"Prefeito";8736;24;1;0;25;6928;0;1808;"N";6928;5532;5532;5532;0;0;0;0;0;0;0;0;0;158;1238;1238;0;0;"18:35:27";"02/10/2016"
"19/01/2026";"14:01:37";2016;2;"Eleição Ordinária";1;220;"Eleições Municipais 2016";"02/10/2016";"M";"SP";"65714";"ITATINGA";"65714";"ITATINGA";26;11;"Prefeito";14263;42;3;0;45;11553;0;2710;"N";11553;6233;6233;6233;0;0;0;0;0;0;0;0;0;221;5099;5099;0;0;"14:18:40";"23/03/2017"
"19/01/2026";"14:01:37";2016;2;"Eleição Ordinária";1;220;"Eleições Municipais 2016";"02/10/2016";"M";"SP";"63398";"CLEMENTINA";"63398";"CLEMENTINA";25;11;"Prefeito";5515;15;1;0;16;4760;0;755;"N";4760;4575;4575;4575;0;0;0;0;0;0;0;0;0;43;142;142;0;0;"19:39:40";"02/10/2016"
"19/01/2026";"14:01:37";2016;2;"Eleição Ordinária";2;221;"Eleições Municipais 2016";"30/10/2016";"M";"SP";"62197";"BAURU";"62197";"BAURU";300;11;"Prefeito";76798;224;2;0;226;57655;0;19143;"N";57655;51364;51364;51364;0;0;0;0;0;0;0;0;0;1741;4550;4550;0;0;"19:20:15";"30/10/2016"
"19/01/2026";"14:01:37";2016;2;"Eleição Ordinária";1;220;"Eleições Municipais 2016";"02/10/2016";"M";"SP";"67598";"NOVA EUROPA";"67598";"NOVA EUROPA";239;11;"Prefeito";8064;26;0;0;26;6447;0;1617;"N";6447;6032;6032;6032;0;0;0;0;0;0;0;0;0;147;268;268;0;0;"18:15:58";"02/10/2016"
"19/01/2026";"14:01:37";2016;2;"Eleição Ordinária";1;220;"Eleições Municipais 2016";"02/10/2016";"M";"SP";"61077";"ÁGUAS DA PRATA";"61077";"ÁGUAS DA PRATA";122;11;"Prefeito";6450;20;0;0;20;4996;0;1454;"N";4996;4555;4555;4555;0;0;0;0;0;0;0;0;0;161;280;280;0;0;"19:39:36";"02/10/2016"
"19/01/2026";"14:01:37";2016;2;"Eleição Ordinária";1;220;"Eleições Municipais 2016";"02/10/2016";"M";"SP";"61638";"ARARAQUARA";"61638";"ARARAQUARA";13;11;"Prefeito";70111;203;1;0;204;51867;0;18244;"N";51867;40795;40795;40795;0;0;0;0;0;0;0;0;0;2882;8190;8190;0;0;"20:48:34";"02/10/2016"
"19/01/2026";"14:01:37";2016;2;"Eleição Ordinária";1;220;"Eleições Municipais 2016";"02/10/2016";"M";"SP";"69477";"REDENÇÃO DA SERRA";"69477";"REDENÇÃO DA SERRA";314;11;"Prefeito";4086;13;0;0;13;3387;0;699;"N";3387;3204;3204;3204;0;0;0;0;0;0;0;0;0;55;128;128;0;0;"19:11:41";"02/10/2016"
"19/01/2026";"14:01:37";2016;2;"Eleição Ordinária";1;220;"Eleições Municipais 2016";"02/10/2016";"M";"SP";"67890";"OSASCO";"67890";"OSASCO";285;11;"Prefeito";49899;133;0;0;133;38892;0;11007;"N";38892;25877;25877;25877;0;0;0;0;0;0;0;0;0;2110;10905;10905;0;0;"11:28:37";"29/10/2016"
"19/01/2026";"14:01:37";2016;2;"Eleição Ordinária";1;220;"Eleições Municipais 2016";"02/10/2016";"M";"SP";"69230";"PRESIDENTE ALVES";"69230";"PRESIDENTE ALVES";95;11;"Prefeito";3642;10;0;0;10;3154;0;488;"N";3154;3003;3003;3003;0;0;0;0;0;0;0;0;0;41;110;110;0;0;"18:17:53";"02/10/2016"
"19/01/2026";"14:01:37";2016;2;"Eleição Ordinária";1;220;"Eleições Municipais 2016";"02/10/2016";"M";"SP";"69515";"REGINÓPOLIS";"69515";"REGINÓPOLIS";95;11;"Prefeito";4639;13;0;0;13;3987;0;652;"N";3987;3869;3869;3869;0;0;0;0;0;0;0;0;0;19;99;99;0;0;"14:15:54";"23/01/2017"
"19/01/2026";"14:01:37";2016;2;"Eleição Ordinária";1;220;"Eleições Municipais 2016";"02/10/2016";"M";"SP";"62456";"BORACÉIA";"62456";"BORACÉIA";86;11;"Prefeito";3768;10;1;0;11;3207;0;561;"N";3207;3050;3050;3050;0;0;0;0;0;0;0;0;0;33;124;124;0;0;"18:20:10";"02/10/2016"
"19/01/2026";"14:01:37";2016;2;"Eleição Ordinária";1;220;"Eleições Municipais 2016";"02/10/2016";"M";"SP";"64270";"FRANCISCO MORATO";"64270";"FRANCISCO MORATO";367;11;"Prefeito";117889;310;0;0;310;94619;0;23270;"N";94619;78957;78957;78957;0;0;0;0;0;0;0;0;0;6091;9571;9571;0;0;"19:55:35";"02/10/2016"
"19/01/2026";"14:01:37";2016;2;"Eleição Ordinária";1;220;"Eleições Municipais 2016";"02/10/2016";"M";"SP";"66354";"LEME";"66354";"LEME";188;11;"Prefeito";72295;203;1;0;204;58871;0;13424;"N";58871;50343;50343;50343;0;0;0;0;0;0;0;0;0;2754;5774;5774;0;0;"14:35:36";"12/12/2016"
"19/01/2026";"14:01:37";2016;2;"Eleição Ordinária";1;220;"Eleições Municipais 2016";"02/10/2016";"M";"SP";"67733";"NUPORANGA";"67733";"NUPORANGA";235;11;"Prefeito";5794;23;0;0;23;5211;0;583;"N";5211;5031;5031;5031;0;0;0;0;0;0;0;0;0;29;151;151;0;0;"17:46:20";"02/10/2016"
"19/01/2026";"14:01:37";2016;2;"Eleição Ordinária";1;220;"Eleições Municipais 2016";"02/10/2016";"M";"SP";"68551";"PIACATU";"68551";"PIACATU";210;11;"Prefeito";4620;13;0;0;13;3905;0;715;"N";3905;3494;3494;3494;0;0;0;0;0;0;0;0;0;70;341;341;0;0;"18:27:32";"02/10/2016"
"19/01/2026";"14:01:37";2016;2;"Eleição Ordinária";1;220;"Eleições Municipais 2016";"02/10/2016";"M";"SP";"68136";"PARAIBUNA";"68136";"PARAIBUNA";84;11;"Prefeito";14513;39;0;0;39;11609;0;2904;"N";11609;10853;10853;10853;0;0;0;0;0;0;0;0;0;234;522;522;0;0;"17:43:39";"02/10/2016"
"19/01/2026";"14:01:37";2016;2;"Eleição Ordinária";1;220;"Eleições Municipais 2016";"02/10/2016";"M";"SP";"62812";"CAIEIRAS";"62812";"CAIEIRAS";192;11;"Prefeito";65514;168;1;0;169;53492;0;12022;"N";53492;42258;42258;42258;0;0;0;0;0;0;0;0;0;3778;7456;7456;0;0;"16:07:24";"07/12/2016"
"19/01/2026";"14:01:37";2016;2;"Eleição Ordinária";1;220;"Eleições Municipais 2016";"02/10/2016";"M";"SP";"62855";"CAJAMAR";"62855";"CAJAMAR";354;11;"Prefeito";57753;164;1;0;165;48863;0;8890;"N";48863;42761;14887;14887;0;0;0;27874;0;0;0;0;0;2175;3927;3927;0;0;"17:43:02";"30/11/2018"
"19/01/2026";"14:01:37";2016;2;"Eleição Ordinária";1;220;"Eleições Municipais 2016";"02/10/2016";"M";"SP";"68438";"PEDREIRA";"68438";"PEDREIRA";333;11;"Prefeito";33677;89;5;0;94;26421;0;7256;"N";26421;15729;15729;15729;0;0;0;0;0;0;0;0;0;3239;7453;7453;0;0;"18:50:30";"02/10/2016"
"19/01/2026";"14:01:37";2016;2;"Eleição Ordinária";1;220;"Eleições Municipais 2016";"02/10/2016";"M";"SP";"67890";"OSASCO";"67890";"OSASCO";277;11;"Prefeito";82697;229;0;0;229;64673;0;18024;"N";64673;40606;40606;40606;0;0;0;0;0;0;0;0;0;4189;19878;19878;0;0;"11:28:37";"29/10/2016"
"19/01/2026";"14:01:37";2016;2;"Eleição Ordinária";1;220;"Eleições Municipais 2016";"02/10/2016";"M";"SP";"61131";"AGUDOS";"61131";"AGUDOS";7;11;"Prefeito";29502;86;2;0;88;24052;0;5450;"N";24052;15380;15380;15380;0;0;0;0;0;0;0;0;0;418;8254;8254;0;0;"18:47:34";"02/10/2016"
"19/01/2026";"14:01:37";2016;2;"Eleição Ordinária";1;220;"Eleições Municipais 2016";"02/10/2016";"M";"SP";"64211";"FLÓRIDA PAULISTA";"64211";"FLÓRIDA PAULISTA";157;11;"Prefeito";8451;23;2;0;25;7121;0;1330;"N";7121;6718;6718;6718;0;0;0;0;0;0;0;0;0;114;289;289;0;0;"18:40:43";"02/10/2016"
"19/01/2026";"14:01:37";2016;2;"Eleição Ordinária";1;220;"Eleições Municipais 2016";"02/10/2016";"M";"SP";"63355";"CHARQUEADA";"63355";"CHARQUEADA";244;11;"Prefeito";12856;37;3;0;40;10671;0;2185;"N";10671;9857;9857;9857;0;0;0;0;0;0;0;0;0;289;525;525;0;0;"18:09:39";"02/10/2016"
"19/01/2026";"14:01:37";2016;2;"Eleição Ordinária";1;220;"Eleições Municipais 2016";"02/10/2016";"M";"SP";"69817";"RIO DAS PEDRAS";"69817";"RIO DAS PEDRAS";244;11;"Prefeito";24576;68;2;0;70;20328;0;4248;"N";20328;16796;16796;16796;0;0;0;0;0;0;0;0;0;830;2702;2702;0;0;"11:14:40";"19/10/2016"
"19/01/2026";"14:01:37";2016;2;"Eleição Ordinária";1;220;"Eleições Municipais 2016";"02/10/2016";"M";"SP";"71315";"SERRANA";"71315";"SERRANA";109;11;"Prefeito";32277;85;0;0;85;26648;0;5629;"N";26648;24544;24544;24544;0;0;0;0;0;0;0;0;0;697;1407;1407;0;0;"15:31:07";"05/12/2016"
"19/01/2026";"14:01:37";2016;2;"Eleição Ordinária";1;220;"Eleições Municipais 2016";"02/10/2016";"M";"SP";"67890";"OSASCO";"67890";"OSASCO";276;11;"Prefeito";93429;246;2;0;248;73985;0;19444;"N";73985;42053;42053;42053;0;0;0;0;0;0;0;0;0;5415;26517;26517;0;0;"11:28:37";"29/10/2016"
"19/01/2026";"14:01:37";2016;2;"Eleição Ordinária";1;220;"Eleições Municipais 2016";"02/10/2016";"M";"SP";"67970";"OURO VERDE";"67970";"OURO VERDE";149;11;"Prefeito";6078;16;0;0;16;5191;0;887;"N";5191;5012;5012;5012;0;0;0;0;0;0;0;0;0;46;133;133;0;0;"18:43:13";"02/10/2016"
"19/01/2026";"14:01:37";2016;2;"Eleição Ordinária";1;220;"Eleições Municipais 2016";"02/10/2016";"M";"SP";"61522";"ASPÁSIA";"61522";"ASPÁSIA";152;11;"Prefeito";1905;7;0;0;7;1723;0;182;"N";1723;1685;1685;1685;0;0;0;0;0;0;0;0;0;7;31;31;0;0;"17:50:55";"28/10/2016"
"19/01/2026";"14:01:37";2016;2;"Eleição Ordinária";1;220;"Eleições Municipais 2016";"02/10/2016";"M";"SP";"68195";"PARANAPUÃ";"68195";"PARANAPUÃ";152;11;"Prefeito";3095;10;0;0;10;2804;0;291;"N";2804;2736;2736;2736;0;0;0;0;0;0;0;0;0;21;47;47;0;0;"18:41:52";"02/10/2016"
"19/01/2026";"14:01:37";2016;2;"Eleição Ordinária";1;220;"Eleições Municipais 2016";"02/10/2016";"M";"SP";"62324";"JUMIRIM";"62324";"JUMIRIM";142;11;"Prefeito";2430;7;0;0;7;2031;0;399;"N";2031;1894;1894;1894;0;0;0;0;0;0;0;0;0;45;92;92;0;0;"18:16:58";"02/10/2016"
"19/01/2026";"14:01:37";2016;2;"Eleição Ordinária";1;220;"Eleições Municipais 2016";"02/10/2016";"M";"SP";"64696";"GUARATINGUETÁ";"64696";"GUARATINGUETÁ";48;13;"Vereador";35942;115;1;0;116;28278;0;7664;"N";28278;25484;25484;23783;1701;1701;0;0;0;0;0;0;0;1390;1404;1404;0;0;"13:29:28";"10/11/2016"
"19/01/2026";"14:01:37";2016;2;"Eleição Ordinária";1;220;"Eleições Municipais 2016";"02/10/2016";"M";"SP";"64335";"GÁLIA";"64335";"GÁLIA";47;13;"Vereador";5571;18;1;0;19;4308;0;1263;"N";4308;4109;4109;3905;204;204;0;0;0;0;0;0;0;105;94;94;0;0;"15:21:43";"08/11/2016"
"19/01/2026";"14:01:37";2016;2;"Eleição Ordinária";1;220;"Eleições Municipais 2016";"02/10/2016";"M";"SP";"61557";"ARAÇATUBA";"61557";"ARAÇATUBA";11;13;"Vereador";69051;213;4;0;217;53099;0;15952;"N";53099;47727;47727;45029;2698;2698;0;0;0;0;0;0;0;2295;3077;3077;0;0;"10:54:54";"17/11/2016"
"19/01/2026";"14:01:37";2016;2;"Eleição Ordinária";1;220;"Eleições Municipais 2016";"02/10/2016";"M";"SP";"70378";"SANTA ISABEL";"70378";"SANTA ISABEL";115;13;"Vereador";40514;118;0;0;118;33085;0;7429;"N";33085;29955;29955;28212;1743;1743;0;0;0;0;0;0;0;1448;1682;1682;0;0;"15:39:25";"03/11/2016"
"19/01/2026";"14:01:37";2016;2;"Eleição Ordinária";1;220;"Eleições Municipais 2016";"02/10/2016";"M";"SP";"71897";"TERRA ROXA";"71897";"TERRA ROXA";203;13;"Vereador";7042;21;1;0;22;5820;0;1222;"N";5820;5608;5608;5220;388;388;0;0;0;0;0;0;0;86;126;126;0;0;"09:38:35";"10/10/2016"
"19/01/2026";"14:01:37";2016;2;"Eleição Ordinária";1;220;"Eleições Municipais 2016";"02/10/2016";"M";"SP";"68730";"PIRACAIA";"68730";"PIRACAIA";92;13;"Vereador";21820;59;0;0;59;16841;0;4979;"N";16841;14951;14951;13792;1159;1159;0;0;0;0;0;0;0;853;1037;1037;0;0;"14:30:15";"28/12/2016"
"19/01/2026";"14:01:37";2016;2;"Eleição Ordinária";1;220;"Eleições Municipais 2016";"02/10/2016";"M";"SP";"61786";"BOM SUCESSO DE ITARARÉ";"61786";"BOM SUCESSO DE ITARARÉ";57;13;"Vereador";3376;10;1;0;11;2880;0;496;"N";2880;2808;2808;2659;149;149;0;0;0;0;0;0;0;28;44;44;0;0;"18:56:57";"02/10/2016"
"19/01/2026";"14:01:37";2016;2;"Eleição Ordinária";1;220;"Eleições Municipais 2016";"02/10/2016";"M";"SP";"62910";"CAMPINAS";"62910";"CAMPINAS";379;13;"Vereador";149508;417;2;0;419;117715;0;31793;"N";117715;96754;96754;88688;8066;8066;0;0;0;0;0;0;0;9166;11795;11795;0;0;"14:28:28";"30/11/2016"
"19/01/2026";"14:01:37";2016;2;"Eleição Ordinária";1;220;"Eleições Municipais 2016";"02/10/2016";"M";"SP";"69671";"RIBEIRÃO PIRES";"69671";"RIBEIRÃO PIRES";382;13;"Vereador";24210;77;4;0;81;19308;0;4902;"N";19308;16764;16764;15846;918;918;0;0;0;0;0;0;0;810;1734;1734;0;0;"21:24:44";"02/10/2016"
"19/01/2026";"14:01:37";2016;2;"Eleição Ordinária";1;220;"Eleições Municipais 2016";"02/10/2016";"M";"SP";"63630";"CRAVINHOS";"63630";"CRAVINHOS";193;13;"Vereador";25563;67;2;0;69;20592;0;4971;"N";20592;19002;19002;17837;1165;1165;0;0;0;0;0;0;0;638;952;952;0;0;"17:54:30";"02/10/2016"
"19/01/2026";"14:01:37";2016;2;"Eleição Ordinária";1;220;"Eleições Municipais 2016";"02/10/2016";"M";"SP";"62162";"QUADRA";"62162";"QUADRA";140;13;"Vereador";3206;10;0;0;10;2730;0;476;"N";2730;2640;2640;2467;173;173;0;0;0;0;0;0;0;40;50;50;0;0;"19:21:38";"02/10/2016"
"19/01/2026";"14:01:37";2016;2;"Eleição Ordinária";1;220;"Eleições Municipais 2016";"02/10/2016";"M";"SP";"62677";"CABRÁLIA PAULISTA";"62677";"CABRÁLIA PAULISTA";97;13;"Vereador";4209;11;0;0;11;3538;0;671;"N";3538;3368;3368;3158;210;210;0;0;0;0;0;0;0;52;118;118;0;0;"15:07:42";"15/03/2017"
"19/01/2026";"14:01:37";2016;2;"Eleição Ordinária";1;220;"Eleições Municipais 2016";"02/10/2016";"M";"SP";"71471";"SUD MENNUCCI";"71471";"SUD MENNUCCI";88;13;"Vereador";6502;18;0;0;18;5591;0;911;"N";5591;5433;5433;5149;284;284;0;0;0;0;0;0;0;72;86;86;0;0;"18:42:09";"02/10/2016"
"19/01/2026";"14:01:37";2016;2;"Eleição Ordinária";1;220;"Eleições Municipais 2016";"02/10/2016";"M";"SP";"69990";"SALES OLIVEIRA";"69990";"SALES OLIVEIRA";235;13;"Vereador";8001;29;0;0;29;7129;0;872;"N";7129;6737;6737;6284;453;453;0;0;0;0;0;0;0;162;230;230;0;0;"17:58:01";"02/10/2016"
"19/01/2026";"14:01:37";2016;2;"Eleição Ordinária";1;220;"Eleições Municipais 2016";"02/10/2016";"M";"SP";"71455";"SOROCABA";"71455";"SOROCABA";137;13;"Vereador";55100;158;4;0;162;41894;0;13206;"N";41894;34144;34144;30912;3232;3232;0;0;0;0;0;0;0;2825;4925;4925;0;0;"14:54:33";"20/01/2017"
"19/01/2026";"14:01:37";2016;2;"Eleição Ordinária";1;220;"Eleições Municipais 2016";"02/10/2016";"M";"SP";"63410";"COLINA";"63410";"COLINA";178;13;"Vereador";14835;38;0;0;38;11810;0;3025;"N";11810;10964;10964;10392;572;572;0;0;0;0;0;0;0;343;503;503;0;0;"17:47:33";"02/10/2016"
"19/01/2026";"14:01:37";2016;2;"Eleição Ordinária";1;220;"Eleições Municipais 2016";"02/10/2016";"M";"SP";"65919";"JACI";"65919";"JACI";72;13;"Vereador";5407;14;0;0;14;4658;0;749;"N";4658;4454;4454;4249;205;205;0;0;0;0;0;0;0;113;91;91;0;0;"15:56:44";"07/12/2016"
"19/01/2026";"14:01:37";2016;2;"Eleição Ordinária";1;220;"Eleições Municipais 2016";"02/10/2016";"M";"SP";"66893";"MAUÁ";"66893";"MAUÁ";364;13;"Vereador";72081;202;7;0;209;58635;0;13446;"N";58635;47952;47952;44748;3204;3204;0;0;0;0;0;0;0;3552;7131;7131;0;0;"15:14:43";"14/12/2016"
"19/01/2026";"14:01:37";2016;2;"Eleição Ordinária";1;220;"Eleições Municipais 2016";"02/10/2016";"M";"SP";"62340";"NANTES";"62340";"NANTES";106;13;"Vereador";2450;7;0;0;7;2225;0;225;"N";2225;2194;2194;2086;108;108;0;0;0;0;0;0;0;12;19;19;0;0;"18:28:30";"02/10/2016"
"19/01/2026";"14:01:37";2016;2;"Eleição Ordinária";1;220;"Eleições Municipais 2016";"02/10/2016";"M";"SP";"70718";"SANTOS";"70718";"SANTOS";118;13;"Vereador";112408;345;48;0;393;88103;0;24305;"N";88103;76946;76946;71508;5438;5438;0;0;0;0;0;0;0;4845;6312;6312;0;0;"12:11:48";"09/12/2016"
"19/01/2026";"14:01:37";2016;2;"Eleição Ordinária";1;220;"Eleições Municipais 2016";"02/10/2016";"M";"SP";"67695";"NOVA ODESSA";"67695";"NOVA ODESSA";292;13;"Vereador";44030;120;0;0;120;36231;0;7799;"N";36231;31767;31767;29388;2379;2379;0;0;0;0;0;0;0;2233;2231;2231;0;0;"18:54:34";"02/10/2016"
"19/01/2026";"14:01:37";2016;2;"Eleição Ordinária";1;220;"Eleições Municipais 2016";"02/10/2016";"M";"SP";"67938";"OSVALDO CRUZ";"67938";"OSVALDO CRUZ";163;13;"Vereador";24630;68;1;0;69;19015;0;5615;"N";19015;17493;17493;16225;1268;1268;0;0;0;0;0;0;0;789;733;733;0;0;"18:04:01";"02/10/2016"
"19/01/2026";"14:01:37";2016;2;"Eleição Ordinária";1;220;"Eleições Municipais 2016";"02/10/2016";"M";"SP";"71714";"TAPIRAÍ";"71714";"TAPIRAÍ";89;13;"Vereador";6659;19;1;0;20;5076;0;1583;"N";5076;4786;4786;4407;379;379;0;0;0;0;0;0;0;120;170;170;0;0;"18:50:39";"02/10/2016"
"19/01/2026";"14:01:37";2016;2;"Eleição Ordinária";1;220;"Eleições Municipais 2016";"02/10/2016";"M";"SP";"71218";"SÃO VICENTE";"71218";"SÃO VICENTE";340;13;"Vereador";157476;443;1;0;444;125694;0;31782;"N";125694;108955;108955;102869;6086;6086;0;0;0;0;0;0;0;6871;9868;9868;0;0;"20:48:34";"02/10/2016"
"19/01/2026";"14:01:37";2016;2;"Eleição Ordinária";1;220;"Eleições Municipais 2016";"02/10/2016";"M";"SP";"70858";"SÃO JOÃO DAS DUAS PONTES";"70858";"SÃO JOÃO DAS DUAS PONTES";233;13;"Vereador";2511;7;0;0;7;2245;0;266;"N";2245;2025;2025;1927;98;98;0;0;0;0;0;0;0;25;195;195;0;0;"13:22:39";"09/12/2016"
"19/01/2026";"14:01:37";2016;2;"Eleição Ordinária";2;221;"Eleições Municipais 2016";"30/10/2016";"M";"SP";"67890";"OSASCO";"67890";"OSASCO";331;11;"Prefeito";120014;327;0;0;327;91494;0;28520;"N";91494;79174;79174;79174;0;0;0;0;0;0;0;0;0;3754;8566;8566;0;0;"19:53:45";"30/10/2016"
"19/01/2026";"14:01:37";2016;2;"Eleição Ordinária";2;221;"Eleições Municipais 2016";"30/10/2016";"M";"SP";"70572";"SANTO ANDRÉ";"70572";"SANTO ANDRÉ";308;11;"Prefeito";42745;118;0;0;118;31509;0;11236;"N";31509;25689;25689;25689;0;0;0;0;0;0;0;0;0;1335;4485;4485;0;0;"19:47:40";"30/10/2016"
"19/01/2026";"14:01:37";2016;2;"Eleição Ordinária";2;221;"Eleições Municipais 2016";"30/10/2016";"M";"SP";"71455";"SOROCABA";"71455";"SOROCABA";137;11;"Prefeito";55100;158;4;0;162;40730;0;14370;"N";40730;35580;35580;35580;0;0;0;0;0;0;0;0;0;1226;3924;3924;0;0;"19:47:40";"30/10/2016"
"19/01/2026";"14:01:37";2016;2;"Eleição Ordinária";2;221;"Eleições Municipais 2016";"30/10/2016";"M";"SP";"71455";"SOROCABA";"71455";"SOROCABA";271;11;"Prefeito";88158;242;2;0;244;69309;0;18849;"N";69309;59573;59573;59573;0;0;0;0;0;0;0;0;0;2249;7487;7487;0;0;"19:47:40";"30/10/2016"
"19/01/2026";"14:01:37";2016;2;"Eleição Ordinária";2;221;"Eleições Municipais 2016";"30/10/2016";"M";"SP";"66893";"MAUÁ";"66893";"MAUÁ";339;11;"Prefeito";69625;195;0;0;195;54304;0;15321;"N";54304;40337;40337;40337;0;0;0;0;0;0;0;0;0;3152;10815;10815;0;0;"19:41:45";"30/10/2016"
"19/01/2026";"14:01:37";2016;2;"Eleição Ordinária";1;220;"Eleições Municipais 2016";"02/10/2016";"M";"SP";"61581";"ALAMBARI";"61581";"ALAMBARI";52;11;"Prefeito";4612;15;0;0;15;4000;0;612;"N";4000;3824;3824;3824;0;0;0;0;0;0;0;0;0;47;129;129;0;0;"20:09:36";"02/10/2016"
"19/01/2026";"14:01:37";2016;2;"Eleição Ordinária";1;220;"Eleições Municipais 2016";"02/10/2016";"M";"SP";"61271";"ÁLVARO DE CARVALHO";"61271";"ÁLVARO DE CARVALHO";47;11;"Prefeito";3322;10;0;0;10;2808;0;514;"N";2808;2638;2638;2638;0;0;0;0;0;0;0;0;0;39;131;131;0;0;"15:21:43";"08/11/2016"
"19/01/2026";"14:01:37";2016;2;"Eleição Ordinária";1;220;"Eleições Municipais 2016";"02/10/2016";"M";"SP";"66893";"MAUÁ";"66893";"MAUÁ";339;11;"Prefeito";69625;195;0;0;195;57260;0;12365;"N";57260;42308;42308;42308;0;0;0;0;0;0;0;0;0;4260;10692;10692;0;0;"20:02:34";"02/10/2016"
"19/01/2026";"14:01:37";2016;2;"Eleição Ordinária";1;220;"Eleições Municipais 2016";"02/10/2016";"M";"SP";"68837";"PIRAPORA DO BOM JESUS";"68837";"PIRAPORA DO BOM JESUS";386;11;"Prefeito";11888;32;3;0;35;10363;0;1525;"N";10363;9872;4899;4899;0;0;0;4973;0;0;0;0;0;119;372;372;0;0;"13:24:35";"05/04/2018"
"19/01/2026";"14:01:37";2016;2;"Eleição Ordinária";1;220;"Eleições Municipais 2016";"02/10/2016";"M";"SP";"61557";"ARAÇATUBA";"61557";"ARAÇATUBA";11;11;"Prefeito";69051;213;4;0;217;53099;0;15952;"N";53099;47279;47279;47279;0;0;0;0;0;0;0;0;0;1943;3877;3877;0;0;"20:24:50";"02/10/2016"
"19/01/2026";"14:01:37";2016;2;"Eleição Ordinária";1;220;"Eleições Municipais 2016";"02/10/2016";"M";"SP";"65730";"ITIRAPINA";"65730";"ITIRAPINA";245;11;"Prefeito";9531;33;0;0;33;8166;0;1365;"N";8166;7586;7586;7586;0;0;0;0;0;0;0;0;0;205;375;375;0;0;"09:25:12";"03/12/2016"
"19/01/2026";"14:01:37";2016;2;"Eleição Ordinária";1;220;"Eleições Municipais 2016";"02/10/2016";"M";"SP";"71978";"TREMEMBÉ";"71978";"TREMEMBÉ";314;11;"Prefeito";25686;74;3;0;77;20423;0;5263;"N";20423;17918;17918;17918;0;0;0;0;0;0;0;0;0;839;1666;1666;0;0;"18:54:11";"02/10/2016"
"19/01/2026";"14:01:37";2016;2;"Eleição Ordinária";1;220;"Eleições Municipais 2016";"02/10/2016";"M";"SP";"66613";"MACATUBA";"66613";"MACATUBA";86;11;"Prefeito";13574;41;0;0;41;11169;0;2405;"N";11169;9884;9884;9884;0;0;0;0;0;0;0;0;0;559;726;726;0;0;"18:39:36";"02/10/2016"
"19/01/2026";"14:01:37";2016;2;"Eleição Ordinária";1;220;"Eleições Municipais 2016";"02/10/2016";"M";"SP";"66893";"MAUÁ";"66893";"MAUÁ";365;11;"Prefeito";111702;319;4;0;323;92710;0;18992;"N";92710;69153;69153;69153;0;0;0;0;0;0;0;0;0;7075;16482;16482;0;0;"20:02:34";"02/10/2016"
"19/01/2026";"14:01:37";2016;2;"Eleição Ordinária";1;220;"Eleições Municipais 2016";"02/10/2016";"M";"SP";"70297";"SANTA CRUZ DO RIO PARDO";"70297";"SANTA CRUZ DO RIO PARDO";114;11;"Prefeito";34478;92;0;0;92;26948;0;7530;"N";26948;24742;24742;24742;0;0;0;0;0;0;0;0;0;824;1382;1382;0;0;"18:25:34";"02/10/2016"
"19/01/2026";"14:01:37";2016;2;"Eleição Ordinária";1;220;"Eleições Municipais 2016";"02/10/2016";"M";"SP";"69094";"POPULINA";"69094";"POPULINA";233;11;"Prefeito";3847;11;0;0;11;3419;0;428;"N";3419;3287;3287;3287;0;0;0;0;0;0;0;0;0;26;106;106;0;0;"18:27:58";"02/10/2016"
"19/01/2026";"14:01:37";2016;2;"Eleição Ordinária";1;220;"Eleições Municipais 2016";"02/10/2016";"M";"SP";"64076";"ESTRELA DO NORTE";"64076";"ESTRELA DO NORTE";261;11;"Prefeito";2725;8;0;0;8;2482;0;243;"N";2482;2420;2420;2420;0;0;0;0;0;0;0;0;0;19;43;43;0;0;"16:05:43";"14/12/2016"
"19/01/2026";"14:01:37";2016;2;"Eleição Ordinária";1;220;"Eleições Municipais 2016";"02/10/2016";"M";"SP";"71773";"TAQUARITUBA";"71773";"TAQUARITUBA";236;11;"Prefeito";18808;57;0;0;57;15310;0;3498;"N";15310;14240;14240;14240;0;0;0;0;0;0;0;0;0;456;614;614;0;0;"18:41:26";"02/10/2016"
"19/01/2026";"14:01:37";2016;2;"Eleição Ordinária";1;220;"Eleições Municipais 2016";"02/10/2016";"M";"SP";"65137";"INDIANA";"65137";"INDIANA";71;11;"Prefeito";4442;14;0;0;14;3679;0;763;"N";3679;3339;3339;3339;0;0;0;0;0;0;0;0;0;123;217;217;0;0;"17:20:03";"02/10/2016"
"19/01/2026";"14:01:37";2016;2;"Eleição Ordinária";1;220;"Eleições Municipais 2016";"02/10/2016";"M";"SP";"71455";"SOROCABA";"71455";"SOROCABA";137;11;"Prefeito";55100;158;4;0;162;41894;0;13206;"N";41894;33975;33975;33975;0;0;0;0;0;0;0;0;0;2221;5698;5698;0;0;"20:23:50";"02/10/2016"
"19/01/2026";"14:01:37";2016;2;"Eleição Ordinária";1;220;"Eleições Municipais 2016";"02/10/2016";"M";"SP";"71510";"SUZANO";"71510";"SUZANO";181;11;"Prefeito";113244;328;23;0;351;92237;0;21007;"N";92237;75157;75157;75157;0;0;0;0;0;0;0;0;0;6694;10386;10386;0;0;"10:12:45";"20/10/2016"
"19/01/2026";"14:01:37";2016;2;"Eleição Ordinária";1;220;"Eleições Municipais 2016";"02/10/2016";"M";"SP";"71676";"TAMBAÚ";"71676";"TAMBAÚ";198;11;"Prefeito";17548;46;1;0;47;13862;0;3686;"N";13862;12467;12467;12467;0;0;0;0;0;0;0;0;0;400;995;995;0;0;"18:32:42";"02/10/2016"
"19/01/2026";"14:01:37";2016;2;"Eleição Ordinária";1;220;"Eleições Municipais 2016";"02/10/2016";"M";"SP";"71072";"SÃO PAULO";"71072";"SÃO PAULO";390;11;"Prefeito";115275;334;0;0;334;91552;0;23723;"N";91552;74486;74486;74486;0;0;0;0;0;0;0;0;0;4894;12172;12172;0;0;"14:11:09";"26/06/2018"
"19/01/2026";"14:01:37";2016;2;"Eleição Ordinária";1;220;"Eleições Municipais 2016";"02/10/2016";"M";"SP";"64955";"IBIÚNA";"64955";"IBIÚNA";191;11;"Prefeito";59443;166;1;0;167;46642;0;12801;"N";46642;32428;32428;32428;0;0;0;0;0;0;0;0;0;1986;12228;12228;0;0;"20:08:13";"02/10/2016"
"19/01/2026";"14:01:37";2016;2;"Eleição Ordinária";1;220;"Eleições Municipais 2016";"02/10/2016";"M";"SP";"67539";"NHANDEARA";"67539";"NHANDEARA";162;11;"Prefeito";8206;25;0;0;25;6854;0;1352;"N";6854;6475;6475;6475;0;0;0;0;0;0;0;0;0;143;236;236;0;0;"17:57:00";"02/10/2016"
"19/01/2026";"14:01:37";2016;2;"Eleição Ordinária";1;220;"Eleições Municipais 2016";"02/10/2016";"M";"SP";"64130";"FERNANDO PRESTES";"64130";"FERNANDO PRESTES";139;11;"Prefeito";5058;15;1;0;16;4508;0;550;"N";4508;4327;4327;4327;0;0;0;0;0;0;0;0;0;52;129;129;0;0;"19:23:49";"02/10/2016"
"19/01/2026";"14:01:37";2016;2;"Eleição Ordinária";1;220;"Eleições Municipais 2016";"02/10/2016";"M";"SP";"68675";"PINHALZINHO";"68675";"PINHALZINHO";298;11;"Prefeito";10739;30;0;0;30;8607;0;2132;"N";8607;7802;7802;7802;0;0;0;0;0;0;0;0;0;246;559;559;0;0;"17:38:59";"02/10/2016"
"19/01/2026";"14:01:37";2016;2;"Eleição Ordinária";1;220;"Eleições Municipais 2016";"02/10/2016";"M";"SP";"62081";"BREJO ALEGRE";"62081";"BREJO ALEGRE";25;11;"Prefeito";2599;8;0;0;8;2296;0;303;"N";2296;1643;1643;1643;0;0;0;0;0;0;0;0;0;134;519;519;0;0;"19:11:48";"02/10/2016"
"19/01/2026";"14:01:37";2016;2;"Eleição Ordinária";1;220;"Eleições Municipais 2016";"02/10/2016";"M";"SP";"62189";"SANTA CRUZ DA ESPERANÇA";"62189";"SANTA CRUZ DA ESPERANÇA";32;11;"Prefeito";2140;7;0;0;7;1855;0;285;"N";1855;1724;1724;1724;0;0;0;0;0;0;0;0;0;23;108;108;0;0;"17:46:58";"02/10/2016"
"19/01/2026";"14:01:37";2016;2;"Eleição Ordinária";1;220;"Eleições Municipais 2016";"02/10/2016";"M";"SP";"71072";"SÃO PAULO";"71072";"SÃO PAULO";389;13;"Vereador";170619;508;4;0;512;138651;0;31968;"N";138651;102557;102557;86601;15956;15956;0;0;0;0;0;0;0;16904;19190;19190;0;0;"14:11:09";"26/06/2018"
"19/01/2026";"14:01:37";2016;2;"Eleição Ordinária";1;220;"Eleições Municipais 2016";"02/10/2016";"M";"SP";"64254";"FRANCA";"64254";"FRANCA";46;13;"Vereador";115427;321;4;0;325;91695;0;23732;"N";91695;79674;79674;74077;5597;5597;0;0;0;0;0;0;0;6314;5707;5707;0;0;"16:22:34";"08/11/2016"
"19/01/2026";"14:01:37";2016;2;"Eleição Ordinária";1;220;"Eleições Municipais 2016";"02/10/2016";"M";"SP";"62472";"BORBOREMA";"62472";"BORBOREMA";55;13;"Vereador";11410;30;1;0;31;9102;0;2308;"N";9102;8472;8472;8004;468;468;0;0;0;0;0;0;0;242;388;388;0;0;"13:50:42";"16/11/2016"
"19/01/2026";"14:01:37";2016;2;"Eleição Ordinária";1;220;"Eleições Municipais 2016";"02/10/2016";"M";"SP";"64777";"GUARULHOS";"64777";"GUARULHOS";176;13;"Vereador";155888;433;3;0;436;125987;0;29901;"N";125987;103948;103948;96036;7912;7912;0;0;0;0;0;0;0;6772;15267;15267;0;0;"18:30:53";"18/12/2020"
"19/01/2026";"14:01:37";2016;2;"Eleição Ordinária";1;220;"Eleições Municipais 2016";"02/10/2016";"M";"SP";"64491";"GUAÍRA";"64491";"GUAÍRA";169;13;"Vereador";29901;75;1;0;76;22905;0;6996;"N";22905;21537;21537;20063;1474;1474;0;0;0;0;0;0;0;696;672;672;0;0;"14:20:43";"27/10/2016"
"19/01/2026";"14:01:37";2016;2;"Eleição Ordinária";1;220;"Eleições Municipais 2016";"02/10/2016";"M";"SP";"70351";"SANTA GERTRUDES";"70351";"SANTA GERTRUDES";245;13;"Vereador";16656;53;0;0;53;14679;0;1977;"N";14679;13899;13899;13163;736;736;0;0;0;0;0;0;0;330;450;450;0;0;"19:12:45";"02/10/2016"
"19/01/2026";"14:01:37";2016;2;"Eleição Ordinária";1;220;"Eleições Municipais 2016";"02/10/2016";"M";"SP";"66516";"LUCIANÓPOLIS";"66516";"LUCIANÓPOLIS";159;13;"Vereador";2085;7;0;0;7;1779;0;306;"N";1779;1586;1586;1505;81;81;0;0;0;0;0;0;0;39;154;154;0;0;"17:31:24";"02/10/2016"
"19/01/2026";"14:01:37";2016;2;"Eleição Ordinária";1;220;"Eleições Municipais 2016";"02/10/2016";"M";"SP";"71838";"TAUBATÉ";"71838";"TAUBATÉ";407;13;"Vereador";132679;377;30;0;407;103008;0;29671;"N";103008;85080;85080;78339;6741;6741;0;0;0;0;0;0;0;6976;10952;10952;0;0;"16:56:19";"14/12/2016"
"19/01/2026";"14:01:37";2016;2;"Eleição Ordinária";1;220;"Eleições Municipais 2016";"02/10/2016";"M";"SP";"68896";"PIRATININGA";"68896";"PIRATININGA";97;13;"Vereador";9328;26;0;0;26;7700;0;1628;"N";7700;7029;7029;6593;436;436;0;0;0;0;0;0;0;275;396;396;0;0;"17:56:35";"29/11/2016"
"19/01/2026";"14:01:37";2016;2;"Eleição Ordinária";1;220;"Eleições Municipais 2016";"02/10/2016";"M";"SP";"68551";"PIACATU";"68551";"PIACATU";210;13;"Vereador";4620;13;0;0;13;3905;0;715;"N";3905;3588;3588;3431;157;157;0;0;0;0;0;0;0;63;254;254;0;0;"14:52:11";"27/10/2016"
"19/01/2026";"14:01:37";2016;2;"Eleição Ordinária";1;220;"Eleições Municipais 2016";"02/10/2016";"M";"SP";"66737";"MANDURI";"66737";"MANDURI";94;13;"Vereador";7387;22;0;0;22;5927;0;1460;"N";5927;5504;5504;5162;342;342;0;0;0;0;0;0;0;197;226;226;0;0;"18:39:36";"02/10/2016"
"19/01/2026";"14:01:37";2016;2;"Eleição Ordinária";1;220;"Eleições Municipais 2016";"02/10/2016";"M";"SP";"71811";"TATUÍ";"71811";"TATUÍ";140;13;"Vereador";83561;221;3;0;224;65256;0;18305;"N";65256;58223;58223;54255;3968;3968;0;0;0;0;0;0;0;2867;4166;4166;0;0;"14:22:19";"03/11/2016"
"19/01/2026";"14:01:37";2016;2;"Eleição Ordinária";1;220;"Eleições Municipais 2016";"02/10/2016";"M";"SP";"64734";"GUARIBA";"64734";"GUARIBA";197;13;"Vereador";28503;85;5;0;90;22802;0;5701;"N";22802;21274;21274;20011;1263;1263;0;0;0;0;0;0;0;763;765;765;0;0;"18:18:56";"02/10/2016"
"19/01/2026";"14:01:37";2016;2;"Eleição Ordinária";1;220;"Eleições Municipais 2016";"02/10/2016";"M";"SP";"71072";"SÃO PAULO";"71072";"SÃO PAULO";405;13;"Vereador";103182;282;0;0;282;83031;0;20151;"N";83031;60740;60740;50815;9925;9925;0;0;0;0;0;0;0;9042;13249;13249;0;0;"14:11:09";"26/06/2018"
"19/01/2026";"14:01:37";2016;2;"Eleição Ordinária";1;220;"Eleições Municipais 2016";"02/10/2016";"M";"SP";"67431";"MURUTINGA DO SUL";"67431";"MURUTINGA DO SUL";9;13;"Vereador";3654;11;1;0;12;3048;0;606;"N";3048;2944;2944;2778;166;166;0;0;0;0;0;0;0;31;73;73;0;0;"19:04:13";"02/10/2016"
"19/01/2026";"14:01:37";2016;2;"Eleição Ordinária";1;220;"Eleições Municipais 2016";"02/10/2016";"M";"SP";"61000";"EUCLIDES DA CUNHA PAULISTA";"61000";"EUCLIDES DA CUNHA PAULISTA";330;13;"Vereador";7859;21;0;0;21;6015;0;1844;"N";6015;5846;5846;5542;304;304;0;0;0;0;0;0;0;67;102;102;0;0;"19:55:34";"02/10/2016"
"19/01/2026";"14:01:37";2016;2;"Eleição Ordinária";1;220;"Eleições Municipais 2016";"02/10/2016";"M";"SP";"61050";"AGUAÍ";"61050";"AGUAÍ";334;13;"Vereador";24884;64;0;0;64;19264;0;5620;"N";19264;17021;17021;15905;1116;1116;0;0;0;0;0;0;0;930;1313;1313;0;0;"10:06:12";"14/03/2017"
"19/01/2026";"14:01:37";2016;2;"Eleição Ordinária";1;220;"Eleições Municipais 2016";"02/10/2016";"M";"SP";"65250";"IPORANGA";"65250";"IPORANGA";10;13;"Vereador";3666;11;1;0;12;2866;0;800;"N";2866;2766;2766;2596;170;170;0;0;0;0;0;0;0;27;73;73;0;0;"19:30:40";"02/10/2016"
"19/01/2026";"14:01:37";2016;2;"Eleição Ordinária";1;220;"Eleições Municipais 2016";"02/10/2016";"M";"SP";"64378";"GASTÃO VIDIGAL";"64378";"GASTÃO VIDIGAL";162;13;"Vereador";3375;10;0;0;10;2842;0;533;"N";2842;2725;2725;2583;142;142;0;0;0;0;0;0;0;47;70;70;0;0;"18:30:35";"02/10/2016"
"19/01/2026";"14:01:37";2016;2;"Eleição Ordinária";1;220;"Eleições Municipais 2016";"02/10/2016";"M";"SP";"63932";"DUMONT";"63932";"DUMONT";109;13;"Vereador";6925;18;0;0;18;5795;0;1130;"N";5795;5085;5085;4752;333;333;0;0;0;0;0;0;0;142;568;568;0;0;"13:44:36";"23/02/2017"
"19/01/2026";"14:01:37";2016;2;"Eleição Ordinária";1;220;"Eleições Municipais 2016";"02/10/2016";"M";"SP";"70777";"SÃO CAETANO DO SUL";"70777";"SÃO CAETANO DO SUL";166;13;"Vereador";58773;162;0;0;162;49388;0;9385;"N";49388;43050;43050;40386;2664;2664;0;0;0;0;0;0;0;1845;4493;4493;0;0;"15:26:40";"23/01/2017"
"19/01/2026";"14:01:37";2016;2;"Eleição Ordinária";1;220;"Eleições Municipais 2016";"02/10/2016";"M";"SP";"61182";"EMBAÚBA";"61182";"EMBAÚBA";80;13;"Vereador";2611;7;1;0;8;2345;0;266;"N";2345;2282;2282;2170;112;112;0;0;0;0;0;0;0;26;37;37;0;0;"18:52:04";"02/10/2016"
"19/01/2026";"14:01:37";2016;2;"Eleição Ordinária";1;220;"Eleições Municipais 2016";"02/10/2016";"M";"SP";"62022";"LOURDES";"62022";"LOURDES";214;13;"Vereador";1999;7;0;0;7;1721;0;278;"N";1721;1660;1660;1578;82;82;0;0;0;0;0;0;0;18;43;43;0;0;"18:04:36";"02/10/2016"
"19/01/2026";"14:01:37";2016;2;"Eleição Ordinária";1;220;"Eleições Municipais 2016";"02/10/2016";"M";"SP";"64637";"GUARANTÃ";"64637";"GUARANTÃ";31;13;"Vereador";5608;16;0;0;16;4623;0;985;"N";4623;4274;4274;4057;217;217;0;0;0;0;0;0;0;84;265;265;0;0;"16:25:44";"31/10/2016"
"19/01/2026";"14:01:37";2016;2;"Eleição Ordinária";1;220;"Eleições Municipais 2016";"02/10/2016";"M";"SP";"63274";"CEDRAL";"63274";"CEDRAL";126;13;"Vereador";6878;19;0;0;19;5889;0;989;"N";5889;5567;5567;5219;348;348;0;0;0;0;0;0;0;128;194;194;0;0;"16:20:17";"07/12/2016"
"19/01/2026";"14:01:37";2016;2;"Eleição Ordinária";2;221;"Eleições Municipais 2016";"30/10/2016";"M";"SP";"70572";"SANTO ANDRÉ";"70572";"SANTO ANDRÉ";309;11;"Prefeito";41909;122;1;0;123;31378;0;10531;"N";31378;25414;25414;25414;0;0;0;0;0;0;0;0;0;1291;4673;4673;0;0;"19:47:40";"30/10/2016"
"19/01/2026";"14:01:37";2016;2;"Eleição Ordinária";1;220;"Eleições Municipais 2016";"02/10/2016";"M";"SP";"62014";"BARÃO DE ANTONINA";"62014";"BARÃO DE ANTONINA";56;11;"Prefeito";2664;9;0;0;9;2269;0;395;"N";2269;2132;2132;2132;0;0;0;0;0;0;0;0;0;38;99;99;0;0;"17:56:11";"02/10/2016"
"19/01/2026";"14:01:37";2016;2;"Eleição Ordinária";1;220;"Eleições Municipais 2016";"02/10/2016";"M";"SP";"67890";"OSASCO";"67890";"OSASCO";332;11;"Prefeito";70680;185;1;0;186;55356;0;15324;"N";55356;37989;37989;37989;0;0;0;0;0;0;0;0;0;3298;14069;14069;0;0;"11:28:37";"29/10/2016"
"19/01/2026";"14:01:37";2016;2;"Eleição Ordinária";1;220;"Eleições Municipais 2016";"02/10/2016";"M";"SP";"65110";"INDAIATUBA";"65110";"INDAIATUBA";211;11;"Prefeito";154634;412;5;0;417;125530;0;29104;"N";125530;109573;109573;109573;0;0;0;0;0;0;0;0;0;5412;10545;10545;0;0;"16:29:47";"25/10/2016"
"19/01/2026";"14:01:37";2016;2;"Eleição Ordinária";1;220;"Eleições Municipais 2016";"02/10/2016";"M";"SP";"65277";"IPUÃ";"65277";"IPUÃ";123;11;"Prefeito";10941;30;0;0;30;9076;0;1865;"N";9076;8267;8267;8267;0;0;0;0;0;0;0;0;0;315;494;494;0;0;"18:39:25";"02/10/2016"
"19/01/2026";"14:01:37";2016;2;"Eleição Ordinária";1;220;"Eleições Municipais 2016";"02/10/2016";"M";"SP";"72192";"URU";"72192";"URU";95;11;"Prefeito";1513;4;0;0;4;1372;0;141;"N";1372;1328;1328;1328;0;0;0;0;0;0;0;0;0;13;31;31;0;0;"18:53:34";"02/10/2016"
"19/01/2026";"14:01:37";2016;2;"Eleição Ordinária";1;220;"Eleições Municipais 2016";"02/10/2016";"M";"SP";"66710";"MAIRIPORÃ";"66710";"MAIRIPORÃ";237;11;"Prefeito";59945;173;7;0;180;47858;0;12087;"N";47858;42443;31561;31561;0;0;0;10882;0;0;0;0;0;1770;3645;3645;0;0;"14:06:55";"16/12/2016"
"19/01/2026";"14:01:37";2016;2;"Eleição Ordinária";1;220;"Eleições Municipais 2016";"02/10/2016";"M";"SP";"70998";"SÃO JOSÉ DOS CAMPOS";"70998";"SÃO JOSÉ DOS CAMPOS";412;11;"Prefeito";159760;425;2;0;427;130667;0;29093;"N";130667;116479;116479;116479;0;0;0;0;0;0;0;0;0;4638;9550;9550;0;0;"22:08:44";"02/10/2016"
"19/01/2026";"14:01:37";2016;2;"Eleição Ordinária";1;220;"Eleições Municipais 2016";"02/10/2016";"M";"SP";"61638";"ARARAQUARA";"61638";"ARARAQUARA";385;11;"Prefeito";93713;277;5;0;282;72961;0;20752;"N";72961;58033;58033;58033;0;0;0;0;0;0;0;0;0;4380;10548;10548;0;0;"20:48:34";"02/10/2016"
"19/01/2026";"14:01:37";2016;2;"Eleição Ordinária";1;220;"Eleições Municipais 2016";"02/10/2016";"M";"SP";"67237";"MONGAGUÁ";"67237";"MONGAGUÁ";189;11;"Prefeito";43123;114;2;0;116;31563;0;11560;"N";31563;28824;28824;28824;0;0;0;0;0;0;0;0;0;993;1746;1746;0;0;"19:11:59";"02/10/2016"
"19/01/2026";"14:01:37";2016;2;"Eleição Ordinária";1;220;"Eleições Municipais 2016";"02/10/2016";"M";"SP";"61204";"ILHA SOLTEIRA";"61204";"ILHA SOLTEIRA";368;11;"Prefeito";21656;56;0;0;56;15620;0;6036;"N";15620;13962;13962;13962;0;0;0;0;0;0;0;0;0;422;1236;1236;0;0;"15:12:30";"08/03/2017"
"19/01/2026";"14:01:37";2016;2;"Eleição Ordinária";1;220;"Eleições Municipais 2016";"02/10/2016";"M";"SP";"67075";"MIRASSOL";"67075";"MIRASSOL";72;11;"Prefeito";41241;112;2;0;114;32505;0;8736;"N";32505;28489;28489;28489;0;0;0;0;0;0;0;0;0;1599;2417;2417;0;0;"15:33:50";"03/11/2016"
"19/01/2026";"14:01:37";2016;2;"Eleição Ordinária";1;220;"Eleições Municipais 2016";"02/10/2016";"M";"SP";"62430";"BORÁ";"62430";"BORÁ";12;11;"Prefeito";1214;3;1;0;4;1064;0;150;"N";1064;1025;1025;1025;0;0;0;0;0;0;0;0;0;8;31;31;0;0;"17:39:40";"02/10/2016"
"19/01/2026";"14:01:37";2016;2;"Eleição Ordinária";1;220;"Eleições Municipais 2016";"02/10/2016";"M";"SP";"70190";"ÁGUAS DE SANTA BÁRBARA";"70190";"ÁGUAS DE SANTA BÁRBARA";205;11;"Prefeito";5236;15;0;0;15;4097;0;1139;"N";4097;3863;3863;3863;0;0;0;0;0;0;0;0;0;61;173;173;0;0;"18:41:01";"02/10/2016"
"19/01/2026";"14:01:37";2016;2;"Eleição Ordinária";1;220;"Eleições Municipais 2016";"02/10/2016";"M";"SP";"71137";"SÃO ROQUE";"71137";"SÃO ROQUE";131;11;"Prefeito";58644;172;3;0;175;45678;0;12966;"N";45678;39979;39979;39979;0;0;0;0;0;0;0;0;0;2278;3421;3421;0;0;"21:52:24";"02/10/2016"
"19/01/2026";"14:01:37";2016;2;"Eleição Ordinária";1;220;"Eleições Municipais 2016";"02/10/2016";"M";"SP";"61433";"ANGATUBA";"61433";"ANGATUBA";215;11;"Prefeito";17778;53;1;0;54;14514;0;3264;"N";14514;13753;13753;13753;0;0;0;0;0;0;0;0;0;195;566;566;0;0;"14:25:37";"26/07/2017"
"19/01/2026";"14:01:37";2016;2;"Eleição Ordinária";1;220;"Eleições Municipais 2016";"02/10/2016";"M";"SP";"67776";"ÓLEO";"67776";"ÓLEO";94;11;"Prefeito";2872;10;0;0;10;2461;0;411;"N";2461;2331;2331;2331;0;0;0;0;0;0;0;0;0;51;79;79;0;0;"18:49:54";"02/10/2016"
"19/01/2026";"14:01:37";2016;2;"Eleição Ordinária";1;220;"Eleições Municipais 2016";"02/10/2016";"M";"SP";"70572";"SANTO ANDRÉ";"70572";"SANTO ANDRÉ";383;11;"Prefeito";102780;294;3;0;297;82716;0;20064;"N";82716;61742;61742;61742;0;0;0;0;0;0;0;0;0;6191;14783;14783;0;0;"13:10:52";"29/10/2016"
"19/01/2026";"14:01:37";2016;2;"Eleição Ordinária";1;220;"Eleições Municipais 2016";"02/10/2016";"M";"SP";"61425";"NOVA CANAÃ PAULISTA";"61425";"NOVA CANAÃ PAULISTA";187;11;"Prefeito";2275;7;0;0;7;1936;0;339;"N";1936;1846;1846;1846;0;0;0;0;0;0;0;0;0;32;58;58;0;0;"18:29:06";"02/10/2016"
"19/01/2026";"14:01:37";2016;2;"Eleição Ordinária";1;220;"Eleições Municipais 2016";"02/10/2016";"M";"SP";"70254";"SANTA CRUZ DA CONCEIÇÃO";"70254";"SANTA CRUZ DA CONCEIÇÃO";188;11;"Prefeito";3875;10;1;0;11;3360;0;515;"N";3360;3230;3230;3230;0;0;0;0;0;0;0;0;0;28;102;102;0;0;"18:43:41";"02/10/2016"
"19/01/2026";"14:01:37";2016;2;"Eleição Ordinária";1;220;"Eleições Municipais 2016";"02/10/2016";"M";"SP";"70955";"SÃO JOSÉ DO RIO PARDO";"70955";"SÃO JOSÉ DO RIO PARDO";124;11;"Prefeito";41562;107;3;0;110;31509;0;10053;"N";31509;25712;25712;25712;0;0;0;0;0;0;0;0;0;1883;3914;3914;0;0;"18:12:41";"02/10/2016"
"19/01/2026";"14:01:37";2016;2;"Eleição Ordinária";1;220;"Eleições Municipais 2016";"02/10/2016";"M";"SP";"61514";"APARECIDA D OESTE";"61514";"APARECIDA D OESTE";232;11;"Prefeito";4073;12;0;0;12;3425;0;648;"N";3425;3222;3222;3222;0;0;0;0;0;0;0;0;0;58;145;145;0;0;"17:25:33";"02/10/2016"
"19/01/2026";"14:01:37";2016;2;"Eleição Ordinária";1;220;"Eleições Municipais 2016";"02/10/2016";"M";"SP";"71110";"SÃO PEDRO DO TURVO";"71110";"SÃO PEDRO DO TURVO";114;11;"Prefeito";5774;15;0;0;15;4944;0;830;"N";4944;4698;4698;4698;0;0;0;0;0;0;0;0;0;77;169;169;0;0;"17:31:24";"02/10/2016"
"19/01/2026";"14:01:37";2016;2;"Eleição Ordinária";1;220;"Eleições Municipais 2016";"02/10/2016";"M";"SP";"70050";"SALTO";"70050";"SALTO";221;11;"Prefeito";86030;234;3;0;237;69304;0;16726;"N";69304;60343;60343;60343;0;0;0;0;0;0;0;0;0;3053;5908;5908;0;0;"13:09:13";"26/10/2016"
"19/01/2026";"14:01:37";2016;2;"Eleição Ordinária";1;220;"Eleições Municipais 2016";"02/10/2016";"M";"SP";"65757";"ITIRAPUÃ";"65757";"ITIRAPUÃ";85;11;"Prefeito";5108;14;0;0;14;4260;0;848;"N";4260;4026;4026;4026;0;0;0;0;0;0;0;0;0;68;166;166;0;0;"17:46:20";"02/10/2016"
"19/01/2026";"14:01:37";2016;2;"Eleição Ordinária";1;220;"Eleições Municipais 2016";"02/10/2016";"M";"SP";"69930";"SABINO";"69930";"SABINO";297;11;"Prefeito";4994;14;0;0;14;4082;0;912;"N";4082;3867;3867;3867;0;0;0;0;0;0;0;0;0;45;170;170;0;0;"17:49:00";"02/10/2016"
"19/01/2026";"14:01:37";2016;2;"Eleição Ordinária";1;220;"Eleições Municipais 2016";"02/10/2016";"M";"SP";"64793";"GUZOLÂNDIA";"64793";"GUZOLÂNDIA";225;11;"Prefeito";3864;11;0;0;11;3345;0;519;"N";3345;3203;3203;3203;0;0;0;0;0;0;0;0;0;38;104;104;0;0;"17:46:22";"02/10/2016"
"19/01/2026";"14:01:37";2016;2;"Eleição Ordinária";1;220;"Eleições Municipais 2016";"02/10/2016";"M";"SP";"68250";"PARIQUERA-AÇU";"68250";"PARIQUERA-AÇU";228;11;"Prefeito";15102;44;2;0;46;11404;0;3698;"N";11404;5987;5987;5987;0;0;0;0;0;0;0;0;0;394;5023;5023;0;0;"18:53:48";"02/10/2016"
"19/01/2026";"14:01:37";2016;2;"Eleição Ordinária";1;220;"Eleições Municipais 2016";"02/10/2016";"M";"SP";"61026";"BOREBI";"61026";"BOREBI";161;11;"Prefeito";2215;7;0;0;7;1985;0;230;"N";1985;1908;1908;1908;0;0;0;0;0;0;0;0;0;14;63;63;0;0;"15:10:47";"21/11/2016"
"19/01/2026";"14:01:37";2016;2;"Eleição Ordinária";1;220;"Eleições Municipais 2016";"02/10/2016";"M";"SP";"62367";"NOVA CASTILHO";"62367";"NOVA CASTILHO";168;11;"Prefeito";1374;4;0;0;4;1272;0;102;"N";1272;1242;1242;1242;0;0;0;0;0;0;0;0;0;7;23;23;0;0;"18:04:44";"02/10/2016"
"19/01/2026";"14:01:37";2016;2;"Eleição Ordinária";1;220;"Eleições Municipais 2016";"02/10/2016";"M";"SP";"68578";"PIEDADE";"68578";"PIEDADE";89;13;"Vereador";41050;109;4;0;113;32005;0;9045;"N";32005;28550;28550;25944;2606;2606;0;0;0;0;0;0;0;2237;1218;1218;0;0;"18:39:42";"02/10/2016"
"19/01/2026";"14:01:37";2016;2;"Eleição Ordinária";1;220;"Eleições Municipais 2016";"02/10/2016";"M";"SP";"61778";"ARUJÁ";"61778";"ARUJÁ";335;13;"Vereador";64603;178;2;0;180;52811;0;11792;"N";52811;45757;45757;42570;3187;3187;0;0;0;0;0;0;0;2551;4503;4503;0;0;"13:05:32";"05/04/2017"
"19/01/2026";"14:01:37";2016;2;"Eleição Ordinária";1;220;"Eleições Municipais 2016";"02/10/2016";"M";"SP";"62286";"FERNÃO";"62286";"FERNÃO";47;13;"Vereador";1655;5;1;0;6;1480;0;175;"N";1480;1438;1438;1349;89;89;0;0;0;0;0;0;0;20;22;22;0;0;"17:54:25";"02/10/2016"
"19/01/2026";"14:01:37";2016;2;"Eleição Ordinária";1;220;"Eleições Municipais 2016";"02/10/2016";"M";"SP";"71552";"TABATINGA";"71552";"TABATINGA";49;13;"Vereador";11433;37;0;0;37;9211;0;2222;"N";9211;8562;8562;7891;671;671;0;0;0;0;0;0;0;347;302;302;0;0;"19:01:48";"02/10/2016"
"19/01/2026";"14:01:37";2016;2;"Eleição Ordinária";1;220;"Eleições Municipais 2016";"02/10/2016";"M";"SP";"61638";"ARARAQUARA";"61638";"ARARAQUARA";13;13;"Vereador";70111;203;1;0;204;51867;0;18244;"N";51867;40741;40741;37746;2995;2995;0;0;0;0;0;0;0;3234;7892;7892;0;0;"15:14:35";"30/11/2016"
"19/01/2026";"14:01:37";2016;2;"Eleição Ordinária";1;220;"Eleições Municipais 2016";"02/10/2016";"M";"SP";"72192";"URU";"72192";"URU";95;13;"Vereador";1513;4;0;0;4;1372;0;141;"N";1372;1335;1335;1275;60;60;0;0;0;0;0;0;0;4;33;33;0;0;"18:53:34";"02/10/2016"
"19/01/2026";"14:01:37";2016;2;"Eleição Ordinária";1;220;"Eleições Municipais 2016";"02/10/2016";"M";"SP";"63290";"CERQUEIRA CÉSAR";"63290";"CERQUEIRA CÉSAR";205;13;"Vereador";14687;42;0;0;42;11235;0;3452;"N";11235;10266;10266;9488;778;778;0;0;0;0;0;0;0;499;470;470;0;0;"17:54:23";"14/11/2016"
"19/01/2026";"14:01:37";2016;2;"Eleição Ordinária";1;220;"Eleições Municipais 2016";"02/10/2016";"M";"SP";"72150";"UNIÃO PAULISTA";"72150";"UNIÃO PAULISTA";77;13;"Vereador";1882;6;0;0;6;1629;0;253;"N";1629;1600;1600;1518;82;82;0;0;0;0;0;0;0;13;16;16;0;0;"18:55:06";"02/10/2016"
"19/01/2026";"14:01:37";2016;2;"Eleição Ordinária";1;220;"Eleições Municipais 2016";"02/10/2016";"M";"SP";"65331";"IRAPURU";"65331";"IRAPURU";154;13;"Vereador";5493;17;0;0;17;4441;0;1052;"N";4441;4225;4225;4024;201;201;0;0;0;0;0;0;0;96;120;120;0;0;"18:07:19";"02/10/2016"
"19/01/2026";"14:01:37";2016;2;"Eleição Ordinária";1;220;"Eleições Municipais 2016";"02/10/2016";"M";"SP";"69272";"PRESIDENTE EPITÁCIO";"69272";"PRESIDENTE EPITÁCIO";195;13;"Vereador";32218;87;1;0;88;24271;0;7947;"N";24271;20797;20797;19426;1371;1371;0;0;0;0;0;0;0;932;2542;2542;0;0;"13:33:53";"21/10/2016"
"19/01/2026";"14:01:37";2016;2;"Eleição Ordinária";1;220;"Eleições Municipais 2016";"02/10/2016";"M";"SP";"62391";"BOITUVA";"62391";"BOITUVA";369;13;"Vereador";39845;106;1;0;107;31493;0;8352;"N";31493;27861;27861;25482;2379;2379;0;0;0;0;0;0;0;1800;1832;1832;0;0;"13:41:50";"28/10/2016"
"19/01/2026";"14:01:37";2016;2;"Eleição Ordinária";1;220;"Eleições Municipais 2016";"02/10/2016";"M";"SP";"66699";"MAIRINQUE";"66699";"MAIRINQUE";131;13;"Vereador";37186;106;2;0;108;29968;0;7218;"N";29968;26739;26739;24790;1949;1949;0;0;0;0;0;0;0;1584;1645;1645;0;0;"17:28:50";"16/12/2016"
"19/01/2026";"14:01:37";2016;2;"Eleição Ordinária";1;220;"Eleições Municipais 2016";"02/10/2016";"M";"SP";"69655";"RIBEIRÃO DO SUL";"69655";"RIBEIRÃO DO SUL";313;13;"Vereador";3994;11;0;0;11;3518;0;476;"N";3518;3398;3398;3206;192;192;0;0;0;0;0;0;0;53;67;67;0;0;"18:54:04";"02/10/2016"
"19/01/2026";"14:01:37";2016;2;"Eleição Ordinária";1;220;"Eleições Municipais 2016";"02/10/2016";"M";"SP";"63134";"CARAPICUÍBA";"63134";"CARAPICUÍBA";303;13;"Vereador";98547;281;0;0;281;75763;0;22784;"N";75763;60847;60847;55378;5469;5469;0;0;0;0;0;0;0;6159;8757;8757;0;0;"14:08:47";"12/12/2016"
"19/01/2026";"14:01:37";2016;2;"Eleição Ordinária";1;220;"Eleições Municipais 2016";"02/10/2016";"M";"SP";"71617";"TAGUAÍ";"71617";"TAGUAÍ";234;13;"Vereador";8657;25;0;0;25;7067;0;1590;"N";7067;6732;6732;6260;472;472;0;0;0;0;0;0;0;197;138;138;0;0;"18:39:30";"02/10/2016"
"19/01/2026";"14:01:37";2016;2;"Eleição Ordinária";1;220;"Eleições Municipais 2016";"02/10/2016";"M";"SP";"69876";"ROSEIRA";"69876";"ROSEIRA";190;13;"Vereador";8543;25;3;0;28;7187;0;1356;"N";7187;6865;6865;6493;372;372;0;0;0;0;0;0;0;158;164;164;0;0;"19:22:53";"02/10/2016"
"19/01/2026";"14:01:37";2016;2;"Eleição Ordinária";1;220;"Eleições Municipais 2016";"02/10/2016";"M";"SP";"69698";"RIBEIRÃO PRETO";"69698";"RIBEIRÃO PRETO";108;13;"Vereador";41577;117;1;0;118;29146;0;12431;"N";29146;24463;24463;22919;1544;1544;0;0;0;0;0;0;0;1374;3309;3309;0;0;"13:53:25";"09/12/2016"
"19/01/2026";"14:01:37";2016;2;"Eleição Ordinária";1;220;"Eleições Municipais 2016";"02/10/2016";"M";"SP";"70130";"SANTA ADÉLIA";"70130";"SANTA ADÉLIA";111;13;"Vereador";11946;35;0;0;35;9488;0;2458;"N";9488;8768;8768;8245;523;523;0;0;0;0;0;0;0;298;422;422;0;0;"18:05:56";"02/10/2016"
"19/01/2026";"14:01:37";2016;2;"Eleição Ordinária";1;220;"Eleições Municipais 2016";"02/10/2016";"M";"SP";"67792";"OLÍMPIA";"67792";"OLÍMPIA";80;13;"Vereador";40341;111;5;0;116;31234;0;9107;"N";31234;28692;28692;27021;1671;1671;0;0;0;0;0;0;0;1402;1140;1140;0;0;"16:03:42";"25/10/2016"
"19/01/2026";"14:01:37";2016;2;"Eleição Ordinária";1;220;"Eleições Municipais 2016";"02/10/2016";"M";"SP";"64114";"FERNANDÓPOLIS";"64114";"FERNANDÓPOLIS";150;13;"Vereador";51319;140;2;0;142;39048;0;12271;"N";39048;35731;35731;33717;2014;2014;0;0;0;0;0;0;0;1730;1587;1587;0;0;"13:40:37";"08/11/2016"
"19/01/2026";"14:01:37";2016;2;"Eleição Ordinária";1;220;"Eleições Municipais 2016";"02/10/2016";"M";"SP";"71390";"SEVERÍNIA";"71390";"SEVERÍNIA";80;13;"Vereador";12667;34;1;0;35;10802;0;1865;"N";10802;10340;10340;9711;629;629;0;0;0;0;0;0;0;247;215;215;0;0;"19:11:48";"02/10/2016"
"19/01/2026";"14:01:37";2016;2;"Eleição Ordinária";1;220;"Eleições Municipais 2016";"02/10/2016";"M";"SP";"68454";"PEDRO DE TOLEDO";"68454";"PEDRO DE TOLEDO";295;13;"Vereador";8528;26;0;0;26;6393;0;2135;"N";6393;6153;6153;5750;403;403;0;0;0;0;0;0;0;111;129;129;0;0;"19:10:38";"02/10/2016"
"19/01/2026";"14:01:37";2016;2;"Eleição Ordinária";1;220;"Eleições Municipais 2016";"02/10/2016";"M";"SP";"68535";"PERUÍBE";"68535";"PERUÍBE";295;13;"Vereador";55113;159;2;0;161;40050;0;15063;"N";40050;36847;36847;34547;2300;2300;0;0;0;0;0;0;0;1353;1850;1850;0;0;"18:49:55";"01/11/2016"
"19/01/2026";"14:01:37";2016;2;"Eleição Ordinária";1;220;"Eleições Municipais 2016";"02/10/2016";"M";"SP";"62073";"BARRA DO TURVO";"62073";"BARRA DO TURVO";228;13;"Vereador";7442;24;0;0;24;5590;0;1852;"N";5590;5402;5402;4918;484;484;0;0;0;0;0;0;0;59;129;129;0;0;"19:21:32";"02/10/2016"
"19/01/2026";"14:01:37";2016;2;"Eleição Ordinária";1;220;"Eleições Municipais 2016";"02/10/2016";"M";"SP";"67318";"MONTE AZUL PAULISTA";"67318";"MONTE AZUL PAULISTA";171;13;"Vereador";15585;42;1;0;43;12437;0;3148;"N";12437;11143;11143;10449;694;694;0;0;0;0;0;0;0;367;927;927;0;0;"15:10:43";"28/03/2017"
"19/01/2026";"14:01:37";2016;2;"Eleição Ordinária";1;220;"Eleições Municipais 2016";"02/10/2016";"M";"SP";"69892";"RUBIÁCEA";"69892";"RUBIÁCEA";151;13;"Vereador";2533;9;0;0;9;2177;0;356;"N";2177;2132;2132;2049;83;83;0;0;0;0;0;0;0;12;33;33;0;0;"17:49:03";"02/10/2016"
"19/01/2026";"14:01:37";2016;2;"Eleição Ordinária";1;220;"Eleições Municipais 2016";"02/10/2016";"M";"SP";"70939";"SÃO JOSÉ DO BARREIRO";"70939";"SÃO JOSÉ DO BARREIRO";18;13;"Vereador";3721;12;0;0;12;3142;0;579;"N";3142;3059;3059;2881;178;178;0;0;0;0;0;0;0;25;58;58;0;0;"19:11:56";"02/10/2016"
"19/01/2026";"14:01:37";2016;2;"Eleição Ordinária";1;220;"Eleições Municipais 2016";"02/10/2016";"M";"SP";"62227";"VITÓRIA BRASIL";"62227";"VITÓRIA BRASIL";152;13;"Vereador";1663;6;0;0;6;1516;0;147;"N";1516;1416;1416;1352;64;64;0;0;0;0;0;0;0;19;81;81;0;0;"17:53:12";"28/10/2016"
"19/01/2026";"14:01:37";2016;2;"Eleição Ordinária";1;220;"Eleições Municipais 2016";"02/10/2016";"M";"SP";"61026";"BOREBI";"61026";"BOREBI";161;13;"Vereador";2215;7;0;0;7;1985;0;230;"N";1985;1843;1843;1723;120;120;0;0;0;0;0;0;0;22;120;120;0;0;"16:07:29";"12/09/2017"
"19/01/2026";"14:01:37";2016;2;"Eleição Ordinária";2;221;"Eleições Municipais 2016";"30/10/2016";"M";"SP";"71455";"SOROCABA";"71455";"SOROCABA";356;11;"Prefeito";52792;148;1;0;149;41207;0;11585;"N";41207;35877;35877;35877;0;0;0;0;0;0;0;0;0;1317;4013;4013;0;0;"19:47:40";"30/10/2016"
"19/01/2026";"14:01:37";2016;2;"Eleição Ordinária";2;221;"Eleições Municipais 2016";"30/10/2016";"M";"SP";"71510";"SUZANO";"71510";"SUZANO";415;11;"Prefeito";98607;288;3;0;291;75376;0;23231;"N";75376;64029;64029;64029;0;0;0;0;0;0;0;0;0;3985;7362;7362;0;0;"20:41:31";"30/10/2016"
"19/01/2026";"14:01:37";2016;2;"Eleição Ordinária";2;221;"Eleições Municipais 2016";"30/10/2016";"M";"SP";"66893";"MAUÁ";"66893";"MAUÁ";365;11;"Prefeito";111702;319;4;0;323;87688;0;24014;"N";87688;65521;65521;65521;0;0;0;0;0;0;0;0;0;5161;17006;17006;0;0;"19:41:45";"30/10/2016"
"19/01/2026";"14:01:37";2016;1;"Eleição Extraordinária";1;351;"Suplementar de Monte Azul Paulista";"28/10/2018";"M";"SP";"67318";"MONTE AZUL PAULISTA";"67318";"MONTE AZUL PAULISTA";171;11;"Prefeito";13372;44;0;0;44;11196;0;2176;"N";11196;6729;6729;6729;0;0;0;0;0;0;0;0;0;1757;2710;2710;0;0;"18:17:35";"28/10/2018"
"19/01/2026";"14:01:37";2016;2;"Eleição Ordinária";1;220;"Eleições Municipais 2016";"02/10/2016";"M";"SP";"70475";"SANTANA DE PARNAÍBA";"70475";"SANTANA DE PARNAÍBA";386;11;"Prefeito";78574;211;6;0;217;66835;0;11739;"N";66835;59988;59988;59988;0;0;0;0;0;0;0;0;0;2278;4569;4569;0;0;"21:24:44";"02/10/2016"
"19/01/2026";"14:01:37";2016;2;"Eleição Ordinária";1;220;"Eleições Municipais 2016";"02/10/2016";"M";"SP";"71072";"SÃO PAULO";"71072";"SÃO PAULO";320;11;"Prefeito";183580;499;0;0;499;141813;0;41767;"N";141813;118614;118614;118614;0;0;0;0;0;0;0;0;0;7878;15321;15321;0;0;"14:11:09";"26/06/2018"
"19/01/2026";"14:01:37";2016;2;"Eleição Ordinária";1;220;"Eleições Municipais 2016";"02/10/2016";"M";"SP";"67113";"MOCOCA";"67113";"MOCOCA";73;11;"Prefeito";53821;148;0;0;148;40326;0;13495;"N";40326;35200;15788;15788;0;0;0;19412;0;0;0;0;0;1690;3436;3436;0;0;"16:33:35";"09/02/2017"
"19/01/2026";"14:01:37";2016;2;"Eleição Ordinária";1;220;"Eleições Municipais 2016";"02/10/2016";"M";"SP";"64653";"GUARARAPES";"64653";"GUARARAPES";151;11;"Prefeito";25126;76;0;0;76;19737;0;5389;"N";19737;18540;18540;18540;0;0;0;0;0;0;0;0;0;325;872;872;0;0;"18:15:51";"02/10/2016"
"19/01/2026";"14:01:37";2016;2;"Eleição Ordinária";1;220;"Eleições Municipais 2016";"02/10/2016";"M";"SP";"62316";"BIRITIBA MIRIM";"62316";"BIRITIBA MIRIM";319;11;"Prefeito";23615;65;3;0;68;19627;0;3988;"N";19627;17737;17737;17737;0;0;0;0;0;0;0;0;0;752;1138;1138;0;0;"20:54:44";"02/10/2016"
"19/01/2026";"14:01:37";2016;2;"Eleição Ordinária";1;220;"Eleições Municipais 2016";"02/10/2016";"M";"SP";"68071";"PALMITAL";"68071";"PALMITAL";83;11;"Prefeito";17475;47;1;0;48;13943;0;3532;"N";13943;13168;13168;13168;0;0;0;0;0;0;0;0;0;253;522;522;0;0;"18:27:52";"02/10/2016"
"19/01/2026";"14:01:37";2016;2;"Eleição Ordinária";1;220;"Eleições Municipais 2016";"02/10/2016";"M";"SP";"65633";"ITAQUAQUECETUBA";"65633";"ITAQUAQUECETUBA";419;11;"Prefeito";114675;314;12;0;326;96592;0;18083;"N";96592;85259;85259;85259;0;0;0;0;0;0;0;0;0;5097;6236;6236;0;0;"21:06:34";"02/10/2016"
"19/01/2026";"14:01:37";2016;2;"Eleição Ordinária";1;220;"Eleições Municipais 2016";"02/10/2016";"M";"SP";"71838";"TAUBATÉ";"71838";"TAUBATÉ";407;11;"Prefeito";132679;377;30;0;407;103008;0;29671;"N";103008;88557;88557;88557;0;0;0;0;0;0;0;0;0;4855;9596;9596;0;0;"13:27:51";"06/12/2016"
"19/01/2026";"14:01:37";2016;2;"Eleição Ordinária";1;220;"Eleições Municipais 2016";"02/10/2016";"M";"SP";"70750";"SÃO BERNARDO DO CAMPO";"70750";"SÃO BERNARDO DO CAMPO";283;11;"Prefeito";75366;205;1;0;206;58863;0;16503;"N";58863;44577;44577;44577;0;0;0;0;0;0;0;0;0;3521;10765;10765;0;0;"14:02:48";"14/12/2016"
"19/01/2026";"14:01:37";2016;2;"Eleição Ordinária";1;220;"Eleições Municipais 2016";"02/10/2016";"M";"SP";"69990";"SALES OLIVEIRA";"69990";"SALES OLIVEIRA";235;11;"Prefeito";8001;29;0;0;29;7129;0;872;"N";7129;6756;6756;6756;0;0;0;0;0;0;0;0;0;93;280;280;0;0;"17:58:01";"02/10/2016"
"19/01/2026";"14:01:37";2016;2;"Eleição Ordinária";1;220;"Eleições Municipais 2016";"02/10/2016";"M";"SP";"62278";"BILAC";"62278";"BILAC";210;11;"Prefeito";6163;17;1;0;18;5230;0;933;"N";5230;5010;5010;5010;0;0;0;0;0;0;0;0;0;79;141;141;0;0;"17:46:17";"02/10/2016"
"19/01/2026";"14:01:37";2016;2;"Eleição Ordinária";1;220;"Eleições Municipais 2016";"02/10/2016";"M";"SP";"71196";"SÃO SIMÃO";"71196";"SÃO SIMÃO";133;11;"Prefeito";12046;32;2;0;34;9469;0;2577;"N";9469;4770;4770;4770;0;0;0;0;0;0;0;0;0;217;4482;4482;0;0;"17:49:02";"02/10/2016"
"19/01/2026";"14:01:37";2016;2;"Eleição Ordinária";1;220;"Eleições Municipais 2016";"02/10/2016";"M";"SP";"61794";"ASSIS";"61794";"ASSIS";290;11;"Prefeito";31673;92;0;0;92;23751;0;7922;"N";23751;21139;21139;21139;0;0;0;0;0;0;0;0;0;990;1622;1622;0;0;"14:06:43";"09/02/2018"
"19/01/2026";"14:01:37";2016;2;"Eleição Ordinária";1;220;"Eleições Municipais 2016";"02/10/2016";"M";"SP";"63959";"ECHAPORÃ";"63959";"ECHAPORÃ";290;11;"Prefeito";5352;16;0;0;16;4303;0;1049;"N";4303;4031;4031;4031;0;0;0;0;0;0;0;0;0;66;206;206;0;0;"19:30:39";"02/10/2016"
"19/01/2026";"14:01:37";2016;2;"Eleição Ordinária";1;220;"Eleições Municipais 2016";"02/10/2016";"M";"SP";"67695";"NOVA ODESSA";"67695";"NOVA ODESSA";292;11;"Prefeito";44030;120;0;0;120;36231;0;7799;"N";36231;31083;31083;31083;0;0;0;0;0;0;0;0;0;1872;3276;3276;0;0;"18:54:34";"02/10/2016"
"19/01/2026";"14:01:37";2016;2;"Eleição Ordinária";1;220;"Eleições Municipais 2016";"02/10/2016";"M";"SP";"70033";"SALMOURÃO";"70033";"SALMOURÃO";163;11;"Prefeito";4066;11;0;0;11;3456;0;610;"N";3456;3341;3341;3341;0;0;0;0;0;0;0;0;0;23;92;92;0;0;"18:24:10";"02/10/2016"
"19/01/2026";"14:01:37";2016;2;"Eleição Ordinária";1;220;"Eleições Municipais 2016";"02/10/2016";"M";"SP";"70130";"SANTA ADÉLIA";"70130";"SANTA ADÉLIA";111;11;"Prefeito";11946;35;0;0;35;9488;0;2458;"N";9488;7262;7262;7262;0;0;0;0;0;0;0;0;0;309;1917;1917;0;0;"13:24:28";"30/11/2016"
"19/01/2026";"14:01:37";2016;2;"Eleição Ordinária";1;220;"Eleições Municipais 2016";"02/10/2016";"M";"SP";"70718";"SANTOS";"70718";"SANTOS";272;11;"Prefeito";109360;308;3;0;311;82700;0;26660;"N";82700;70575;70575;70575;0;0;0;0;0;0;0;0;0;3027;9098;9098;0;0;"12:11:48";"09/12/2016"
"19/01/2026";"14:01:37";2016;2;"Eleição Ordinária";1;220;"Eleições Municipais 2016";"02/10/2016";"M";"SP";"68756";"PIRACICABA";"68756";"PIRACICABA";270;11;"Prefeito";141630;384;28;0;412;111495;0;30135;"N";111495;93149;93149;93149;0;0;0;0;0;0;0;0;0;6209;12137;12137;0;0;"19:47:50";"02/10/2016"
"19/01/2026";"14:01:37";2016;2;"Eleição Ordinária";1;220;"Eleições Municipais 2016";"02/10/2016";"M";"SP";"61450";"ANHEMBI";"61450";"ANHEMBI";41;11;"Prefeito";6162;19;0;0;19;4906;0;1256;"N";4906;2785;2785;2785;0;0;0;0;0;0;0;0;0;58;2063;2063;0;0;"13:15:30";"26/10/2016"
"19/01/2026";"14:01:37";2016;2;"Eleição Ordinária";1;220;"Eleições Municipais 2016";"02/10/2016";"M";"SP";"69213";"PRAIA GRANDE";"69213";"PRAIA GRANDE";317;11;"Prefeito";97945;260;0;0;260;73583;0;24362;"N";73583;64277;64277;64277;0;0;0;0;0;0;0;0;0;3088;6218;6218;0;0;"14:58:30";"02/12/2016"
"19/01/2026";"14:01:37";2016;2;"Eleição Ordinária";1;220;"Eleições Municipais 2016";"02/10/2016";"M";"SP";"71072";"SÃO PAULO";"71072";"SÃO PAULO";256;11;"Prefeito";174436;461;0;0;461;134945;0;39491;"N";134945;112789;112789;112789;0;0;0;0;0;0;0;0;0;6659;15497;15497;0;0;"14:11:09";"26/06/2018"
"19/01/2026";"14:01:37";2016;2;"Eleição Ordinária";1;220;"Eleições Municipais 2016";"02/10/2016";"M";"SP";"67636";"NOVA GUATAPORANGA";"67636";"NOVA GUATAPORANGA";175;11;"Prefeito";2023;9;1;0;10;1804;0;219;"N";1804;1744;1744;1744;0;0;0;0;0;0;0;0;0;12;48;48;0;0;"18:07:46";"02/10/2016"
"19/01/2026";"14:01:37";2016;2;"Eleição Ordinária";1;220;"Eleições Municipais 2016";"02/10/2016";"M";"SP";"61590";"ARAMINA";"61590";"ARAMINA";50;11;"Prefeito";4707;12;2;0;14;4129;0;578;"N";4129;4012;4012;4012;0;0;0;0;0;0;0;0;0;30;87;87;0;0;"17:46:15";"02/10/2016"
"19/01/2026";"14:01:37";2016;2;"Eleição Ordinária";1;220;"Eleições Municipais 2016";"02/10/2016";"M";"SP";"69698";"RIBEIRÃO PRETO";"69698";"RIBEIRÃO PRETO";266;11;"Prefeito";96596;272;1;0;273;71240;0;25356;"N";71240;54551;54551;54551;0;0;0;0;0;0;0;0;0;4439;12250;12250;0;0;"20:23:57";"02/10/2016"
"19/01/2026";"14:01:37";2016;2;"Eleição Ordinária";1;220;"Eleições Municipais 2016";"02/10/2016";"M";"SP";"61387";"EMILIANÓPOLIS";"61387";"EMILIANÓPOLIS";165;11;"Prefeito";2733;8;0;0;8;2387;0;346;"N";2387;2320;2320;2320;0;0;0;0;0;0;0;0;0;19;48;48;0;0;"18:19:40";"02/10/2016"
"19/01/2026";"14:01:37";2016;2;"Eleição Ordinária";1;220;"Eleições Municipais 2016";"02/10/2016";"M";"SP";"61980";"NOVA CAMPINA";"61980";"NOVA CAMPINA";53;11;"Prefeito";7163;21;4;0;25;6071;0;1092;"N";6071;5881;5881;5881;0;0;0;0;0;0;0;0;0;55;135;135;0;0;"19:21:30";"02/10/2016"
"19/01/2026";"14:01:37";2016;2;"Eleição Ordinária";1;220;"Eleições Municipais 2016";"02/10/2016";"M";"SP";"62618";"BURI";"62618";"BURI";53;11;"Prefeito";15100;43;0;0;43;12283;0;2817;"N";12283;11780;11780;11780;0;0;0;0;0;0;0;0;0;183;320;320;0;0;"15:28:32";"27/10/2016"
"19/01/2026";"14:01:37";2016;2;"Eleição Ordinária";1;220;"Eleições Municipais 2016";"02/10/2016";"M";"SP";"67555";"NIPOÃ";"67555";"NIPOÃ";77;11;"Prefeito";4059;12;0;0;12;3514;0;545;"N";3514;3346;3346;3346;0;0;0;0;0;0;0;0;0;62;106;106;0;0;"18:30:06";"02/10/2016"
"19/01/2026";"14:01:37";2016;2;"Eleição Ordinária";1;220;"Eleições Municipais 2016";"02/10/2016";"M";"SP";"64912";"IBIRAREMA";"64912";"IBIRAREMA";83;11;"Prefeito";4980;14;0;0;14;4142;0;838;"N";4142;3872;3872;3872;0;0;0;0;0;0;0;0;0;91;179;179;0;0;"18:44:15";"02/10/2016"
"19/01/2026";"14:01:37";2016;2;"Eleição Ordinária";1;220;"Eleições Municipais 2016";"02/10/2016";"M";"SP";"63770";"DIADEMA";"63770";"DIADEMA";222;11;"Prefeito";85409;230;2;0;232;66927;0;18482;"N";66927;49116;49116;49116;0;0;0;0;0;0;0;0;0;5939;11872;11872;0;0;"20:05:39";"02/10/2016"
"19/01/2026";"14:01:37";2016;2;"Eleição Ordinária";1;220;"Eleições Municipais 2016";"02/10/2016";"M";"SP";"62910";"CAMPINAS";"62910";"CAMPINAS";379;11;"Prefeito";149508;417;2;0;419;117715;0;31793;"N";117715;83809;83809;83809;0;0;0;0;0;0;0;0;0;7344;26562;26562;0;0;"13:34:25";"30/11/2016"
"19/01/2026";"14:01:37";2016;2;"Eleição Ordinária";1;220;"Eleições Municipais 2016";"02/10/2016";"M";"SP";"63312";"CERQUILHO";"63312";"CERQUILHO";355;11;"Prefeito";31556;98;1;0;99;25665;0;5891;"N";25665;23169;23169;23169;0;0;0;0;0;0;0;0;0;677;1819;1819;0;0;"11:30:33";"29/12/2016"
"19/01/2026";"14:01:37";2016;2;"Eleição Ordinária";1;220;"Eleições Municipais 2016";"02/10/2016";"M";"SP";"65013";"IGARAÇU DO TIETÊ";"65013";"IGARAÇU DO TIETÊ";200;11;"Prefeito";18797;53;1;0;54;15350;0;3447;"N";15350;13896;13896;13896;0;0;0;0;0;0;0;0;0;474;980;980;0;0;"18:20:21";"02/10/2016"
"19/01/2026";"14:01:37";2016;2;"Eleição Ordinária";1;220;"Eleições Municipais 2016";"02/10/2016";"M";"SP";"61727";"HORTOLÂNDIA";"61727";"HORTOLÂNDIA";361;11;"Prefeito";144182;378;13;0;391;117904;0;26278;"N";117904;100153;100153;100153;0;0;0;0;0;0;0;0;0;6305;11446;11446;0;0;"15:41:26";"29/12/2016"
"19/01/2026";"14:01:37";2016;2;"Eleição Ordinária";1;220;"Eleições Municipais 2016";"02/10/2016";"M";"SP";"65897";"JACAREÍ";"65897";"JACAREÍ";396;11;"Prefeito";81369;229;4;0;233;64406;0;16963;"N";64406;55324;55324;55324;0;0;0;0;0;0;0;0;0;3165;5917;5917;0;0;"20:23:47";"02/10/2016"
"19/01/2026";"14:01:37";2016;2;"Eleição Ordinária";1;220;"Eleições Municipais 2016";"02/10/2016";"M";"SP";"64017";"EMBU DAS ARTES";"64017";"EMBU DAS ARTES";391;11;"Prefeito";83762;273;3;0;276;74181;0;9581;"N";74181;38542;38542;38542;0;0;0;0;0;0;0;0;0;5294;30345;30345;0;0;"14:01:46";"19/05/2017"
"19/01/2026";"14:01:37";2016;2;"Eleição Ordinária";1;220;"Eleições Municipais 2016";"02/10/2016";"M";"SP";"63797";"DIVINOLÂNDIA";"63797";"DIVINOLÂNDIA";366;11;"Prefeito";10123;29;0;0;29;8480;0;1643;"N";8480;7826;7826;7826;0;0;0;0;0;0;0;0;0;204;450;450;0;0;"18:08:04";"02/10/2016"
"19/01/2026";"14:01:37";2016;2;"Eleição Ordinária";1;220;"Eleições Municipais 2016";"02/10/2016";"M";"SP";"70998";"SÃO JOSÉ DOS CAMPOS";"70998";"SÃO JOSÉ DOS CAMPOS";282;11;"Prefeito";76938;212;4;0;216;62856;0;14082;"N";62856;56160;56160;56160;0;0;0;0;0;0;0;0;0;2394;4302;4302;0;0;"22:08:44";"02/10/2016"
"19/01/2026";"14:01:37";2016;2;"Eleição Ordinária";1;220;"Eleições Municipais 2016";"02/10/2016";"M";"SP";"63711";"CUBATÃO";"63711";"CUBATÃO";119;11;"Prefeito";97388;277;7;0;284;78627;0;18761;"N";78627;68523;68523;68523;0;0;0;0;0;0;0;0;0;3594;6510;6510;0;0;"20:30:30";"02/10/2016"
"19/01/2026";"14:01:37";2016;2;"Eleição Ordinária";1;220;"Eleições Municipais 2016";"02/10/2016";"M";"SP";"61948";"ITAPIRAPUÃ PAULISTA";"61948";"ITAPIRAPUÃ PAULISTA";10;11;"Prefeito";3347;9;1;0;10;2932;0;415;"N";2932;2785;2785;2785;0;0;0;0;0;0;0;0;0;27;120;120;0;0;"15:02:45";"03/11/2016"
"19/01/2026";"14:01:37";2016;2;"Eleição Ordinária";1;220;"Eleições Municipais 2016";"02/10/2016";"M";"SP";"71617";"TAGUAÍ";"71617";"TAGUAÍ";234;11;"Prefeito";8657;25;0;0;25;7067;0;1590;"N";7067;6468;6468;6468;0;0;0;0;0;0;0;0;0;189;410;410;0;0;"18:39:30";"02/10/2016"
"19/01/2026";"14:01:37";2016;2;"Eleição Ordinária";1;220;"Eleições Municipais 2016";"02/10/2016";"M";"SP";"61956";"BÁLSAMO";"61956";"BÁLSAMO";72;11;"Prefeito";7143;20;0;0;20;6415;0;728;"N";6415;6177;6177;6177;0;0;0;0;0;0;0;0;0;72;166;166;0;0;"15:13:30";"03/11/2016"
"19/01/2026";"14:01:37";2016;2;"Eleição Ordinária";1;220;"Eleições Municipais 2016";"02/10/2016";"M";"SP";"64777";"GUARULHOS";"64777";"GUARULHOS";185;11;"Prefeito";132861;372;1;0;373;112163;0;20698;"N";112163;89177;89177;89177;0;0;0;0;0;0;0;0;0;8859;14127;14127;0;0;"14:52:34";"26/10/2016"
"19/01/2026";"14:01:37";2016;2;"Eleição Ordinária";1;220;"Eleições Municipais 2016";"02/10/2016";"M";"SP";"70670";"SANTO EXPEDITO";"70670";"SANTO EXPEDITO";182;11;"Prefeito";2841;9;0;0;9;2504;0;337;"N";2504;2378;2378;2378;0;0;0;0;0;0;0;0;0;32;94;94;0;0;"19:03:03";"02/10/2016"
"19/01/2026";"14:01:37";2016;2;"Eleição Ordinária";1;220;"Eleições Municipais 2016";"02/10/2016";"M";"SP";"70211";"SANTA BRANCA";"70211";"SANTA BRANCA";112;11;"Prefeito";12352;37;0;0;37;9698;0;2654;"N";9698;9007;9007;9007;0;0;0;0;0;0;0;0;0;237;454;454;0;0;"18:03:06";"02/10/2016"
"19/01/2026";"14:01:37";2016;2;"Eleição Ordinária";1;220;"Eleições Municipais 2016";"02/10/2016";"M";"SP";"68713";"PIQUETE";"68713";"PIQUETE";337;11;"Prefeito";11220;30;0;0;30;9099;0;2121;"N";9099;8525;8525;8525;0;0;0;0;0;0;0;0;0;158;416;416;0;0;"17:37:05";"02/10/2016"
"19/01/2026";"14:01:37";2016;2;"Eleição Ordinária";1;220;"Eleições Municipais 2016";"02/10/2016";"M";"SP";"72435";"VOTORANTIM";"72435";"VOTORANTIM";220;11;"Prefeito";87253;247;0;0;247;69776;0;17477;"N";69776;40749;40749;40749;0;0;0;0;0;0;0;0;0;4152;24875;24875;0;0;"13:47:41";"12/12/2016"
"19/01/2026";"14:01:37";2016;2;"Eleição Ordinária";1;220;"Eleições Municipais 2016";"02/10/2016";"M";"SP";"68233";"PARDINHO";"68233";"PARDINHO";26;11;"Prefeito";5442;16;0;0;16;4465;0;977;"N";4465;4219;4219;4219;0;0;0;0;0;0;0;0;0;69;177;177;0;0;"17:47:50";"02/10/2016"
"19/01/2026";"14:01:37";2016;2;"Eleição Ordinária";1;220;"Eleições Municipais 2016";"02/10/2016";"M";"SP";"62715";"CAÇAPAVA";"62715";"CAÇAPAVA";29;11;"Prefeito";69719;195;0;0;195;54835;0;14884;"N";54835;32478;32478;32478;0;0;0;0;0;0;0;0;0;3315;19042;19042;0;0;"14:06:21";"26/10/2016"
"19/01/2026";"14:01:37";2016;2;"Eleição Ordinária";1;220;"Eleições Municipais 2016";"02/10/2016";"M";"SP";"69078";"PONTES GESTAL";"69078";"PONTES GESTAL";224;11;"Prefeito";2535;8;0;0;8;2230;0;305;"N";2230;2140;2140;2140;0;0;0;0;0;0;0;0;0;28;62;62;0;0;"18:05:54";"02/10/2016"
"19/01/2026";"14:01:37";2016;2;"Eleição Ordinária";1;220;"Eleições Municipais 2016";"02/10/2016";"M";"SP";"62758";"CACONDE";"62758";"CACONDE";30;11;"Prefeito";14701;38;2;0;40;11515;0;3186;"N";11515;10776;10776;10776;0;0;0;0;0;0;0;0;0;198;541;541;0;0;"17:46:26";"02/10/2016"
"19/01/2026";"14:01:37";2016;2;"Eleição Ordinária";1;220;"Eleições Municipais 2016";"02/10/2016";"M";"SP";"70971";"SÃO JOSÉ DO RIO PRETO";"70971";"SÃO JOSÉ DO RIO PRETO";267;13;"Vereador";138529;393;1;0;394;108626;0;29903;"N";108626;93801;93801;86540;7261;7261;0;0;0;0;0;0;0;6918;7907;7907;0;0;"15:15:57";"24/11/2016"
"19/01/2026";"14:01:37";2016;2;"Eleição Ordinária";1;220;"Eleições Municipais 2016";"02/10/2016";"M";"SP";"71072";"SÃO PAULO";"71072";"SÃO PAULO";252;13;"Vereador";116434;332;0;0;332;89762;0;26672;"N";89762;68399;68399;55352;13047;13047;0;0;0;0;0;0;0;7803;13560;13560;0;0;"14:11:09";"26/06/2018"
"19/01/2026";"14:01:37";2016;2;"Eleição Ordinária";1;220;"Eleições Municipais 2016";"02/10/2016";"M";"SP";"70971";"SÃO JOSÉ DO RIO PRETO";"70971";"SÃO JOSÉ DO RIO PRETO";312;13;"Vereador";67597;183;0;0;183;53196;0;14401;"N";53196;45838;45838;42883;2955;2955;0;0;0;0;0;0;0;2971;4387;4387;0;0;"15:15:57";"24/11/2016"
"19/01/2026";"14:01:37";2016;2;"Eleição Ordinária";1;220;"Eleições Municipais 2016";"02/10/2016";"M";"SP";"72230";"VALENTIM GENTIL";"72230";"VALENTIM GENTIL";147;13;"Vereador";9462;25;0;0;25;7568;0;1894;"N";7568;6882;6882;6425;457;457;0;0;0;0;0;0;0;356;330;330;0;0;"18:42:31";"02/10/2016"
"19/01/2026";"14:01:37";2016;2;"Eleição Ordinária";1;220;"Eleições Municipais 2016";"02/10/2016";"M";"SP";"62650";"BURITIZAL";"62650";"BURITIZAL";50;13;"Vereador";3644;10;0;0;10;3320;0;324;"N";3320;3231;3231;3078;153;153;0;0;0;0;0;0;0;33;56;56;0;0;"17:54:32";"02/10/2016"
"19/01/2026";"14:01:37";2016;2;"Eleição Ordinária";1;220;"Eleições Municipais 2016";"02/10/2016";"M";"SP";"61395";"ANALÂNDIA";"61395";"ANALÂNDIA";245;13;"Vereador";4454;16;0;0;16;3862;0;592;"N";3862;3695;3695;3494;201;201;0;0;0;0;0;0;0;77;90;90;0;0;"09:09:57";"03/12/2016"
"19/01/2026";"14:01:37";2016;2;"Eleição Ordinária";1;220;"Eleições Municipais 2016";"02/10/2016";"M";"SP";"64556";"GUARÁ";"64556";"GUARÁ";338;13;"Vereador";15214;43;0;0;43;12444;0;2770;"N";12444;11936;11936;11300;636;636;0;0;0;0;0;0;0;232;276;276;0;0;"17:54:25";"02/10/2016"
"19/01/2026";"14:01:37";2016;2;"Eleição Ordinária";1;220;"Eleições Municipais 2016";"02/10/2016";"M";"SP";"68870";"PIRASSUNUNGA";"68870";"PIRASSUNUNGA";96;13;"Vereador";27279;79;10;0;89;21366;0;5913;"N";21366;18667;18667;17406;1261;1261;0;0;0;0;0;0;0;1351;1348;1348;0;0;"18:29:09";"02/10/2016"
"19/01/2026";"14:01:37";2016;2;"Eleição Ordinária";1;220;"Eleições Municipais 2016";"02/10/2016";"M";"SP";"71773";"TAQUARITUBA";"71773";"TAQUARITUBA";236;13;"Vereador";18808;57;0;0;57;15310;0;3498;"N";15310;13908;13908;13009;899;899;0;0;0;0;0;0;0;695;707;707;0;0;"15:52:41";"25/11/2016"
"19/01/2026";"14:01:37";2016;2;"Eleição Ordinária";1;220;"Eleições Municipais 2016";"02/10/2016";"M";"SP";"71072";"SÃO PAULO";"71072";"SÃO PAULO";347;13;"Vereador";171468;472;0;0;472;136042;0;35426;"N";136042;101889;101889;84304;17585;17585;0;0;0;0;0;0;0;13019;21134;21134;0;0;"14:11:09";"26/06/2018"
"19/01/2026";"14:01:37";2016;2;"Eleição Ordinária";1;220;"Eleições Municipais 2016";"02/10/2016";"M";"SP";"68918";"PITANGUEIRAS";"68918";"PITANGUEIRAS";98;13;"Vereador";26651;76;0;0;76;20805;0;5846;"N";20805;19341;19341;17999;1342;1342;0;0;0;0;0;0;0;702;762;762;0;0;"18:30:36";"02/10/2016"
"19/01/2026";"14:01:37";2016;2;"Eleição Ordinária";1;220;"Eleições Municipais 2016";"02/10/2016";"M";"SP";"71030";"SÃO MANUEL";"71030";"SÃO MANUEL";129;13;"Vereador";31056;95;1;0;96;24913;0;6143;"N";24913;22493;22493;21114;1379;1379;0;0;0;0;0;0;0;1053;1367;1367;0;0;"18:50:34";"02/10/2016"
"19/01/2026";"14:01:37";2016;2;"Eleição Ordinária";1;220;"Eleições Municipais 2016";"02/10/2016";"M";"SP";"69558";"RESTINGA";"69558";"RESTINGA";240;13;"Vereador";6853;19;0;0;19;5921;0;932;"N";5921;5563;5563;5120;443;443;0;0;0;0;0;0;0;95;263;263;0;0;"17:00:38";"08/02/2018"
"19/01/2026";"14:01:37";2016;2;"Eleição Ordinária";1;220;"Eleições Municipais 2016";"02/10/2016";"M";"SP";"70912";"SÃO JOSÉ DA BELA VISTA";"70912";"SÃO JOSÉ DA BELA VISTA";240;13;"Vereador";7476;21;0;0;21;6098;0;1378;"N";6098;5809;5809;5466;343;343;0;0;0;0;0;0;0;128;161;161;0;0;"17:54:32";"02/10/2016"
"19/01/2026";"14:01:37";2016;2;"Eleição Ordinária";1;220;"Eleições Municipais 2016";"02/10/2016";"M";"SP";"66133";"JOÃO RAMALHO";"66133";"JOÃO RAMALHO";104;13;"Vereador";3845;12;0;0;12;3236;0;609;"N";3236;3085;3085;2912;173;173;0;0;0;0;0;0;0;45;106;106;0;0;"18:11:18";"02/10/2016"
"19/01/2026";"14:01:37";2016;2;"Eleição Ordinária";1;220;"Eleições Municipais 2016";"02/10/2016";"M";"SP";"62324";"JUMIRIM";"62324";"JUMIRIM";142;13;"Vereador";2430;7;0;0;7;2031;0;399;"N";2031;1941;1941;1818;123;123;0;0;0;0;0;0;0;43;47;47;0;0;"18:16:58";"02/10/2016"
"19/01/2026";"14:01:37";2016;2;"Eleição Ordinária";1;220;"Eleições Municipais 2016";"02/10/2016";"M";"SP";"64610";"GUARANI D OESTE";"64610";"GUARANI D OESTE";302;13;"Vereador";1753;5;0;0;5;1574;0;179;"N";1574;1536;1536;1446;90;90;0;0;0;0;0;0;0;15;23;23;0;0;"18:08:44";"02/10/2016"
"19/01/2026";"14:01:37";2016;2;"Eleição Ordinária";1;220;"Eleições Municipais 2016";"02/10/2016";"M";"SP";"67091";"MIRASSOLÂNDIA";"67091";"MIRASSOLÂNDIA";72;13;"Vereador";3646;10;0;0;10;3199;0;447;"N";3199;3050;3050;2901;149;149;0;0;0;0;0;0;0;76;73;73;0;0;"19:14:09";"02/10/2016"
"19/01/2026";"14:01:37";2016;2;"Eleição Ordinária";2;221;"Eleições Municipais 2016";"30/10/2016";"M";"SP";"71455";"SOROCABA";"71455";"SOROCABA";342;11;"Prefeito";80648;214;1;0;215;63024;0;17624;"N";63024;54779;54779;54779;0;0;0;0;0;0;0;0;0;1913;6332;6332;0;0;"19:47:40";"30/10/2016"
"19/01/2026";"14:01:37";2016;1;"Eleição Extraordinária";1;376;"Suplementar  Lagoinha";"17/03/2019";"M";"SP";"66273";"LAGOINHA";"66273";"LAGOINHA";128;11;"Prefeito";5026;16;0;0;16;4102;0;924;"N";4102;3946;3946;3946;0;0;0;0;0;0;0;0;0;72;84;84;0;0;"18:05:22";"17/03/2019"
"19/01/2026";"14:01:37";2016;1;"Eleição Extraordinária";1;307;"Suplementar Pirapora do Bom Jesus";"03/06/2018";"M";"SP";"68837";"PIRAPORA DO BOM JESUS";"68837";"PIRAPORA DO BOM JESUS";386;11;"Prefeito";11671;35;0;0;35;9544;0;2127;"N";9544;9144;9144;9144;0;0;0;0;0;0;0;0;0;106;294;294;0;0;"18:50:26";"03/06/2018"
"19/01/2026";"14:01:37";2016;2;"Eleição Ordinária";1;220;"Eleições Municipais 2016";"02/10/2016";"M";"SP";"71072";"SÃO PAULO";"71072";"SÃO PAULO";389;11;"Prefeito";170619;508;4;0;512;138651;0;31968;"N";138651;110946;110946;110946;0;0;0;0;0;0;0;0;0;9612;18093;18093;0;0;"14:11:09";"26/06/2018"
"19/01/2026";"14:01:37";2016;2;"Eleição Ordinária";1;220;"Eleições Municipais 2016";"02/10/2016";"M";"SP";"61859";"AVAÍ";"61859";"AVAÍ";300;11;"Prefeito";4383;16;1;0;17;3798;0;585;"N";3798;3591;3591;3591;0;0;0;0;0;0;0;0;0;70;137;137;0;0;"18:27:27";"02/10/2016"
"19/01/2026";"14:01:37";2016;2;"Eleição Ordinária";1;220;"Eleições Municipais 2016";"02/10/2016";"M";"SP";"71072";"SÃO PAULO";"71072";"SÃO PAULO";374;11;"Prefeito";229580;738;11;0;749;180096;0;49484;"N";180096;151926;151926;151926;0;0;0;0;0;0;0;0;0;9190;18980;18980;0;0;"14:11:09";"26/06/2018"
"19/01/2026";"14:01:37";2016;2;"Eleição Ordinária";1;220;"Eleições Municipais 2016";"02/10/2016";"M";"SP";"65650";"ITARARÉ";"65650";"ITARARÉ";57;11;"Prefeito";37098;109;8;0;117;27295;0;9803;"N";27295;24987;24987;24987;0;0;0;0;0;0;0;0;0;844;1464;1464;0;0;"18:51:40";"02/10/2016"
"19/01/2026";"14:01:37";2016;2;"Eleição Ordinária";1;220;"Eleições Municipais 2016";"02/10/2016";"M";"SP";"64777";"GUARULHOS";"64777";"GUARULHOS";176;11;"Prefeito";155888;433;3;0;436;125987;0;29901;"N";125987;103859;103859;103859;0;0;0;0;0;0;0;0;0;6385;15743;15743;0;0;"14:52:34";"26/10/2016"
"19/01/2026";"14:01:37";2016;2;"Eleição Ordinária";1;220;"Eleições Municipais 2016";"02/10/2016";"M";"SP";"71072";"SÃO PAULO";"71072";"SÃO PAULO";254;11;"Prefeito";158403;462;1;0;463;119963;0;38440;"N";119963;101867;101867;101867;0;0;0;0;0;0;0;0;0;5424;12672;12672;0;0;"14:11:09";"26/06/2018"
"19/01/2026";"14:01:37";2016;2;"Eleição Ordinária";1;220;"Eleições Municipais 2016";"02/10/2016";"M";"SP";"61468";"UBARANA";"61468";"UBARANA";64;11;"Prefeito";4572;12;1;0;13;3892;0;680;"N";3892;3690;3690;3690;0;0;0;0;0;0;0;0;0;62;140;140;0;0;"18:20:39";"02/10/2016"
"19/01/2026";"14:01:37";2016;2;"Eleição Ordinária";1;220;"Eleições Municipais 2016";"02/10/2016";"M";"SP";"70793";"SÃO CARLOS";"70793";"SÃO CARLOS";410;11;"Prefeito";80988;223;1;0;224;64798;0;16190;"N";64798;56927;56927;56927;0;0;0;0;0;0;0;0;0;2458;5413;5413;0;0;"19:16:31";"02/10/2016"
"19/01/2026";"14:01:37";2016;2;"Eleição Ordinária";1;220;"Eleições Municipais 2016";"02/10/2016";"M";"SP";"65439";"ITANHAÉM";"65439";"ITANHAÉM";189;11;"Prefeito";73881;200;0;0;200;53689;0;20192;"N";53689;46718;46718;46718;0;0;0;0;0;0;0;0;0;2258;4713;4713;0;0;"16:26:35";"27/04/2018"
"19/01/2026";"14:01:37";2016;2;"Eleição Ordinária";1;220;"Eleições Municipais 2016";"02/10/2016";"M";"SP";"62391";"BOITUVA";"62391";"BOITUVA";369;11;"Prefeito";39845;106;1;0;107;31493;0;8352;"N";31493;27648;27648;27648;0;0;0;0;0;0;0;0;0;1346;2499;2499;0;0;"19:13:33";"02/10/2016"
"19/01/2026";"14:01:37";2016;2;"Eleição Ordinária";1;220;"Eleições Municipais 2016";"02/10/2016";"M";"SP";"62162";"QUADRA";"62162";"QUADRA";140;11;"Prefeito";3206;10;0;0;10;2730;0;476;"N";2730;2606;2606;2606;0;0;0;0;0;0;0;0;0;25;99;99;0;0;"19:21:38";"02/10/2016"
"19/01/2026";"14:01:37";2016;2;"Eleição Ordinária";1;220;"Eleições Municipais 2016";"02/10/2016";"M";"SP";"62413";"BOM JESUS DOS PERDÕES";"62413";"BOM JESUS DOS PERDÕES";16;11;"Prefeito";15794;51;0;0;51;12916;0;2878;"N";12916;11528;11528;11528;0;0;0;0;0;0;0;0;0;372;1016;1016;0;0;"16:40:36";"01/12/2016"
"19/01/2026";"14:01:37";2016;2;"Eleição Ordinária";1;220;"Eleições Municipais 2016";"02/10/2016";"M";"SP";"64157";"FERRAZ DE VASCONCELOS";"64157";"FERRAZ DE VASCONCELOS";401;11;"Prefeito";124743;363;5;0;368;101725;0;23018;"N";101725;82323;82323;82323;0;0;0;0;0;0;0;0;0;6885;12517;12517;0;0;"12:30:46";"19/10/2016"
"19/01/2026";"14:01:37";2016;2;"Eleição Ordinária";1;220;"Eleições Municipais 2016";"02/10/2016";"M";"SP";"70173";"SANTA BÁRBARA D OESTE";"70173";"SANTA BÁRBARA D OESTE";186;11;"Prefeito";139316;370;8;0;378;114123;0;25193;"N";114123;95734;95734;95734;0;0;0;0;0;0;0;0;0;7426;10963;10963;0;0;"19:24:30";"02/10/2016"
"19/01/2026";"14:01:37";2016;2;"Eleição Ordinária";1;220;"Eleições Municipais 2016";"02/10/2016";"M";"SP";"65250";"IPORANGA";"65250";"IPORANGA";10;11;"Prefeito";3666;11;1;0;12;2866;0;800;"N";2866;2670;2670;2670;0;0;0;0;0;0;0;0;0;45;151;151;0;0;"19:30:40";"02/10/2016"
"19/01/2026";"14:01:37";2016;2;"Eleição Ordinária";1;220;"Eleições Municipais 2016";"02/10/2016";"M";"SP";"62332";"BOA ESPERANÇA DO SUL";"62332";"BOA ESPERANÇA DO SUL";107;11;"Prefeito";10249;30;0;0;30;8459;0;1790;"N";8459;7440;7440;7440;0;0;0;0;0;0;0;0;0;212;807;807;0;0;"11:02:46";"01/11/2016"
"19/01/2026";"14:01:37";2016;2;"Eleição Ordinária";1;220;"Eleições Municipais 2016";"02/10/2016";"M";"SP";"67210";"MONÇÕES";"67210";"MONÇÕES";162;11;"Prefeito";2236;6;0;0;6;2042;0;194;"N";2042;1945;1945;1945;0;0;0;0;0;0;0;0;0;30;67;67;0;0;"18:27:29";"02/10/2016"
"19/01/2026";"14:01:37";2016;2;"Eleição Ordinária";1;220;"Eleições Municipais 2016";"02/10/2016";"M";"SP";"61891";"AVARÉ";"61891";"AVARÉ";17;11;"Prefeito";64269;173;0;0;173;49379;0;14890;"N";49379;42100;42100;42100;0;0;0;0;0;0;0;0;0;2387;4892;4892;0;0;"19:35:39";"02/10/2016"
"19/01/2026";"14:01:37";2016;2;"Eleição Ordinária";1;220;"Eleições Municipais 2016";"02/10/2016";"M";"SP";"68055";"PALMEIRA D OESTE";"68055";"PALMEIRA D OESTE";232;11;"Prefeito";8039;22;0;0;22;6517;0;1522;"N";6517;6108;6108;6108;0;0;0;0;0;0;0;0;0;149;260;260;0;0;"16:15:35";"10/11/2016"
"19/01/2026";"14:01:37";2016;2;"Eleição Ordinária";1;220;"Eleições Municipais 2016";"02/10/2016";"M";"SP";"69558";"RESTINGA";"69558";"RESTINGA";240;11;"Prefeito";6853;19;0;0;19;5921;0;932;"N";5921;2819;2819;2819;0;0;0;0;0;0;0;0;0;105;2997;2997;0;0;"17:00:38";"08/02/2018"
"19/01/2026";"14:01:37";2016;2;"Eleição Ordinária";1;220;"Eleições Municipais 2016";"02/10/2016";"M";"SP";"69531";"REGISTRO";"69531";"REGISTRO";172;11;"Prefeito";45132;135;5;0;140;33666;0;11466;"N";33666;30563;30563;30563;0;0;0;0;0;0;0;0;0;1186;1917;1917;0;0;"19:21:42";"02/10/2016"
"19/01/2026";"14:01:37";2016;2;"Eleição Ordinária";1;220;"Eleições Municipais 2016";"02/10/2016";"M";"SP";"64017";"EMBU DAS ARTES";"64017";"EMBU DAS ARTES";341;11;"Prefeito";84288;301;6;0;307;73689;0;10599;"N";73689;43051;43051;43051;0;0;0;0;0;0;0;0;0;6018;24620;24620;0;0;"14:01:46";"19/05/2017"
"19/01/2026";"14:01:37";2016;2;"Eleição Ordinária";1;220;"Eleições Municipais 2016";"02/10/2016";"M";"SP";"70971";"SÃO JOSÉ DO RIO PRETO";"70971";"SÃO JOSÉ DO RIO PRETO";268;11;"Prefeito";83994;237;8;0;245;66151;0;17843;"N";66151;57617;57617;57617;0;0;0;0;0;0;0;0;0;2682;5852;5852;0;0;"20:23:49";"02/10/2016"
"19/01/2026";"14:01:37";2016;2;"Eleição Ordinária";1;220;"Eleições Municipais 2016";"02/10/2016";"M";"SP";"67873";"ORLÂNDIA";"67873";"ORLÂNDIA";81;11;"Prefeito";30897;87;1;0;88;24813;0;6084;"N";24813;22694;22694;22694;0;0;0;0;0;0;0;0;0;614;1505;1505;0;0;"18:27:32";"02/10/2016"
"19/01/2026";"14:01:37";2016;2;"Eleição Ordinária";1;220;"Eleições Municipais 2016";"02/10/2016";"M";"SP";"66435";"LINS";"66435";"LINS";297;11;"Prefeito";35271;104;0;0;104;27109;0;8162;"N";27109;23276;11632;11632;0;0;0;11644;0;0;0;0;0;1574;2259;2259;0;0;"19:54:35";"18/12/2020"
"19/01/2026";"14:01:37";2016;2;"Eleição Ordinária";1;220;"Eleições Municipais 2016";"02/10/2016";"M";"SP";"66133";"JOÃO RAMALHO";"66133";"JOÃO RAMALHO";104;11;"Prefeito";3845;12;0;0;12;3236;0;609;"N";3236;3115;3115;3115;0;0;0;0;0;0;0;0;0;27;94;94;0;0;"18:11:18";"02/10/2016"
"19/01/2026";"14:01:37";2016;2;"Eleição Ordinária";1;220;"Eleições Municipais 2016";"02/10/2016";"M";"SP";"61280";"BERTIOGA";"61280";"BERTIOGA";272;11;"Prefeito";41315;115;4;0;119;32225;0;9090;"N";32225;29309;29309;29309;0;0;0;0;0;0;0;0;0;859;2057;2057;0;0;"18:53:34";"02/10/2016"
"19/01/2026";"14:01:37";2016;2;"Eleição Ordinária";1;220;"Eleições Municipais 2016";"02/10/2016";"M";"SP";"65994";"JAMBEIRO";"65994";"JAMBEIRO";29;11;"Prefeito";4719;13;1;0;14;4101;0;618;"N";4101;3940;3940;3940;0;0;0;0;0;0;0;0;0;45;116;116;0;0;"19:01:10";"02/10/2016"
"19/01/2026";"14:01:37";2016;2;"Eleição Ordinária";1;220;"Eleições Municipais 2016";"02/10/2016";"M";"SP";"61247";"PEDRINHAS PAULISTA";"61247";"PEDRINHAS PAULISTA";363;11;"Prefeito";2966;8;0;0;8;2657;0;309;"N";2657;2571;2571;2571;0;0;0;0;0;0;0;0;0;12;74;74;0;0;"17:31:24";"02/10/2016"
"19/01/2026";"14:01:37";2016;2;"Eleição Ordinária";1;220;"Eleições Municipais 2016";"02/10/2016";"M";"SP";"69213";"PRAIA GRANDE";"69213";"PRAIA GRANDE";317;13;"Vereador";97945;260;0;0;260;73583;0;24362;"N";73583;63730;63730;59881;3849;3849;0;0;0;0;0;0;0;3718;6135;6135;0;0;"15:12:46";"25/01/2017"
"19/01/2026";"14:01:37";2016;2;"Eleição Ordinária";1;220;"Eleições Municipais 2016";"02/10/2016";"M";"SP";"63738";"CUNHA";"63738";"CUNHA";43;13;"Vereador";19765;57;0;0;57;15693;0;4072;"N";15693;14961;14961;14047;914;914;0;0;0;0;0;0;0;358;374;374;0;0;"15:19:41";"21/03/2018"
"19/01/2026";"14:01:37";2016;2;"Eleição Ordinária";1;220;"Eleições Municipais 2016";"02/10/2016";"M";"SP";"65650";"ITARARÉ";"65650";"ITARARÉ";57;13;"Vereador";37098;109;8;0;117;27295;0;9803;"N";27295;25200;25200;23520;1680;1680;0;0;0;0;0;0;0;1206;889;889;0;0;"12:38:42";"16/01/2017"
"19/01/2026";"14:01:37";2016;2;"Eleição Ordinária";1;220;"Eleições Municipais 2016";"02/10/2016";"M";"SP";"65870";"JABOTICABAL";"65870";"JABOTICABAL";61;13;"Vereador";53746;144;2;0;146;39802;0;13944;"N";39802;35897;35897;33849;2048;2048;0;0;0;0;0;0;0;1971;1934;1934;0;0;"18:52:43";"02/10/2016"
"19/01/2026";"14:01:37";2016;2;"Eleição Ordinária";1;220;"Eleições Municipais 2016";"02/10/2016";"M";"SP";"71072";"SÃO PAULO";"71072";"SÃO PAULO";325;13;"Vereador";102298;293;1;0;294;78962;0;23336;"N";78962;61813;61813;52237;9576;9576;0;0;0;0;0;0;0;6605;10544;10544;0;0;"14:11:09";"26/06/2018"
"19/01/2026";"14:01:37";2016;2;"Eleição Ordinária";1;220;"Eleições Municipais 2016";"02/10/2016";"M";"SP";"66990";"MIRACATU";"66990";"MIRACATU";218;13;"Vereador";17404;49;2;0;51;12288;0;5116;"N";12288;10381;10381;9478;903;903;0;0;0;0;0;0;0;299;1608;1608;0;0;"14:49:41";"24/03/2017"
"19/01/2026";"14:01:37";2016;2;"Eleição Ordinária";1;220;"Eleições Municipais 2016";"02/10/2016";"M";"SP";"65218";"IPERÓ";"65218";"IPERÓ";369;13;"Vereador";18809;52;1;0;53;15046;0;3763;"N";15046;13685;13685;12811;874;874;0;0;0;0;0;0;0;598;763;763;0;0;"14:16:28";"07/12/2016"
"19/01/2026";"14:01:37";2016;2;"Eleição Ordinária";1;220;"Eleições Municipais 2016";"02/10/2016";"M";"SP";"71072";"SÃO PAULO";"71072";"SÃO PAULO";404;13;"Vereador";172095;479;1;0;480;141050;0;31045;"N";141050;105452;105452;89596;15856;15856;0;0;0;0;0;0;0;16400;19198;19198;0;0;"14:11:09";"26/06/2018"
"19/01/2026";"14:01:37";2016;2;"Eleição Ordinária";1;220;"Eleições Municipais 2016";"02/10/2016";"M";"SP";"71072";"SÃO PAULO";"71072";"SÃO PAULO";246;13;"Vereador";119008;336;0;0;336;89470;0;29538;"N";89470;74962;74962;61362;13600;13600;0;0;0;0;0;0;0;5859;8649;8649;0;0;"14:11:09";"26/06/2018"
"19/01/2026";"14:01:37";2016;2;"Eleição Ordinária";1;220;"Eleições Municipais 2016";"02/10/2016";"M";"SP";"61140";"ESPÍRITO SANTO DO TURVO";"61140";"ESPÍRITO SANTO DO TURVO";114;13;"Vereador";3561;10;0;0;10;2991;0;570;"N";2991;2902;2902;2786;116;116;0;0;0;0;0;0;0;38;51;51;0;0;"14:06:40";"25/11/2016"
"19/01/2026";"14:01:37";2016;2;"Eleição Ordinária";1;220;"Eleições Municipais 2016";"02/10/2016";"M";"SP";"61360";"BARRA DO CHAPÉU";"61360";"BARRA DO CHAPÉU";10;13;"Vereador";4830;15;1;0;16;4037;0;793;"N";4037;3856;3856;3490;366;366;0;0;0;0;0;0;0;83;98;98;0;0;"15:02:45";"03/11/2016"
"19/01/2026";"14:01:37";2016;2;"Eleição Ordinária";1;220;"Eleições Municipais 2016";"02/10/2016";"M";"SP";"61930";"BALBINOS";"61930";"BALBINOS";95;13;"Vereador";1571;5;0;0;5;1316;0;255;"N";1316;1259;1259;1210;49;49;0;0;0;0;0;0;0;18;39;39;0;0;"18:20:48";"02/10/2016"
"19/01/2026";"14:01:37";2016;2;"Eleição Ordinária";1;220;"Eleições Municipais 2016";"02/10/2016";"M";"SP";"64475";"GUAIMBÊ";"64475";"GUAIMBÊ";160;13;"Vereador";4780;13;0;0;13;4034;0;746;"N";4034;3786;3786;3567;219;219;0;0;0;0;0;0;0;72;176;176;0;0;"18:18:34";"02/10/2016"
"19/01/2026";"14:01:37";2016;2;"Eleição Ordinária";1;220;"Eleições Municipais 2016";"02/10/2016";"M";"SP";"69159";"PORTO FERREIRA";"69159";"PORTO FERREIRA";194;13;"Vereador";40927;112;1;0;113;32687;0;8240;"N";32687;29737;29737;28008;1729;1729;0;0;0;0;0;0;0;1565;1385;1385;0;0;"14:31:21";"05/12/2016"
"19/01/2026";"14:01:37";2016;2;"Eleição Ordinária";1;220;"Eleições Municipais 2016";"02/10/2016";"M";"SP";"71935";"TIMBURI";"71935";"TIMBURI";94;13;"Vereador";2542;8;0;0;8;2157;0;385;"N";2157;2093;2093;1964;129;129;0;0;0;0;0;0;0;31;33;33;0;0;"18:42:28";"02/10/2016"
"19/01/2026";"14:01:37";2016;2;"Eleição Ordinária";1;220;"Eleições Municipais 2016";"02/10/2016";"M";"SP";"71072";"SÃO PAULO";"71072";"SÃO PAULO";249;13;"Vereador";119577;363;0;0;363;90257;0;29320;"N";90257;72702;72702;58284;14418;14418;0;0;0;0;0;0;0;6537;11018;11018;0;0;"14:11:09";"26/06/2018"
"19/01/2026";"14:01:37";2016;2;"Eleição Ordinária";1;220;"Eleições Municipais 2016";"02/10/2016";"M";"SP";"63118";"CARAGUATATUBA";"63118";"CARAGUATATUBA";206;13;"Vereador";84725;234;4;0;238;66353;0;18372;"N";66353;60668;60668;57428;3240;3240;0;0;0;0;0;0;0;2605;3080;3080;0;0;"18:50:36";"02/10/2016"
"19/01/2026";"14:01:37";2016;2;"Eleição Ordinária";1;220;"Eleições Municipais 2016";"02/10/2016";"M";"SP";"64211";"FLÓRIDA PAULISTA";"64211";"FLÓRIDA PAULISTA";157;13;"Vereador";8451;23;2;0;25;7121;0;1330;"N";7121;6692;6692;6284;408;408;0;0;0;0;0;0;0;183;246;246;0;0;"18:40:43";"02/10/2016"
"19/01/2026";"14:01:37";2016;2;"Eleição Ordinária";1;220;"Eleições Municipais 2016";"02/10/2016";"M";"SP";"70033";"SALMOURÃO";"70033";"SALMOURÃO";163;13;"Vereador";4066;11;0;0;11;3456;0;610;"N";3456;3346;3346;3146;200;200;0;0;0;0;0;0;0;45;65;65;0;0;"18:24:10";"02/10/2016"
"19/01/2026";"14:01:37";2016;2;"Eleição Ordinária";1;220;"Eleições Municipais 2016";"02/10/2016";"M";"SP";"61662";"ESTIVA GERBI";"61662";"ESTIVA GERBI";216;13;"Vereador";8573;23;0;0;23;7477;0;1096;"N";7477;7003;7003;6617;386;386;0;0;0;0;0;0;0;178;296;296;0;0;"19:11:48";"02/10/2016"
"19/01/2026";"14:01:37";2016;2;"Eleição Ordinária";1;220;"Eleições Municipais 2016";"02/10/2016";"M";"SP";"64750";"GUARUJÁ";"64750";"GUARUJÁ";310;13;"Vereador";105028;304;9;0;313;86747;0;18281;"N";86747;75708;75708;72070;3638;3638;0;0;0;0;0;0;0;4213;6826;6826;0;0;"14:26:39";"11/11/2016"
"19/01/2026";"14:01:37";2016;2;"Eleição Ordinária";1;220;"Eleições Municipais 2016";"02/10/2016";"M";"SP";"72176";"URÂNIA";"72176";"URÂNIA";152;13;"Vereador";6646;25;1;0;26;5640;0;1006;"N";5640;5326;5326;5055;271;271;0;0;0;0;0;0;0;186;128;128;0;0;"17:28:55";"15/12/2016"
"19/01/2026";"14:01:37";2016;2;"Eleição Ordinária";1;220;"Eleições Municipais 2016";"02/10/2016";"M";"SP";"69736";"RIFAINA";"69736";"RIFAINA";155;13;"Vereador";4727;13;0;0;13;4016;0;711;"N";4016;3913;3913;3723;190;190;0;0;0;0;0;0;0;32;71;71;0;0;"19:14:20";"02/10/2016"
"19/01/2026";"14:01:37";2016;2;"Eleição Ordinária";1;220;"Eleições Municipais 2016";"02/10/2016";"M";"SP";"61247";"PEDRINHAS PAULISTA";"61247";"PEDRINHAS PAULISTA";363;13;"Vereador";2966;8;0;0;8;2657;0;309;"N";2657;2615;2615;2491;124;124;0;0;0;0;0;0;0;11;31;31;0;0;"14:21:52";"16/12/2016"
"19/01/2026";"14:01:37";2016;1;"Eleição Extraordinária";1;275;"Eleição Suplementar de Mombuca";"03/09/2017";"M";"SP";"67199";"MOMBUCA";"67199";"MOMBUCA";38;11;"Prefeito";3261;11;0;0;11;2749;0;512;"N";2749;2623;2623;2623;0;0;0;0;0;0;0;0;0;38;88;88;0;0;"18:00:11";"03/09/2017"
"19/01/2026";"14:01:37";2016;2;"Eleição Ordinária";1;220;"Eleições Municipais 2016";"02/10/2016";"M";"SP";"65579";"ITAPORANGA";"65579";"ITAPORANGA";56;11;"Prefeito";11560;34;0;0;34;9273;0;2287;"N";9273;8640;8640;8640;0;0;0;0;0;0;0;0;0;221;412;412;0;0;"17:54:46";"02/10/2016"
"19/01/2026";"14:01:37";2016;2;"Eleição Ordinária";1;220;"Eleições Municipais 2016";"02/10/2016";"M";"SP";"71072";"SÃO PAULO";"71072";"SÃO PAULO";260;11;"Prefeito";181472;498;1;0;499;139635;0;41837;"N";139635;118955;118955;118955;0;0;0;0;0;0;0;0;0;6012;14668;14668;0;0;"14:11:09";"26/06/2018"
"19/01/2026";"14:01:37";2016;2;"Eleição Ordinária";1;220;"Eleições Municipais 2016";"02/10/2016";"M";"SP";"64696";"GUARATINGUETÁ";"64696";"GUARATINGUETÁ";316;11;"Prefeito";54916;153;3;0;156;43518;0;11398;"N";43518;39953;39953;39953;0;0;0;0;0;0;0;0;0;1554;2011;2011;0;0;"18:50:36";"02/10/2016"
"19/01/2026";"14:01:37";2016;2;"Eleição Ordinária";1;220;"Eleições Municipais 2016";"02/10/2016";"M";"SP";"72397";"VIRADOURO";"72397";"VIRADOURO";203;11;"Prefeito";14089;42;0;0;42;10876;0;3213;"N";10876;4206;4206;4206;0;0;0;0;0;0;0;0;0;1504;5166;5166;0;0;"17:58:55";"02/10/2016"
"19/01/2026";"14:01:37";2016;2;"Eleição Ordinária";1;220;"Eleições Municipais 2016";"02/10/2016";"M";"SP";"66516";"LUCIANÓPOLIS";"66516";"LUCIANÓPOLIS";159;11;"Prefeito";2085;7;0;0;7;1779;0;306;"N";1779;1292;1292;1292;0;0;0;0;0;0;0;0;0;145;342;342;0;0;"17:31:24";"02/10/2016"
"19/01/2026";"14:01:37";2016;2;"Eleição Ordinária";1;220;"Eleições Municipais 2016";"02/10/2016";"M";"SP";"65056";"IGARATÁ";"65056";"IGARATÁ";115;11;"Prefeito";8370;27;0;0;27;7047;0;1323;"N";7047;6648;6648;6648;0;0;0;0;0;0;0;0;0;101;298;298;0;0;"19:01:41";"02/10/2016"
"19/01/2026";"14:01:37";2016;2;"Eleição Ordinária";1;220;"Eleições Municipais 2016";"02/10/2016";"M";"SP";"62693";"CABREÚVA";"62693";"CABREÚVA";59;11;"Prefeito";33251;94;1;0;95;27105;0;6146;"N";27105;24471;24471;24471;0;0;0;0;0;0;0;0;0;916;1718;1718;0;0;"21:06:34";"02/10/2016"
"19/01/2026";"14:01:37";2016;2;"Eleição Ordinária";1;220;"Eleições Municipais 2016";"02/10/2016";"M";"SP";"62553";"BRAÚNA";"62553";"BRAÚNA";289;11;"Prefeito";4255;13;0;0;13;3721;0;534;"N";3721;3574;3574;3574;0;0;0;0;0;0;0;0;0;38;109;109;0;0;"18:52:17";"02/10/2016"
"19/01/2026";"14:01:37";2016;2;"Eleição Ordinária";1;220;"Eleições Municipais 2016";"02/10/2016";"M";"SP";"66559";"LUIZIÂNIA";"66559";"LUIZIÂNIA";289;11;"Prefeito";4126;13;0;0;13;3449;0;677;"N";3449;3327;3327;3327;0;0;0;0;0;0;0;0;0;46;76;76;0;0;"19:04:16";"02/10/2016"
"19/01/2026";"14:01:37";2016;2;"Eleição Ordinária";1;220;"Eleições Municipais 2016";"02/10/2016";"M";"SP";"61409";"NOVAIS";"61409";"NOVAIS";179;11;"Prefeito";3713;11;0;0;11;3267;0;446;"N";3267;3091;3091;3091;0;0;0;0;0;0;0;0;0;37;139;139;0;0;"19:03:06";"02/10/2016"
"19/01/2026";"14:01:37";2016;2;"Eleição Ordinária";1;220;"Eleições Municipais 2016";"02/10/2016";"M";"SP";"63630";"CRAVINHOS";"63630";"CRAVINHOS";193;11;"Prefeito";25563;67;2;0;69;20592;0;4971;"N";20592;18436;18436;18436;0;0;0;0;0;0;0;0;0;574;1582;1582;0;0;"17:54:30";"02/10/2016"
"19/01/2026";"14:01:37";2016;2;"Eleição Ordinária";1;220;"Eleições Municipais 2016";"02/10/2016";"M";"SP";"70750";"SÃO BERNARDO DO CAMPO";"70750";"SÃO BERNARDO DO CAMPO";284;11;"Prefeito";83206;231;1;0;232;64379;0;18827;"N";64379;48788;48788;48788;0;0;0;0;0;0;0;0;0;3860;11731;11731;0;0;"14:02:48";"14/12/2016"
"19/01/2026";"14:01:37";2016;2;"Eleição Ordinária";1;220;"Eleições Municipais 2016";"02/10/2016";"M";"SP";"61743";"HOLAMBRA";"61743";"HOLAMBRA";75;11;"Prefeito";10405;27;0;0;27;8891;0;1514;"N";8891;6439;6439;6439;0;0;0;0;0;0;0;0;0;267;2185;2185;0;0;"15:40:10";"13/12/2016"
"19/01/2026";"14:01:37";2016;2;"Eleição Ordinária";1;220;"Eleições Municipais 2016";"02/10/2016";"M";"SP";"63096";"CAPIVARI";"63096";"CAPIVARI";38;11;"Prefeito";36467;99;0;0;99;29367;0;7100;"N";29367;26235;26235;26235;0;0;0;0;0;0;0;0;0;942;2190;2190;0;0;"18:32:54";"02/10/2016"
"19/01/2026";"14:01:37";2016;2;"Eleição Ordinária";1;220;"Eleições Municipais 2016";"02/10/2016";"M";"SP";"61220";"ALUMÍNIO";"61220";"ALUMÍNIO";131;11;"Prefeito";14739;43;1;0;44;12384;0;2355;"N";12384;11693;11693;11693;0;0;0;0;0;0;0;0;0;191;500;500;0;0;"20:09:40";"02/10/2016"
"19/01/2026";"14:01:37";2016;2;"Eleição Ordinária";1;220;"Eleições Municipais 2016";"02/10/2016";"M";"SP";"69191";"PRADÓPOLIS";"69191";"PRADÓPOLIS";197;11;"Prefeito";13561;36;4;0;40;11306;0;2255;"N";11306;10296;10296;10296;0;0;0;0;0;0;0;0;0;286;724;724;0;0;"18:32:57";"02/10/2016"
"19/01/2026";"14:01:37";2016;2;"Eleição Ordinária";1;220;"Eleições Municipais 2016";"02/10/2016";"M";"SP";"69337";"PROMISSÃO";"69337";"PROMISSÃO";103;11;"Prefeito";28068;78;0;0;78;21400;0;6668;"N";21400;19622;19622;19622;0;0;0;0;0;0;0;0;0;646;1132;1132;0;0;"18:19:32";"02/10/2016"
"19/01/2026";"14:01:37";2016;2;"Eleição Ordinária";1;220;"Eleições Municipais 2016";"02/10/2016";"M";"SP";"61018";"ADAMANTINA";"61018";"ADAMANTINA";157;11;"Prefeito";27748;77;1;0;78;20953;0;6795;"N";20953;18695;18695;18695;0;0;0;0;0;0;0;0;0;1034;1224;1224;0;0;"18:18:54";"02/10/2016"
"19/01/2026";"14:01:37";2016;2;"Eleição Ordinária";1;220;"Eleições Municipais 2016";"02/10/2016";"M";"SP";"61379";"AMPARO";"61379";"AMPARO";8;11;"Prefeito";53272;149;1;0;150;41477;0;11795;"N";41477;34192;34192;34192;0;0;0;0;0;0;0;0;0;2438;4847;4847;0;0;"19:01:50";"02/10/2016"
"19/01/2026";"14:01:37";2016;2;"Eleição Ordinária";1;220;"Eleições Municipais 2016";"02/10/2016";"M";"SP";"64378";"GASTÃO VIDIGAL";"64378";"GASTÃO VIDIGAL";162;11;"Prefeito";3375;10;0;0;10;2842;0;533;"N";2842;2709;2709;2709;0;0;0;0;0;0;0;0;0;56;77;77;0;0;"18:30:35";"02/10/2016"
"19/01/2026";"14:01:37";2016;2;"Eleição Ordinária";1;220;"Eleições Municipais 2016";"02/10/2016";"M";"SP";"67253";"MONTE ALEGRE DO SUL";"67253";"MONTE ALEGRE DO SUL";8;11;"Prefeito";6052;17;0;0;17;5137;0;915;"N";5137;4714;4714;4714;0;0;0;0;0;0;0;0;0;113;310;310;0;0;"18:52:55";"02/10/2016"
"19/01/2026";"14:01:37";2016;2;"Eleição Ordinária";1;220;"Eleições Municipais 2016";"02/10/2016";"M";"SP";"62499";"BOTUCATU";"62499";"BOTUCATU";26;11;"Prefeito";98130;280;9;0;289;76690;0;21440;"N";76690;67088;67088;67088;0;0;0;0;0;0;0;0;0;3245;6357;6357;0;0;"18:50:31";"02/10/2016"
"19/01/2026";"14:01:37";2016;2;"Eleição Ordinária";1;220;"Eleições Municipais 2016";"02/10/2016";"M";"SP";"64114";"FERNANDÓPOLIS";"64114";"FERNANDÓPOLIS";150;11;"Prefeito";51319;140;2;0;142;39048;0;12271;"N";39048;34435;34435;34435;0;0;0;0;0;0;0;0;0;1775;2838;2838;0;0;"13:40:37";"08/11/2016"
"19/01/2026";"14:01:37";2016;2;"Eleição Ordinária";1;220;"Eleições Municipais 2016";"02/10/2016";"M";"SP";"70572";"SANTO ANDRÉ";"70572";"SANTO ANDRÉ";321;11;"Prefeito";53322;151;1;0;152;41255;0;12067;"N";41255;31201;31201;31201;0;0;0;0;0;0;0;0;0;2799;7255;7255;0;0;"13:10:52";"29/10/2016"
"19/01/2026";"14:01:37";2016;2;"Eleição Ordinária";1;220;"Eleições Municipais 2016";"02/10/2016";"M";"SP";"61441";"SALTINHO";"61441";"SALTINHO";270;11;"Prefeito";6247;18;1;0;19;5475;0;772;"N";5475;5111;5111;5111;0;0;0;0;0;0;0;0;0;154;210;210;0;0;"19:01:56";"02/10/2016"
"19/01/2026";"14:01:37";2016;2;"Eleição Ordinária";1;220;"Eleições Municipais 2016";"02/10/2016";"M";"SP";"71072";"SÃO PAULO";"71072";"SÃO PAULO";280;13;"Vereador";171500;467;0;0;467;136837;0;34663;"N";136837;106912;106912;91597;15315;15315;0;0;0;0;0;0;0;11511;18414;18414;0;0;"14:11:09";"26/06/2018"
"19/01/2026";"14:01:37";2016;2;"Eleição Ordinária";1;220;"Eleições Municipais 2016";"02/10/2016";"M";"SP";"68519";"PEREIRAS";"68519";"PEREIRAS";41;13;"Vereador";7069;19;0;0;19;5591;0;1478;"N";5591;5210;5210;4880;330;330;0;0;0;0;0;0;0;169;212;212;0;0;"18:39:39";"02/10/2016"
"19/01/2026";"14:01:37";2016;2;"Eleição Ordinária";1;220;"Eleições Municipais 2016";"02/10/2016";"M";"SP";"61859";"AVAÍ";"61859";"AVAÍ";300;13;"Vereador";4383;16;1;0;17;3798;0;585;"N";3798;3540;3540;3371;169;169;0;0;0;0;0;0;0;72;186;186;0;0;"18:27:27";"02/10/2016"
"19/01/2026";"14:01:37";2016;2;"Eleição Ordinária";1;220;"Eleições Municipais 2016";"02/10/2016";"M";"SP";"63754";"DESCALVADO";"63754";"DESCALVADO";44;13;"Vereador";25221;69;2;0;71;19761;0;5460;"N";19761;16969;16969;15841;1128;1128;0;0;0;0;0;0;0;1253;1539;1539;0;0;"18:14:59";"02/10/2016"
"19/01/2026";"14:01:37";2016;2;"Eleição Ordinária";1;220;"Eleições Municipais 2016";"02/10/2016";"M";"SP";"67334";"MONTE CASTELO";"67334";"MONTE CASTELO";175;13;"Vereador";3427;11;0;0;11;2995;0;432;"N";2995;2861;2861;2711;150;150;0;0;0;0;0;0;0;37;97;97;0;0;"17:47:33";"02/10/2016"
"19/01/2026";"14:01:37";2016;2;"Eleição Ordinária";1;220;"Eleições Municipais 2016";"02/10/2016";"M";"SP";"72010";"TUPÃ";"72010";"TUPÃ";143;13;"Vereador";50960;143;7;0;150;38277;0;12683;"N";38277;34581;34581;32459;2122;2122;0;0;0;0;0;0;0;1582;2114;2114;0;0;"16:29:42";"25/11/2016"
"19/01/2026";"14:01:37";2016;2;"Eleição Ordinária";1;220;"Eleições Municipais 2016";"02/10/2016";"M";"SP";"61875";"AVANHANDAVA";"61875";"AVANHANDAVA";289;13;"Vereador";7819;23;0;0;23;6518;0;1301;"N";6518;6102;6102;5817;285;285;0;0;0;0;0;0;0;122;294;294;0;0;"15:49:22";"28/11/2016"
"19/01/2026";"14:01:37";2016;2;"Eleição Ordinária";1;220;"Eleições Municipais 2016";"02/10/2016";"M";"SP";"61611";"ARANDU";"61611";"ARANDU";301;13;"Vereador";5795;16;0;0;16;4962;0;833;"N";4962;4716;4716;4406;310;310;0;0;0;0;0;0;0;115;131;131;0;0;"18:39:39";"02/10/2016"
"19/01/2026";"14:01:37";2016;2;"Eleição Ordinária";1;220;"Eleições Municipais 2016";"02/10/2016";"M";"SP";"64270";"FRANCISCO MORATO";"64270";"FRANCISCO MORATO";367;13;"Vereador";117889;310;0;0;310;94619;0;23270;"N";94619;80418;80418;73600;6818;6818;0;0;0;0;0;0;0;6334;7867;7867;0;0;"16:09:35";"10/11/2016"
"19/01/2026";"14:01:37";2016;2;"Eleição Ordinária";1;220;"Eleições Municipais 2016";"02/10/2016";"M";"SP";"63339";"CESÁRIO LANGE";"63339";"CESÁRIO LANGE";140;13;"Vereador";12028;33;0;0;33;9699;0;2329;"N";9699;8738;8738;8023;715;715;0;0;0;0;0;0;0;506;455;455;0;0;"15:16:27";"05/12/2016"
"19/01/2026";"14:01:37";2016;2;"Eleição Ordinária";1;220;"Eleições Municipais 2016";"02/10/2016";"M";"SP";"69035";"PONGAÍ";"69035";"PONGAÍ";95;13;"Vereador";3307;9;0;0;9;2988;0;319;"N";2988;2934;2934;2796;138;138;0;0;0;0;0;0;0;13;41;41;0;0;"18:28:59";"02/10/2016"
"19/01/2026";"14:01:37";2016;2;"Eleição Ordinária";1;220;"Eleições Municipais 2016";"02/10/2016";"M";"SP";"67474";"NATIVIDADE DA SERRA";"67474";"NATIVIDADE DA SERRA";84;13;"Vereador";6895;20;1;0;21;5531;0;1364;"N";5531;5334;5334;5019;315;315;0;0;0;0;0;0;0;70;127;127;0;0;"20:02:26";"02/10/2016"
"19/01/2026";"14:01:37";2016;2;"Eleição Ordinária";1;220;"Eleições Municipais 2016";"02/10/2016";"M";"SP";"70572";"SANTO ANDRÉ";"70572";"SANTO ANDRÉ";383;13;"Vereador";102780;294;3;0;297;82716;0;20064;"N";82716;63208;63208;56927;6281;6281;0;0;0;0;0;0;0;5625;13883;13883;0;0;"15:33:26";"05/06/2017"
"19/01/2026";"14:01:37";2016;2;"Eleição Ordinária";1;220;"Eleições Municipais 2016";"02/10/2016";"M";"SP";"62154";"BASTOS";"62154";"BASTOS";184;13;"Vereador";17361;48;0;0;48;13887;0;3474;"N";13887;12998;12998;12179;819;819;0;0;0;0;0;0;0;498;391;391;0;0;"18:48:04";"02/10/2016"
"19/01/2026";"14:01:37";2016;2;"Eleição Ordinária";1;220;"Eleições Municipais 2016";"02/10/2016";"M";"SP";"63215";"CASTILHO";"63215";"CASTILHO";9;13;"Vereador";14542;42;0;0;42;12242;0;2300;"N";12242;11710;11710;11041;669;669;0;0;0;0;0;0;0;247;285;285;0;0;"10:36:09";"11/12/2018"
"19/01/2026";"14:01:37";2016;2;"Eleição Ordinária";1;220;"Eleições Municipais 2016";"02/10/2016";"M";"SP";"64971";"ICÉM";"64971";"ICÉM";78;13;"Vereador";6747;20;1;0;21;5528;0;1219;"N";5528;5343;5343;5082;261;261;0;0;0;0;0;0;0;65;120;120;0;0;"18:42:25";"02/10/2016"
"19/01/2026";"14:01:37";2016;2;"Eleição Ordinária";1;220;"Eleições Municipais 2016";"02/10/2016";"M";"SP";"71536";"TABAPUÃ";"71536";"TABAPUÃ";179;13;"Vereador";9306;25;0;0;25;7909;0;1397;"N";7909;7492;7492;6094;1398;1398;0;0;0;0;0;0;0;191;226;226;0;0;"17:12:50";"22/06/2017"
"19/01/2026";"14:01:37";2016;2;"Eleição Ordinária";1;220;"Eleições Municipais 2016";"02/10/2016";"M";"SP";"68012";"PALESTINA";"68012";"PALESTINA";231;13;"Vereador";8866;29;0;0;29;7508;0;1358;"N";7508;7231;7231;6866;365;365;0;0;0;0;0;0;0;165;112;112;0;0;"18:07:48";"02/10/2016"
"19/01/2026";"14:01:37";2016;2;"Eleição Ordinária";1;220;"Eleições Municipais 2016";"02/10/2016";"M";"SP";"62871";"CAJOBI";"62871";"CAJOBI";80;13;"Vereador";8268;22;0;0;22;7043;0;1225;"N";7043;6771;6771;6279;492;492;0;0;0;0;0;0;0;119;153;153;0;0;"19:23:45";"02/10/2016"
"19/01/2026";"14:01:37";2016;2;"Eleição Ordinária";1;220;"Eleições Municipais 2016";"02/10/2016";"M";"SP";"68756";"PIRACICABA";"68756";"PIRACICABA";93;13;"Vereador";142180;394;11;0;405;111897;0;30283;"N";111897;94049;94049;86831;7218;7218;0;0;0;0;0;0;0;8224;9624;9624;0;0;"15:15:11";"25/11/2016"
"19/01/2026";"14:01:37";2016;2;"Eleição Ordinária";1;220;"Eleições Municipais 2016";"02/10/2016";"M";"SP";"68470";"PENÁPOLIS";"68470";"PENÁPOLIS";87;13;"Vereador";46193;128;1;0;129;34599;0;11594;"N";34599;30903;30903;28691;2212;2212;0;0;0;0;0;0;0;1754;1942;1942;0;0;"16:51:33";"21/11/2016"
"19/01/2026";"14:01:37";2016;2;"Eleição Ordinária";1;220;"Eleições Municipais 2016";"02/10/2016";"M";"SP";"67873";"ORLÂNDIA";"67873";"ORLÂNDIA";81;13;"Vereador";30897;87;1;0;88;24813;0;6084;"N";24813;22483;22483;20985;1498;1498;0;0;0;0;0;0;0;942;1388;1388;0;0;"18:27:32";"02/10/2016"
"19/01/2026";"14:01:37";2016;2;"Eleição Ordinária";1;220;"Eleições Municipais 2016";"02/10/2016";"M";"SP";"70050";"SALTO";"70050";"SALTO";221;13;"Vereador";86030;234;3;0;237;69304;0;16726;"N";69304;60273;60273;56417;3856;3856;0;0;0;0;0;0;0;3919;5112;5112;0;0;"21:00:49";"02/10/2016"
"19/01/2026";"14:01:37";2016;2;"Eleição Ordinária";1;220;"Eleições Municipais 2016";"02/10/2016";"M";"SP";"61921";"ZACARIAS";"61921";"ZACARIAS";214;13;"Vereador";2576;8;0;0;8;2305;0;271;"N";2305;2214;2214;2125;89;89;0;0;0;0;0;0;0;18;73;73;0;0;"18:32:07";"02/10/2016"
"19/01/2026";"14:01:37";2016;2;"Eleição Ordinária";1;220;"Eleições Municipais 2016";"02/10/2016";"M";"SP";"65994";"JAMBEIRO";"65994";"JAMBEIRO";29;13;"Vereador";4719;13;1;0;14;4101;0;618;"N";4101;3949;3949;3753;196;196;0;0;0;0;0;0;0;71;81;81;0;0;"19:01:10";"02/10/2016"
"19/01/2026";"14:01:37";2016;2;"Eleição Ordinária";2;221;"Eleições Municipais 2016";"30/10/2016";"M";"SP";"70750";"SÃO BERNARDO DO CAMPO";"70750";"SÃO BERNARDO DO CAMPO";414;11;"Prefeito";81983;239;5;0;244;61308;0;20675;"N";61308;47602;47602;47602;0;0;0;0;0;0;0;0;0;3177;10529;10529;0;0;"20:19:45";"30/10/2016"
"19/01/2026";"14:01:37";2016;2;"Eleição Ordinária";1;220;"Eleições Municipais 2016";"02/10/2016";"M";"SP";"63690";"CRUZEIRO";"63690";"CRUZEIRO";42;11;"Prefeito";59535;166;1;0;167;46745;0;12790;"N";46745;39189;39189;39189;0;0;0;0;0;0;0;0;0;2111;5445;5445;0;0;"21:06:44";"02/10/2016"
"19/01/2026";"14:01:37";2016;2;"Eleição Ordinária";1;220;"Eleições Municipais 2016";"02/10/2016";"M";"SP";"64394";"GENERAL SALGADO";"64394";"GENERAL SALGADO";168;11;"Prefeito";8999;26;0;0;26;7625;0;1374;"N";7625;7357;4483;4483;0;0;0;2874;0;0;0;0;0;80;188;188;0;0;"14:07:12";"08/08/2019"
"19/01/2026";"14:01:37";2016;2;"Eleição Ordinária";1;220;"Eleições Municipais 2016";"02/10/2016";"M";"SP";"64572";"GUARAÇAÍ";"64572";"GUARAÇAÍ";153;11;"Prefeito";6966;21;0;0;21;5519;0;1447;"N";5519;5092;5092;5092;0;0;0;0;0;0;0;0;0;132;295;295;0;0;"18:32:19";"02/10/2016"
"19/01/2026";"14:01:37";2016;2;"Eleição Ordinária";1;220;"Eleições Municipais 2016";"02/10/2016";"M";"SP";"65633";"ITAQUAQUECETUBA";"65633";"ITAQUAQUECETUBA";377;11;"Prefeito";108584;292;1;0;293;87674;0;20910;"N";87674;78161;78161;78161;0;0;0;0;0;0;0;0;0;3773;5740;5740;0;0;"21:06:34";"02/10/2016"
"19/01/2026";"14:01:37";2016;2;"Eleição Ordinária";1;220;"Eleições Municipais 2016";"02/10/2016";"M";"SP";"61034";"ADOLFO";"61034";"ADOLFO";64;11;"Prefeito";4318;13;0;0;13;3691;0;627;"N";3691;3571;3571;3571;0;0;0;0;0;0;0;0;0;38;82;82;0;0;"18:06:34";"02/10/2016"
"19/01/2026";"14:01:37";2016;2;"Eleição Ordinária";1;220;"Eleições Municipais 2016";"02/10/2016";"M";"SP";"71579";"TABOÃO DA SERRA";"71579";"TABOÃO DA SERRA";324;11;"Prefeito";90054;236;0;0;236;71350;0;18704;"N";71350;54594;54594;54594;0;0;0;0;0;0;0;0;0;4728;12028;12028;0;0;"16:19:32";"25/10/2016"
"19/01/2026";"14:01:37";2016;2;"Eleição Ordinária";1;220;"Eleições Municipais 2016";"02/10/2016";"M";"SP";"69051";"PONTAL";"69051";"PONTAL";135;11;"Prefeito";27828;79;0;0;79;22408;0;5420;"N";22408;19604;19604;19604;0;0;0;0;0;0;0;0;0;867;1937;1937;0;0;"12:54:26";"31/10/2016"
"19/01/2026";"14:01:37";2016;2;"Eleição Ordinária";1;220;"Eleições Municipais 2016";"02/10/2016";"M";"SP";"70572";"SANTO ANDRÉ";"70572";"SANTO ANDRÉ";156;11;"Prefeito";22355;66;1;0;67;16368;0;5987;"N";16368;13687;13687;13687;0;0;0;0;0;0;0;0;0;592;2089;2089;0;0;"13:10:52";"29/10/2016"
"19/01/2026";"14:01:37";2016;2;"Eleição Ordinária";1;220;"Eleições Municipais 2016";"02/10/2016";"M";"SP";"67490";"NAZARÉ PAULISTA";"67490";"NAZARÉ PAULISTA";16;11;"Prefeito";13953;43;2;0;45;11007;0;2946;"N";11007;9941;9941;9941;0;0;0;0;0;0;0;0;0;316;750;750;0;0;"19:30:37";"02/10/2016"
"19/01/2026";"14:01:37";2016;2;"Eleição Ordinária";1;220;"Eleições Municipais 2016";"02/10/2016";"M";"SP";"61212";"ALTO ALEGRE";"61212";"ALTO ALEGRE";289;11;"Prefeito";3852;11;1;0;12;3128;0;724;"N";3128;2010;2010;2010;0;0;0;0;0;0;0;0;0;249;869;869;0;0;"19:01:41";"02/10/2016"
"19/01/2026";"14:01:37";2016;2;"Eleição Ordinária";1;220;"Eleições Municipais 2016";"02/10/2016";"M";"SP";"71072";"SÃO PAULO";"71072";"SÃO PAULO";397;11;"Prefeito";149309;400;0;0;400;122173;0;27136;"N";122173;96399;96399;96399;0;0;0;0;0;0;0;0;0;8821;16953;16953;0;0;"14:11:09";"26/06/2018"
"19/01/2026";"14:01:37";2016;2;"Eleição Ordinária";1;220;"Eleições Municipais 2016";"02/10/2016";"M";"SP";"66850";"MARTINÓPOLIS";"66850";"MARTINÓPOLIS";71;11;"Prefeito";19180;57;0;0;57;15041;0;4139;"N";15041;13675;13675;13675;0;0;0;0;0;0;0;0;0;277;1089;1089;0;0;"18:05:52";"02/10/2016"
"19/01/2026";"14:01:37";2016;2;"Eleição Ordinária";1;220;"Eleições Municipais 2016";"02/10/2016";"M";"SP";"69779";"RINÓPOLIS";"69779";"RINÓPOLIS";184;11;"Prefeito";7758;22;0;0;22;6213;0;1545;"N";6213;5899;5899;5899;0;0;0;0;0;0;0;0;0;107;207;207;0;0;"18:54:33";"02/10/2016"
"19/01/2026";"14:01:37";2016;2;"Eleição Ordinária";1;220;"Eleições Municipais 2016";"02/10/2016";"M";"SP";"69914";"RUBINÉIA";"69914";"RUBINÉIA";187;11;"Prefeito";3017;10;0;0;10;2582;0;435;"N";2582;2378;2378;2378;0;0;0;0;0;0;0;0;0;65;139;139;0;0;"18:32:39";"02/10/2016"
"19/01/2026";"14:01:37";2016;2;"Eleição Ordinária";1;220;"Eleições Municipais 2016";"02/10/2016";"M";"SP";"67610";"NOVA GRANADA";"67610";"NOVA GRANADA";78;11;"Prefeito";15608;46;0;0;46;11947;0;3661;"N";11947;9059;9059;9059;0;0;0;0;0;0;0;0;0;657;2231;2231;0;0;"18:41:49";"02/10/2016"
"19/01/2026";"14:01:37";2016;2;"Eleição Ordinária";1;220;"Eleições Municipais 2016";"02/10/2016";"M";"SP";"71595";"TACIBA";"71595";"TACIBA";167;11;"Prefeito";5144;17;0;0;17;4481;0;663;"N";4481;4315;4315;4315;0;0;0;0;0;0;0;0;0;44;122;122;0;0;"18:15:49";"02/10/2016"
"19/01/2026";"14:01:37";2016;2;"Eleição Ordinária";1;220;"Eleições Municipais 2016";"02/10/2016";"M";"SP";"70270";"SANTA CRUZ DAS PALMEIRAS";"70270";"SANTA CRUZ DAS PALMEIRAS";113;11;"Prefeito";23233;65;0;0;65;18112;0;5121;"N";18112;16503;9940;9940;0;0;0;6563;0;0;0;0;0;611;998;998;0;0;"16:21:42";"23/04/2018"
"19/01/2026";"14:01:37";2016;2;"Eleição Ordinária";1;220;"Eleições Municipais 2016";"02/10/2016";"M";"SP";"69795";"RIO CLARO";"69795";"RIO CLARO";110;11;"Prefeito";77976;206;2;0;208;60934;0;17042;"N";60934;50378;50378;50378;0;0;0;0;0;0;0;0;0;2863;7693;7693;0;0;"19:47:47";"02/10/2016"
"19/01/2026";"14:01:37";2016;2;"Eleição Ordinária";1;220;"Eleições Municipais 2016";"02/10/2016";"M";"SP";"69418";"QUINTANA";"69418";"QUINTANA";99;11;"Prefeito";5251;14;1;0;15;4449;0;802;"N";4449;2894;2894;2894;0;0;0;0;0;0;0;0;0;70;1485;1485;0;0;"16:14:35";"01/12/2016"
"19/01/2026";"14:01:37";2016;2;"Eleição Ordinária";1;220;"Eleições Municipais 2016";"02/10/2016";"M";"SP";"72737";"VARGEM GRANDE PAULISTA";"72737";"VARGEM GRANDE PAULISTA";286;11;"Prefeito";36121;108;2;0;110;29965;0;6156;"N";29965;25841;25841;25841;0;0;0;0;0;0;0;0;0;1603;2521;2521;0;0;"20:36:25";"02/10/2016"
"19/01/2026";"14:01:37";2016;2;"Eleição Ordinária";1;220;"Eleições Municipais 2016";"02/10/2016";"M";"SP";"65153";"INDIAPORÃ";"65153";"INDIAPORÃ";302;11;"Prefeito";3377;10;0;0;10;2938;0;439;"N";2938;2808;2808;2808;0;0;0;0;0;0;0;0;0;23;107;107;0;0;"18:30:25";"02/10/2016"
"19/01/2026";"14:01:37";2016;2;"Eleição Ordinária";1;220;"Eleições Municipais 2016";"02/10/2016";"M";"SP";"62910";"CAMPINAS";"62910";"CAMPINAS";274;11;"Prefeito";91864;252;0;0;252;71690;0;20174;"N";71690;57217;57217;57217;0;0;0;0;0;0;0;0;0;3466;11007;11007;0;0;"13:34:25";"30/11/2016"
"19/01/2026";"14:01:37";2016;2;"Eleição Ordinária";1;220;"Eleições Municipais 2016";"02/10/2016";"M";"SP";"66095";"JERIQUARA";"66095";"JERIQUARA";155;11;"Prefeito";3490;10;0;0;10;2976;0;514;"N";2976;1558;1558;1558;0;0;0;0;0;0;0;0;0;40;1378;1378;0;0;"12:41:55";"05/12/2016"
"19/01/2026";"14:01:37";2016;2;"Eleição Ordinária";1;220;"Eleições Municipais 2016";"02/10/2016";"M";"SP";"70637";"SANTO ANTÔNIO DO JARDIM";"70637";"SANTO ANTÔNIO DO JARDIM";91;11;"Prefeito";5520;17;1;0;18;4623;0;897;"N";4623;4260;4260;4260;0;0;0;0;0;0;0;0;0;125;238;238;0;0;"18:52:17";"02/10/2016"
"19/01/2026";"14:01:37";2016;2;"Eleição Ordinária";1;220;"Eleições Municipais 2016";"02/10/2016";"M";"SP";"68454";"PEDRO DE TOLEDO";"68454";"PEDRO DE TOLEDO";295;11;"Prefeito";8528;26;0;0;26;6393;0;2135;"N";6393;6048;6048;6048;0;0;0;0;0;0;0;0;0;106;239;239;0;0;"19:10:38";"02/10/2016"
"19/01/2026";"14:01:37";2016;2;"Eleição Ordinária";1;220;"Eleições Municipais 2016";"02/10/2016";"M";"SP";"64610";"GUARANI D OESTE";"64610";"GUARANI D OESTE";302;11;"Prefeito";1753;5;0;0;5;1574;0;179;"N";1574;1528;1528;1528;0;0;0;0;0;0;0;0;0;8;38;38;0;0;"18:08:44";"02/10/2016"
"19/01/2026";"14:01:37";2016;2;"Eleição Ordinária";1;220;"Eleições Municipais 2016";"02/10/2016";"M";"SP";"61590";"ARAMINA";"61590";"ARAMINA";50;13;"Vereador";4707;12;2;0;14;4129;0;578;"N";4129;4022;4022;3861;161;161;0;0;0;0;0;0;0;54;53;53;0;0;"17:46:15";"02/10/2016"
"19/01/2026";"14:01:37";2016;2;"Eleição Ordinária";1;220;"Eleições Municipais 2016";"02/10/2016";"M";"SP";"71072";"SÃO PAULO";"71072";"SÃO PAULO";255;13;"Vereador";191027;531;0;0;531;148759;0;42268;"N";148759;116585;116585;97299;19286;19286;0;0;0;0;0;0;0;12981;19193;19193;0;0;"14:11:09";"26/06/2018"
"19/01/2026";"14:01:37";2016;2;"Eleição Ordinária";1;220;"Eleições Municipais 2016";"02/10/2016";"M";"SP";"67555";"NIPOÃ";"67555";"NIPOÃ";77;13;"Vereador";4059;12;0;0;12;3514;0;545;"N";3514;3399;3399;3227;172;172;0;0;0;0;0;0;0;52;63;63;0;0;"18:30:06";"02/10/2016"
"19/01/2026";"14:01:37";2016;2;"Eleição Ordinária";1;220;"Eleições Municipais 2016";"02/10/2016";"M";"SP";"64912";"IBIRAREMA";"64912";"IBIRAREMA";83;13;"Vereador";4980;14;0;0;14;4142;0;838;"N";4142;3893;3893;3623;270;270;0;0;0;0;0;0;0;115;134;134;0;0;"18:44:15";"02/10/2016"
"19/01/2026";"14:01:37";2016;2;"Eleição Ordinária";1;220;"Eleições Municipais 2016";"02/10/2016";"M";"SP";"68950";"PLATINA";"68950";"PLATINA";83;13;"Vereador";2958;8;0;0;8;2617;0;341;"N";2617;2531;2531;2440;91;91;0;0;0;0;0;0;0;15;71;71;0;0;"18:52:28";"02/10/2016"
"19/01/2026";"14:01:37";2016;2;"Eleição Ordinária";1;220;"Eleições Municipais 2016";"02/10/2016";"M";"SP";"72257";"VALINHOS";"72257";"VALINHOS";34;13;"Vereador";86494;235;1;0;236;68643;0;17851;"N";68643;58560;58560;54874;3686;3686;0;0;0;0;0;0;0;3852;6231;6231;0;0;"20:36:35";"02/10/2016"
"19/01/2026";"14:01:37";2016;2;"Eleição Ordinária";1;220;"Eleições Municipais 2016";"02/10/2016";"M";"SP";"63258";"CATIGUÁ";"63258";"CATIGUÁ";179;13;"Vereador";6012;16;0;0;16;5200;0;812;"N";5200;4791;4791;4497;294;294;0;0;0;0;0;0;0;136;273;273;0;0;"18:29:51";"02/10/2016"
"19/01/2026";"14:01:37";2016;2;"Eleição Ordinária";1;220;"Eleições Municipais 2016";"02/10/2016";"M";"SP";"67350";"MONTEIRO LOBATO";"67350";"MONTEIRO LOBATO";282;13;"Vereador";3713;12;0;0;12;3122;0;591;"N";3122;2886;2886;2661;225;225;0;0;0;0;0;0;0;55;181;181;0;0;"14:34:25";"12/12/2016"
"19/01/2026";"14:01:37";2016;2;"Eleição Ordinária";1;220;"Eleições Municipais 2016";"02/10/2016";"M";"SP";"64432";"GLICÉRIO";"64432";"GLICÉRIO";289;13;"Vereador";4282;13;0;0;13;3746;0;536;"N";3746;3604;3604;3447;157;157;0;0;0;0;0;0;0;51;91;91;0;0;"18:39:36";"02/10/2016"
"19/01/2026";"14:01:37";2016;2;"Eleição Ordinária";1;220;"Eleições Municipais 2016";"02/10/2016";"M";"SP";"70572";"SANTO ANDRÉ";"70572";"SANTO ANDRÉ";306;13;"Vereador";33335;90;0;0;90;24762;0;8573;"N";24762;19407;19407;16882;2525;2525;0;0;0;0;0;0;0;1493;3862;3862;0;0;"15:33:26";"05/06/2017"
"19/01/2026";"14:01:37";2016;2;"Eleição Ordinária";1;220;"Eleições Municipais 2016";"02/10/2016";"M";"SP";"65617";"ITAPURA";"65617";"ITAPURA";88;13;"Vereador";4050;11;1;0;12;3257;0;793;"N";3257;3136;3136;2964;172;172;0;0;0;0;0;0;0;56;65;65;0;0;"20:30:29";"02/10/2016"
"19/01/2026";"14:01:37";2016;2;"Eleição Ordinária";1;220;"Eleições Municipais 2016";"02/10/2016";"M";"SP";"61115";"ÁGUAS DE SÃO PEDRO";"61115";"ÁGUAS DE SÃO PEDRO";130;13;"Vereador";3707;11;0;0;11;3113;0;594;"N";3113;2974;2974;2836;138;138;0;0;0;0;0;0;0;48;91;91;0;0;"16:05:39";"26/09/2017"
"19/01/2026";"14:01:37";2016;2;"Eleição Ordinária";1;220;"Eleições Municipais 2016";"02/10/2016";"M";"SP";"71994";"TRÊS FRONTEIRAS";"71994";"TRÊS FRONTEIRAS";187;13;"Vereador";5088;16;0;0;16;4276;0;812;"N";4276;4097;4097;3886;211;211;0;0;0;0;0;0;0;90;89;89;0;0;"18:20:07";"02/10/2016"
"19/01/2026";"14:01:37";2016;2;"Eleição Ordinária";1;220;"Eleições Municipais 2016";"02/10/2016";"M";"SP";"63495";"CORDEIRÓPOLIS";"63495";"CORDEIRÓPOLIS";243;13;"Vereador";17934;56;2;0;58;14816;0;3118;"N";14816;13467;13467;12624;843;843;0;0;0;0;0;0;0;562;787;787;0;0;"13:06:26";"14/12/2016"
"19/01/2026";"14:01:37";2016;2;"Eleição Ordinária";1;220;"Eleições Municipais 2016";"02/10/2016";"M";"SP";"70556";"SANTO ANASTÁCIO";"70556";"SANTO ANASTÁCIO";117;13;"Vereador";17169;47;0;0;47;13005;0;4164;"N";13005;11715;11715;11010;705;705;0;0;0;0;0;0;0;480;810;810;0;0;"14:08:32";"07/11/2016"
"19/01/2026";"14:01:37";2016;2;"Eleição Ordinária";1;220;"Eleições Municipais 2016";"02/10/2016";"M";"SP";"65676";"ITARIRI";"65676";"ITARIRI";295;13;"Vereador";9958;29;0;0;29;7459;0;2499;"N";7459;7054;7054;6595;459;459;0;0;0;0;0;0;0;157;248;248;0;0;"18:50:59";"01/11/2016"
"19/01/2026";"14:01:37";2016;2;"Eleição Ordinária";1;220;"Eleições Municipais 2016";"02/10/2016";"M";"SP";"69973";"SALES";"69973";"SALES";207;13;"Vereador";5060;14;0;0;14;4398;0;662;"N";4398;4241;4241;3996;245;245;0;0;0;0;0;0;0;78;79;79;0;0;"18:29:42";"02/10/2016"
"19/01/2026";"14:01:37";2016;2;"Eleição Ordinária";1;220;"Eleições Municipais 2016";"02/10/2016";"M";"SP";"70831";"SÃO JOÃO DA BOA VISTA";"70831";"SÃO JOÃO DA BOA VISTA";122;13;"Vereador";67812;186;0;0;186;52644;0;15168;"N";52644;44626;44626;41917;2709;2709;0;0;0;0;0;0;0;3764;4254;4254;0;0;"14:06:55";"21/10/2016"
"19/01/2026";"14:01:37";2016;2;"Eleição Ordinária";1;220;"Eleições Municipais 2016";"02/10/2016";"M";"SP";"62839";"CAIUÁ";"62839";"CAIUÁ";102;13;"Vereador";4151;15;0;0;15;3415;0;736;"N";3415;3009;3009;2803;206;206;0;0;0;0;0;0;0;39;367;367;0;0;"18:44:08";"02/10/2016"
"19/01/2026";"14:01:37";2016;2;"Eleição Ordinária";1;220;"Eleições Municipais 2016";"02/10/2016";"M";"SP";"67415";"MORUNGABA";"67415";"MORUNGABA";58;13;"Vereador";9962;27;0;0;27;8494;0;1468;"N";8494;7774;7774;7258;516;516;0;0;0;0;0;0;0;334;386;386;0;0;"19:04:00";"02/10/2016"
"19/01/2026";"14:01:37";2016;2;"Eleição Ordinária";1;220;"Eleições Municipais 2016";"02/10/2016";"M";"SP";"65030";"IGARAPAVA";"65030";"IGARAPAVA";50;13;"Vereador";22031;59;1;0;60;17064;0;4967;"N";17064;16326;16326;15362;964;964;0;0;0;0;0;0;0;336;402;402;0;0;"14:38:36";"18/11/2016"
"19/01/2026";"14:01:37";2016;2;"Eleição Ordinária";1;220;"Eleições Municipais 2016";"02/10/2016";"M";"SP";"70793";"SÃO CARLOS";"70793";"SÃO CARLOS";121;13;"Vereador";98727;279;3;0;282;77135;0;21592;"N";77135;64836;64836;59991;4845;4845;0;0;0;0;0;0;0;5045;7254;7254;0;0;"19:16:31";"02/10/2016"
"19/01/2026";"14:01:37";2016;2;"Eleição Ordinária";1;220;"Eleições Municipais 2016";"02/10/2016";"M";"SP";"72397";"VIRADOURO";"72397";"VIRADOURO";203;13;"Vereador";14089;42;0;0;42;10876;0;3213;"N";10876;9814;9814;9334;480;480;0;0;0;0;0;0;0;441;621;621;0;0;"17:58:55";"02/10/2016"
"19/01/2026";"14:01:37";2016;2;"Eleição Ordinária";1;220;"Eleições Municipais 2016";"02/10/2016";"M";"SP";"67458";"NARANDIBA";"67458";"NARANDIBA";261;13;"Vereador";4360;13;0;0;13;3843;0;517;"N";3843;3738;3738;3497;241;241;0;0;0;0;0;0;0;39;66;66;0;0;"16:35:48";"14/12/2016"
"19/01/2026";"14:01:37";2016;2;"Eleição Ordinária";1;220;"Eleições Municipais 2016";"02/10/2016";"M";"SP";"61212";"ALTO ALEGRE";"61212";"ALTO ALEGRE";289;13;"Vereador";3852;11;1;0;12;3128;0;724;"N";3128;2919;2919;2777;142;142;0;0;0;0;0;0;0;66;143;143;0;0;"15:05:07";"28/10/2016"
"19/01/2026";"14:01:37";2016;2;"Eleição Ordinária";1;220;"Eleições Municipais 2016";"02/10/2016";"M";"SP";"63312";"CERQUILHO";"63312";"CERQUILHO";355;13;"Vereador";31556;98;1;0;99;25665;0;5891;"N";25665;21595;21595;19782;1813;1813;0;0;0;0;0;0;0;1572;2498;2498;0;0;"16:51:29";"14/12/2016"
"19/01/2026";"14:01:37";2016;2;"Eleição Ordinária";1;220;"Eleições Municipais 2016";"02/10/2016";"M";"SP";"63576";"COSMÓPOLIS";"63576";"COSMÓPOLIS";360;13;"Vereador";45697;124;0;0;124;35572;0;10125;"N";35572;30043;30043;27848;2195;2195;0;0;0;0;0;0;0;1921;3608;3608;0;0;"17:26:25";"29/11/2016"
"19/01/2026";"14:01:37";2016;2;"Eleição Ordinária";1;220;"Eleições Municipais 2016";"02/10/2016";"M";"SP";"71072";"SÃO PAULO";"71072";"SÃO PAULO";350;13;"Vereador";135962;370;0;0;370;107375;0;28587;"N";107375;80228;80228;65955;14273;14273;0;0;0;0;0;0;0;10865;16282;16282;0;0;"14:11:09";"26/06/2018"
"19/01/2026";"14:01:37";2016;2;"Eleição Ordinária";1;220;"Eleições Municipais 2016";"02/10/2016";"M";"SP";"67172";"MOGI MIRIM";"67172";"MOGI MIRIM";75;13;"Vereador";67510;179;1;0;180;52488;0;15022;"N";52488;44683;44683;41792;2891;2891;0;0;0;0;0;0;0;3524;4281;4281;0;0;"15:42:42";"13/12/2016"
"19/01/2026";"14:01:37";2016;2;"Eleição Ordinária";1;220;"Eleições Municipais 2016";"02/10/2016";"M";"SP";"62910";"CAMPINAS";"62910";"CAMPINAS";275;13;"Vereador";135922;362;4;0;366;104053;0;31869;"N";104053;85217;85217;77699;7518;7518;0;0;0;0;0;0;0;7852;10984;10984;0;0;"14:28:28";"30/11/2016"
"19/01/2026";"14:01:37";2016;2;"Eleição Ordinária";1;220;"Eleições Municipais 2016";"02/10/2016";"M";"SP";"64050";"ESTRELA D OESTE";"64050";"ESTRELA D OESTE";233;13;"Vereador";7100;20;0;0;20;5994;0;1106;"N";5994;5690;5690;5403;287;287;0;0;0;0;0;0;0;138;166;166;0;0;"17:47:42";"02/10/2016"
"19/01/2026";"14:01:37";2016;2;"Eleição Ordinária";1;220;"Eleições Municipais 2016";"02/10/2016";"M";"SP";"71218";"SÃO VICENTE";"71218";"SÃO VICENTE";177;13;"Vereador";99040;277;0;0;277;75350;0;23690;"N";75350;64676;64676;60459;4217;4217;0;0;0;0;0;0;0;4319;6355;6355;0;0;"20:48:34";"02/10/2016"
"19/01/2026";"14:01:37";2016;2;"Eleição Ordinária";1;220;"Eleições Municipais 2016";"02/10/2016";"M";"SP";"71072";"SÃO PAULO";"71072";"SÃO PAULO";251;13;"Vereador";117041;315;0;0;315;86713;0;30328;"N";86713;76201;76201;63925;12276;12276;0;0;0;0;0;0;0;4439;6073;6073;0;0;"14:11:09";"26/06/2018"
"19/01/2026";"14:01:37";2016;2;"Eleição Ordinária";1;220;"Eleições Municipais 2016";"02/10/2016";"M";"SP";"67814";"ONDA VERDE";"67814";"ONDA VERDE";78;13;"Vereador";3934;11;0;0;11;3465;0;469;"N";3465;3231;3231;3082;149;149;0;0;0;0;0;0;0;54;180;180;0;0;"16:06:28";"11/05/2017"
"19/01/2026";"14:01:37";2016;2;"Eleição Ordinária";1;220;"Eleições Municipais 2016";"02/10/2016";"M";"SP";"61379";"AMPARO";"61379";"AMPARO";8;13;"Vereador";53272;149;1;0;150;41477;0;11795;"N";41477;34935;34935;31815;3120;3120;0;0;0;0;0;0;0;2693;3849;3849;0;0;"19:01:50";"02/10/2016"
"19/01/2026";"14:01:37";2016;2;"Eleição Ordinária";1;220;"Eleições Municipais 2016";"02/10/2016";"M";"SP";"66290";"LARANJAL PAULISTA";"66290";"LARANJAL PAULISTA";209;13;"Vereador";20874;59;0;0;59;16627;0;4247;"N";16627;15375;15375;14436;939;939;0;0;0;0;0;0;0;647;605;605;0;0;"18:32:26";"02/10/2016"
"19/01/2026";"14:01:37";2016;2;"Eleição Ordinária";1;220;"Eleições Municipais 2016";"02/10/2016";"M";"SP";"71730";"TAPIRATIBA";"71730";"TAPIRATIBA";30;13;"Vereador";10435;28;1;0;29;8337;0;2098;"N";8337;7567;7567;6987;580;580;0;0;0;0;0;0;0;323;447;447;0;0;"17:44:45";"01/11/2016"
"19/01/2026";"14:01:37";2016;2;"Eleição Ordinária";1;220;"Eleições Municipais 2016";"02/10/2016";"M";"SP";"72273";"VALPARAÍSO";"72273";"VALPARAÍSO";146;13;"Vereador";16137;42;0;0;42;13052;0;3085;"N";13052;12609;12609;11985;624;624;0;0;0;0;0;0;0;216;227;227;0;0;"18:12:32";"02/10/2016"
"19/01/2026";"14:01:37";2016;2;"Eleição Ordinária";1;220;"Eleições Municipais 2016";"02/10/2016";"M";"SP";"62910";"CAMPINAS";"62910";"CAMPINAS";380;13;"Vereador";119996;334;9;0;343;93076;0;26920;"N";93076;75384;75384;69173;6211;6211;0;0;0;0;0;0;0;6572;11120;11120;0;0;"14:28:28";"30/11/2016"
"19/01/2026";"14:01:37";2016;2;"Eleição Ordinária";1;220;"Eleições Municipais 2016";"02/10/2016";"M";"SP";"65854";"JABORANDI";"65854";"JABORANDI";178;13;"Vereador";5142;14;0;0;14;4380;0;762;"N";4380;4181;4181;3971;210;210;0;0;0;0;0;0;0;101;98;98;0;0;"17:55:16";"02/10/2016"
"19/01/2026";"14:01:37";2016;2;"Eleição Ordinária";2;221;"Eleições Municipais 2016";"30/10/2016";"M";"SP";"64777";"GUARULHOS";"64777";"GUARULHOS";279;11;"Prefeito";130120;360;2;0;362;101430;0;28690;"N";101430;84796;84796;84796;0;0;0;0;0;0;0;0;0;4869;11765;11765;0;0;"20:25:46";"30/10/2016"
"19/01/2026";"14:01:37";2016;2;"Eleição Ordinária";2;221;"Eleições Municipais 2016";"30/10/2016";"M";"SP";"69698";"RIBEIRÃO PRETO";"69698";"RIBEIRÃO PRETO";322;11;"Prefeito";100649;270;1;0;271;74547;0;26102;"N";74547;60469;60469;60469;0;0;0;0;0;0;0;0;0;2701;11377;11377;0;0;"19:35:40";"30/10/2016"
"19/01/2026";"14:01:37";2016;2;"Eleição Ordinária";2;221;"Eleições Municipais 2016";"30/10/2016";"M";"SP";"70750";"SÃO BERNARDO DO CAMPO";"70750";"SÃO BERNARDO DO CAMPO";174;11;"Prefeito";137650;420;3;0;423;105048;0;32602;"N";105048;81830;81830;81830;0;0;0;0;0;0;0;0;0;5547;17671;17671;0;0;"20:19:45";"30/10/2016"
"19/01/2026";"14:01:37";2016;2;"Eleição Ordinária";1;220;"Eleições Municipais 2016";"02/10/2016";"M";"SP";"71072";"SÃO PAULO";"71072";"SÃO PAULO";280;11;"Prefeito";171500;467;0;0;467;136837;0;34663;"N";136837;113979;113979;113979;0;0;0;0;0;0;0;0;0;7195;15663;15663;0;0;"14:11:09";"26/06/2018"
"19/01/2026";"14:01:37";2016;2;"Eleição Ordinária";1;220;"Eleições Municipais 2016";"02/10/2016";"M";"SP";"69310";"PRESIDENTE VENCESLAU";"69310";"PRESIDENTE VENCESLAU";102;11;"Prefeito";29525;88;0;0;88;22281;0;7244;"N";22281;19903;19903;19903;0;0;0;0;0;0;0;0;0;859;1519;1519;0;0;"18:29:45";"02/10/2016"
"19/01/2026";"14:01:37";2016;2;"Eleição Ordinária";1;220;"Eleições Municipais 2016";"02/10/2016";"M";"SP";"64254";"FRANCA";"64254";"FRANCA";291;11;"Prefeito";116479;335;6;0;341;92432;0;24047;"N";92432;77316;77316;77316;0;0;0;0;0;0;0;0;0;5187;9929;9929;0;0;"18:57:15";"28/10/2016"
"19/01/2026";"14:01:37";2016;2;"Eleição Ordinária";1;220;"Eleições Municipais 2016";"02/10/2016";"M";"SP";"64513";"GUAPIAÇU";"64513";"GUAPIAÇU";126;11;"Prefeito";14139;38;0;0;38;11653;0;2486;"N";11653;10548;10548;10548;0;0;0;0;0;0;0;0;0;358;747;747;0;0;"18:15:57";"02/10/2016"
"19/01/2026";"14:01:37";2016;2;"Eleição Ordinária";1;220;"Eleições Municipais 2016";"02/10/2016";"M";"SP";"69175";"POTIRENDABA";"69175";"POTIRENDABA";126;11;"Prefeito";12665;32;1;0;33;10469;0;2196;"N";10469;9322;9322;9322;0;0;0;0;0;0;0;0;0;372;775;775;0;0;"18:51:56";"02/10/2016"
"19/01/2026";"14:01:37";2016;2;"Eleição Ordinária";1;220;"Eleições Municipais 2016";"02/10/2016";"M";"SP";"62650";"BURITIZAL";"62650";"BURITIZAL";50;11;"Prefeito";3644;10;0;0;10;3320;0;324;"N";3320;3236;3236;3236;0;0;0;0;0;0;0;0;0;20;64;64;0;0;"17:54:32";"02/10/2016"
"19/01/2026";"14:01:37";2016;2;"Eleição Ordinária";1;220;"Eleições Municipais 2016";"02/10/2016";"M";"SP";"67911";"OSCAR BRESSANE";"67911";"OSCAR BRESSANE";12;11;"Prefeito";2916;8;0;0;8;2539;0;377;"N";2539;2439;2439;2439;0;0;0;0;0;0;0;0;0;15;85;85;0;0;"17:49:32";"02/10/2016"
"19/01/2026";"14:01:37";2016;2;"Eleição Ordinária";1;220;"Eleições Municipais 2016";"02/10/2016";"M";"SP";"71072";"SÃO PAULO";"71072";"SÃO PAULO";257;11;"Prefeito";179673;506;0;0;506;139385;0;40288;"N";139385;117358;117358;117358;0;0;0;0;0;0;0;0;0;5832;16195;16195;0;0;"14:11:09";"26/06/2018"
"19/01/2026";"14:01:37";2016;2;"Eleição Ordinária";1;220;"Eleições Municipais 2016";"02/10/2016";"M";"SP";"68730";"PIRACAIA";"68730";"PIRACAIA";92;11;"Prefeito";21820;59;0;0;59;16841;0;4979;"N";16841;14669;14669;14669;0;0;0;0;0;0;0;0;0;686;1486;1486;0;0;"18:32:29";"02/10/2016"
"19/01/2026";"14:01:37";2016;2;"Eleição Ordinária";1;220;"Eleições Municipais 2016";"02/10/2016";"M";"SP";"66052";"JARINU";"66052";"JARINU";16;11;"Prefeito";20467;61;2;0;63;16636;0;3831;"N";16636;15017;15017;15017;0;0;0;0;0;0;0;0;0;559;1060;1060;0;0;"19:21:44";"02/10/2016"
"19/01/2026";"14:01:37";2016;2;"Eleição Ordinária";1;220;"Eleições Municipais 2016";"02/10/2016";"M";"SP";"71072";"SÃO PAULO";"71072";"SÃO PAULO";422;11;"Prefeito";135795;373;1;0;374;107494;0;28301;"N";107494;88997;88997;88997;0;0;0;0;0;0;0;0;0;5708;12789;12789;0;0;"14:11:09";"26/06/2018"
"19/01/2026";"14:01:37";2016;2;"Eleição Ordinária";1;220;"Eleições Municipais 2016";"02/10/2016";"M";"SP";"62677";"CABRÁLIA PAULISTA";"62677";"CABRÁLIA PAULISTA";97;11;"Prefeito";4209;11;0;0;11;3538;0;671;"N";3538;3332;3332;3332;0;0;0;0;0;0;0;0;0;49;157;157;0;0;"18:19:22";"02/10/2016"
"19/01/2026";"14:01:37";2016;2;"Eleição Ordinária";1;220;"Eleições Municipais 2016";"02/10/2016";"M";"SP";"66257";"JUQUITIBA";"66257";"JUQUITIBA";201;11;"Prefeito";23094;69;2;0;71;18540;0;4554;"N";18540;17285;17285;17285;0;0;0;0;0;0;0;0;0;383;872;872;0;0;"19:03:59";"02/10/2016"
"19/01/2026";"14:01:37";2016;2;"Eleição Ordinária";1;220;"Eleições Municipais 2016";"02/10/2016";"M";"SP";"71072";"SÃO PAULO";"71072";"SÃO PAULO";348;11;"Prefeito";104505;285;0;0;285;82679;0;21826;"N";82679;69150;69150;69150;0;0;0;0;0;0;0;0;0;3631;9898;9898;0;0;"14:11:09";"26/06/2018"
"19/01/2026";"14:01:37";2016;2;"Eleição Ordinária";1;220;"Eleições Municipais 2016";"02/10/2016";"M";"SP";"71935";"TIMBURI";"71935";"TIMBURI";94;11;"Prefeito";2542;8;0;0;8;2157;0;385;"N";2157;2024;2024;2024;0;0;0;0;0;0;0;0;0;47;86;86;0;0;"18:42:28";"02/10/2016"
"19/01/2026";"14:01:37";2016;2;"Eleição Ordinária";1;220;"Eleições Municipais 2016";"02/10/2016";"M";"SP";"62308";"GAVIÃO PEIXOTO";"62308";"GAVIÃO PEIXOTO";385;11;"Prefeito";3928;12;0;0;12;3438;0;490;"N";3438;3312;3312;3312;0;0;0;0;0;0;0;0;0;40;86;86;0;0;"18:42:28";"02/10/2016"
"19/01/2026";"14:01:37";2016;2;"Eleição Ordinária";1;220;"Eleições Municipais 2016";"02/10/2016";"M";"SP";"69450";"RANCHARIA";"69450";"RANCHARIA";106;11;"Prefeito";24673;72;2;0;74;19331;0;5342;"N";19331;17959;17959;17959;0;0;0;0;0;0;0;0;0;490;882;882;0;0;"18:27:33";"02/10/2016"
"19/01/2026";"14:01:37";2016;2;"Eleição Ordinária";1;220;"Eleições Municipais 2016";"02/10/2016";"M";"SP";"62596";"BROTAS";"62596";"BROTAS";28;11;"Prefeito";18234;50;4;0;54;13998;0;4236;"N";13998;12736;12736;12736;0;0;0;0;0;0;0;0;0;452;810;810;0;0;"18:32:08";"02/10/2016"
"19/01/2026";"14:01:37";2016;2;"Eleição Ordinária";1;220;"Eleições Municipais 2016";"02/10/2016";"M";"SP";"70610";"SANTO ANTÔNIO DE POSSE";"70610";"SANTO ANTÔNIO DE POSSE";333;11;"Prefeito";16977;46;2;0;48;14092;0;2885;"N";14092;13173;13173;13173;0;0;0;0;0;0;0;0;0;292;627;627;0;0;"14:41:57";"07/07/2017"
"19/01/2026";"14:01:37";2016;2;"Eleição Ordinária";1;220;"Eleições Municipais 2016";"02/10/2016";"M";"SP";"71951";"TORRINHA";"71951";"TORRINHA";28;11;"Prefeito";7404;19;0;0;19;5998;0;1406;"N";5998;5608;5608;5608;0;0;0;0;0;0;0;0;0;139;251;251;0;0;"18:19:09";"02/10/2016"
"19/01/2026";"14:01:37";2016;2;"Eleição Ordinária";1;220;"Eleições Municipais 2016";"02/10/2016";"M";"SP";"64971";"ICÉM";"64971";"ICÉM";78;11;"Prefeito";6747;20;1;0;21;5528;0;1219;"N";5528;5244;5244;5244;0;0;0;0;0;0;0;0;0;71;213;213;0;0;"18:42:25";"02/10/2016"
"19/01/2026";"14:01:37";2016;2;"Eleição Ordinária";1;220;"Eleições Municipais 2016";"02/10/2016";"M";"SP";"62790";"CAIABU";"62790";"CAIABU";167;11;"Prefeito";3699;12;1;0;13;3222;0;477;"N";3222;3041;3041;3041;0;0;0;0;0;0;0;0;0;65;116;116;0;0;"18:32:53";"02/10/2016"
"19/01/2026";"14:01:37";2016;2;"Eleição Ordinária";1;220;"Eleições Municipais 2016";"02/10/2016";"M";"SP";"62200";"SANTA SALETE";"62200";"SANTA SALETE";152;11;"Prefeito";1830;6;0;0;6;1690;0;140;"N";1690;1654;1654;1654;0;0;0;0;0;0;0;0;0;8;28;28;0;0;"18:39:29";"02/10/2016"
"19/01/2026";"14:01:37";2016;2;"Eleição Ordinária";1;220;"Eleições Municipais 2016";"02/10/2016";"M";"SP";"61620";"TUIUTI";"61620";"TUIUTI";298;11;"Prefeito";5530;15;0;0;15;4764;0;766;"N";4764;4510;4510;4510;0;0;0;0;0;0;0;0;0;71;183;183;0;0;"17:42:57";"02/10/2016"
"19/01/2026";"14:01:37";2016;2;"Eleição Ordinária";1;220;"Eleições Municipais 2016";"02/10/2016";"M";"SP";"70530";"SANTA ROSA DE VITERBO";"70530";"SANTA ROSA DE VITERBO";173;11;"Prefeito";19590;56;1;0;57;15433;0;4157;"N";15433;14161;14161;14161;0;0;0;0;0;0;0;0;0;367;905;905;0;0;"19:03:41";"02/10/2016"
"19/01/2026";"14:01:37";2016;2;"Eleição Ordinária";1;220;"Eleições Municipais 2016";"02/10/2016";"M";"SP";"68152";"PARAÍSO";"68152";"PARAÍSO";171;11;"Prefeito";5045;14;0;0;14;4335;0;710;"N";4335;4022;4022;4022;0;0;0;0;0;0;0;0;0;80;233;233;0;0;"17:58:04";"02/10/2016"
"19/01/2026";"14:01:37";2016;2;"Eleição Ordinária";1;220;"Eleições Municipais 2016";"02/10/2016";"M";"SP";"69892";"RUBIÁCEA";"69892";"RUBIÁCEA";151;11;"Prefeito";2533;9;0;0;9;2177;0;356;"N";2177;2086;2086;2086;0;0;0;0;0;0;0;0;0;30;61;61;0;0;"14:24:48";"01/11/2016"
"19/01/2026";"14:01:37";2016;2;"Eleição Ordinária";1;220;"Eleições Municipais 2016";"02/10/2016";"M";"SP";"63274";"CEDRAL";"63274";"CEDRAL";126;11;"Prefeito";6878;19;0;0;19;5889;0;989;"N";5889;5507;5507;5507;0;0;0;0;0;0;0;0;0;89;293;293;0;0;"18:31:25";"02/10/2016"
"19/01/2026";"14:01:37";2016;2;"Eleição Ordinária";1;220;"Eleições Municipais 2016";"02/10/2016";"M";"SP";"62570";"BRODOWSKI";"62570";"BRODOWSKI";22;13;"Vereador";16015;41;2;0;43;13247;0;2768;"N";13247;11220;11220;10513;707;707;0;0;0;0;0;0;0;445;1582;1582;0;0;"15:20:23";"14/12/2016"
"19/01/2026";"14:01:37";2016;2;"Eleição Ordinária";1;220;"Eleições Municipais 2016";"02/10/2016";"M";"SP";"70572";"SANTO ANDRÉ";"70572";"SANTO ANDRÉ";307;13;"Vereador";85488;239;0;0;239;67224;0;18264;"N";67224;51503;51503;46185;5318;5318;0;0;0;0;0;0;0;4307;11414;11414;0;0;"15:33:26";"05/06/2017"
"19/01/2026";"14:01:37";2016;2;"Eleição Ordinária";1;220;"Eleições Municipais 2016";"02/10/2016";"M";"SP";"69515";"REGINÓPOLIS";"69515";"REGINÓPOLIS";95;13;"Vereador";4639;13;0;0;13;3987;0;652;"N";3987;3765;3765;3571;194;194;0;0;0;0;0;0;0;57;165;165;0;0;"17:18:40";"01/11/2016"
"19/01/2026";"14:01:37";2016;2;"Eleição Ordinária";1;220;"Eleições Municipais 2016";"02/10/2016";"M";"SP";"65536";"ITAPIRA";"65536";"ITAPIRA";54;13;"Vereador";55837;149;0;0;149;44466;0;11371;"N";44466;37976;37976;35052;2924;2924;0;0;0;0;0;0;0;3222;3268;3268;0;0;"13:15:54";"28/10/2016"
"19/01/2026";"14:01:37";2016;2;"Eleição Ordinária";1;220;"Eleições Municipais 2016";"02/10/2016";"M";"SP";"66613";"MACATUBA";"66613";"MACATUBA";86;13;"Vereador";13574;41;0;0;41;11169;0;2405;"N";11169;10263;10263;9907;356;356;0;0;0;0;0;0;0;309;597;597;0;0;"18:39:36";"02/10/2016"
"19/01/2026";"14:01:37";2016;2;"Eleição Ordinária";1;220;"Eleições Municipais 2016";"02/10/2016";"M";"SP";"68071";"PALMITAL";"68071";"PALMITAL";83;13;"Vereador";17475;47;1;0;48;13943;0;3532;"N";13943;12798;12798;12127;671;671;0;0;0;0;0;0;0;366;779;779;0;0;"18:27:52";"02/10/2016"
"19/01/2026";"14:01:37";2016;2;"Eleição Ordinária";1;220;"Eleições Municipais 2016";"02/10/2016";"M";"SP";"61468";"UBARANA";"61468";"UBARANA";64;13;"Vereador";4572;12;1;0;13;3892;0;680;"N";3892;3765;3765;3592;173;173;0;0;0;0;0;0;0;58;69;69;0;0;"18:20:39";"02/10/2016"
"19/01/2026";"14:01:37";2016;2;"Eleição Ordinária";1;220;"Eleições Municipais 2016";"02/10/2016";"M";"SP";"64890";"IBIRÁ";"64890";"IBIRÁ";179;13;"Vereador";8757;24;3;0;27;7405;0;1352;"N";7405;6922;6922;6563;359;359;0;0;0;0;0;0;0;109;374;374;0;0;"12:40:36";"14/12/2016"
"19/01/2026";"14:01:37";2016;2;"Eleição Ordinária";1;220;"Eleições Municipais 2016";"02/10/2016";"M";"SP";"70750";"SÃO BERNARDO DO CAMPO";"70750";"SÃO BERNARDO DO CAMPO";409;13;"Vereador";129209;362;1;0;363;104821;0;24388;"N";104821;86820;86820;79665;7155;7155;0;0;0;0;0;0;0;6297;11704;11704;0;0;"14:02:48";"14/12/2016"
"19/01/2026";"14:01:37";2016;2;"Eleição Ordinária";1;220;"Eleições Municipais 2016";"02/10/2016";"M";"SP";"71072";"SÃO PAULO";"71072";"SÃO PAULO";392;13;"Vereador";124594;392;0;0;392;99837;0;24757;"N";99837;74102;74102;61207;12895;12895;0;0;0;0;0;0;0;10257;15478;15478;0;0;"14:11:09";"26/06/2018"
"19/01/2026";"14:01:37";2016;2;"Eleição Ordinária";1;220;"Eleições Municipais 2016";"02/10/2016";"M";"SP";"62413";"BOM JESUS DOS PERDÕES";"62413";"BOM JESUS DOS PERDÕES";16;13;"Vereador";15794;51;0;0;51;12916;0;2878;"N";12916;11836;11836;11041;795;795;0;0;0;0;0;0;0;507;573;573;0;0;"15:23:38";"31/10/2016"
"19/01/2026";"14:01:37";2016;2;"Eleição Ordinária";1;220;"Eleições Municipais 2016";"02/10/2016";"M";"SP";"71277";"SEBASTIANÓPOLIS DO SUL";"71277";"SEBASTIANÓPOLIS DO SUL";77;13;"Vereador";3070;9;0;0;9;2732;0;338;"N";2732;2645;2645;2509;136;136;0;0;0;0;0;0;0;33;54;54;0;0;"18:51:16";"02/10/2016"
"19/01/2026";"14:01:37";2016;2;"Eleição Ordinária";1;220;"Eleições Municipais 2016";"02/10/2016";"M";"SP";"71099";"SÃO PEDRO";"71099";"SÃO PEDRO";130;13;"Vereador";24390;70;1;0;71;20028;0;4362;"N";20028;17268;17268;16286;982;982;0;0;0;0;0;0;0;766;1994;1994;0;0;"15:14:34";"26/09/2017"
"19/01/2026";"14:01:37";2016;2;"Eleição Ordinária";1;220;"Eleições Municipais 2016";"02/10/2016";"M";"SP";"66818";"MARÍLIA";"66818";"MARÍLIA";400;13;"Vereador";89373;251;2;0;253;68947;0;20426;"N";68947;59579;59579;55579;4000;4000;0;0;0;0;0;0;0;4587;4781;4781;0;0;"13:40:26";"13/12/2016"
"19/01/2026";"14:01:37";2016;2;"Eleição Ordinária";1;220;"Eleições Municipais 2016";"02/10/2016";"M";"SP";"67377";"MONTE MOR";"67377";"MONTE MOR";358;13;"Vereador";39807;121;8;0;129;31636;0;8171;"N";31636;28405;28405;26154;2251;2251;0;0;0;0;0;0;0;1678;1553;1553;0;0;"18:43:28";"02/10/2016"
"19/01/2026";"14:01:37";2016;2;"Eleição Ordinária";1;220;"Eleições Municipais 2016";"02/10/2016";"M";"SP";"70670";"SANTO EXPEDITO";"70670";"SANTO EXPEDITO";182;13;"Vereador";2841;9;0;0;9;2504;0;337;"N";2504;2420;2420;2296;124;124;0;0;0;0;0;0;0;26;58;58;0;0;"19:03:03";"02/10/2016"
"19/01/2026";"14:01:37";2016;2;"Eleição Ordinária";1;220;"Eleições Municipais 2016";"02/10/2016";"M";"SP";"71072";"SÃO PAULO";"71072";"SÃO PAULO";5;13;"Vereador";125368;332;0;0;332;89903;0;35465;"N";89903;79407;79407;65702;13705;13705;0;0;0;0;0;0;0;4651;5845;5845;0;0;"14:11:09";"26/06/2018"
"19/01/2026";"14:01:37";2016;2;"Eleição Ordinária";1;220;"Eleições Municipais 2016";"02/10/2016";"M";"SP";"61166";"ROSANA";"61166";"ROSANA";330;13;"Vereador";16332;49;2;0;51;11787;0;4545;"N";11787;11209;11209;10526;683;683;0;0;0;0;0;0;0;242;336;336;0;0;"20:09:38";"02/10/2016"
"19/01/2026";"14:01:37";2016;2;"Eleição Ordinária";1;220;"Eleições Municipais 2016";"02/10/2016";"M";"SP";"63355";"CHARQUEADA";"63355";"CHARQUEADA";244;13;"Vereador";12856;37;3;0;40;10671;0;2185;"N";10671;10085;10085;9499;586;586;0;0;0;0;0;0;0;296;290;290;0;0;"17:06:48";"05/12/2016"
"19/01/2026";"14:01:37";2016;2;"Eleição Ordinária";1;220;"Eleições Municipais 2016";"02/10/2016";"M";"SP";"71439";"SOCORRO";"71439";"SOCORRO";136;13;"Vereador";29373;85;0;0;85;22838;0;6535;"N";22838;20925;20925;19371;1554;1554;0;0;0;0;0;0;0;855;1058;1058;0;0;"17:59:01";"02/10/2016"
"19/01/2026";"14:01:37";2016;2;"Eleição Ordinária";1;220;"Eleições Municipais 2016";"02/10/2016";"M";"SP";"61964";"MESÓPOLIS";"61964";"MESÓPOLIS";152;13;"Vereador";1839;6;0;0;6;1616;0;223;"N";1616;1565;1565;1490;75;75;0;0;0;0;0;0;0;7;44;44;0;0;"17:51:46";"28/10/2016"
"19/01/2026";"14:01:37";2016;2;"Eleição Ordinária";1;220;"Eleições Municipais 2016";"02/10/2016";"M";"SP";"61573";"ARAÇOIABA DA SERRA";"61573";"ARAÇOIABA DA SERRA";294;13;"Vereador";23251;64;1;0;65;19146;0;4105;"N";19146;17486;17486;16263;1223;1223;0;0;0;0;0;0;0;758;902;902;0;0;"15:11:40";"10/12/2016"
"19/01/2026";"14:01:37";2016;1;"Eleição Extraordinária";1;253;"Eleição Suplementar Mococa";"02/04/2017";"M";"SP";"67113";"MOCOCA";"67113";"MOCOCA";73;11;"Prefeito";53461;148;0;0;148;37552;0;15909;"N";37552;33745;33745;33745;0;0;0;0;0;0;0;0;0;1406;2401;2401;0;0;"18:05:08";"02/04/2017"
"19/01/2026";"14:01:37";2016;2;"Eleição Ordinária";1;220;"Eleições Municipais 2016";"02/10/2016";"M";"SP";"62375";"BOFETE";"62375";"BOFETE";41;11;"Prefeito";8492;23;1;0;24;6701;0;1791;"N";6701;6179;6179;6179;0;0;0;0;0;0;0;0;0;132;390;390;0;0;"19:21:30";"02/10/2016"
"19/01/2026";"14:01:37";2016;2;"Eleição Ordinária";1;220;"Eleições Municipais 2016";"02/10/2016";"M";"SP";"71072";"SÃO PAULO";"71072";"SÃO PAULO";258;11;"Prefeito";190771;544;0;0;544;141719;0;49052;"N";141719;130216;130216;130216;0;0;0;0;0;0;0;0;0;3205;8298;8298;0;0;"14:11:09";"26/06/2018"
"19/01/2026";"14:01:37";2016;2;"Eleição Ordinária";1;220;"Eleições Municipais 2016";"02/10/2016";"M";"SP";"70572";"SANTO ANDRÉ";"70572";"SANTO ANDRÉ";307;11;"Prefeito";85488;239;0;0;239;67224;0;18264;"N";67224;51135;51135;51135;0;0;0;0;0;0;0;0;0;4563;11526;11526;0;0;"13:10:52";"29/10/2016"
"19/01/2026";"14:01:37";2016;2;"Eleição Ordinária";1;220;"Eleições Municipais 2016";"02/10/2016";"M";"SP";"66273";"LAGOINHA";"66273";"LAGOINHA";128;11;"Prefeito";5579;15;1;0;16;4712;0;867;"N";4712;4487;2657;2657;0;0;0;1830;0;0;0;0;0;76;149;149;0;0;"14:28:08";"11/01/2019"
"19/01/2026";"14:01:37";2016;2;"Eleição Ordinária";1;220;"Eleições Municipais 2016";"02/10/2016";"M";"SP";"66630";"MACAUBAL";"66630";"MACAUBAL";77;11;"Prefeito";6125;17;0;0;17;5218;0;907;"N";5218;5040;5040;5040;0;0;0;0;0;0;0;0;0;64;114;114;0;0;"18:38:40";"02/10/2016"
"19/01/2026";"14:01:37";2016;2;"Eleição Ordinária";1;220;"Eleições Municipais 2016";"02/10/2016";"M";"SP";"70114";"SANDOVALINA";"70114";"SANDOVALINA";261;11;"Prefeito";3810;12;0;0;12;3314;0;496;"N";3314;3194;1683;1683;0;0;0;1511;0;0;0;0;0;25;95;95;0;0;"17:05:27";"06/09/2017"
"19/01/2026";"14:01:37";2016;2;"Eleição Ordinária";1;220;"Eleições Municipais 2016";"02/10/2016";"M";"SP";"72370";"VINHEDO";"72370";"VINHEDO";345;11;"Prefeito";55051;164;0;0;164;46130;0;8921;"N";46130;39506;39506;39506;0;0;0;0;0;0;0;0;0;2362;4262;4262;0;0;"20:23:46";"02/10/2016"
"19/01/2026";"14:01:37";2016;2;"Eleição Ordinária";1;220;"Eleições Municipais 2016";"02/10/2016";"M";"SP";"65471";"ITAPETININGA";"65471";"ITAPETININGA";52;13;"Vereador";107007;311;10;0;321;83693;0;23314;"N";83693;73652;73652;68754;4898;4898;0;0;0;0;0;0;0;4995;5046;5046;0;0;"19:32:35";"18/12/2020"
"19/01/2026";"14:01:37";2016;2;"Eleição Ordinária";1;220;"Eleições Municipais 2016";"02/10/2016";"M";"SP";"61913";"BADY BASSITT";"61913";"BADY BASSITT";126;13;"Vereador";12173;35;0;0;35;9892;0;2281;"N";9892;9164;9164;8581;583;583;0;0;0;0;0;0;0;311;417;417;0;0;"13:03:42";"26/10/2016"
"19/01/2026";"14:01:37";2016;2;"Eleição Ordinária";1;220;"Eleições Municipais 2016";"02/10/2016";"M";"SP";"66150";"JOSÉ BONIFÁCIO";"66150";"JOSÉ BONIFÁCIO";64;13;"Vereador";26022;70;5;0;75;21324;0;4698;"N";21324;20082;20082;18902;1180;1180;0;0;0;0;0;0;0;772;470;470;0;0;"18:18:49";"02/10/2016"
"19/01/2026";"14:01:37";2016;2;"Eleição Ordinária";1;220;"Eleições Municipais 2016";"02/10/2016";"M";"SP";"64696";"GUARATINGUETÁ";"64696";"GUARATINGUETÁ";316;13;"Vereador";54916;153;3;0;156;43518;0;11398;"N";43518;38560;38560;36150;2410;2410;0;0;0;0;0;0;0;2460;2498;2498;0;0;"13:29:28";"10/11/2016"
"19/01/2026";"14:01:37";2016;2;"Eleição Ordinária";1;220;"Eleições Municipais 2016";"02/10/2016";"M";"SP";"61980";"NOVA CAMPINA";"61980";"NOVA CAMPINA";53;13;"Vereador";7163;21;4;0;25;6071;0;1092;"N";6071;5933;5933;5597;336;336;0;0;0;0;0;0;0;69;69;69;0;0;"19:21:30";"02/10/2016"
"19/01/2026";"14:01:37";2016;2;"Eleição Ordinária";1;220;"Eleições Municipais 2016";"02/10/2016";"M";"SP";"61999";"BARBOSA";"61999";"BARBOSA";289;13;"Vereador";5582;17;0;0;17;4579;0;1003;"N";4579;4386;4386;4107;279;279;0;0;0;0;0;0;0;70;123;123;0;0;"18:53:29";"02/10/2016"
"19/01/2026";"14:01:37";2016;2;"Eleição Ordinária";1;220;"Eleições Municipais 2016";"02/10/2016";"M";"SP";"71072";"SÃO PAULO";"71072";"SÃO PAULO";375;13;"Vereador";241979;753;1;0;754;192735;0;49244;"N";192735;141152;141152;117464;23688;23688;0;0;0;0;0;0;0;21640;29943;29943;0;0;"14:11:09";"26/06/2018"
"19/01/2026";"14:01:37";2016;2;"Eleição Ordinária";1;220;"Eleições Municipais 2016";"02/10/2016";"M";"SP";"71072";"SÃO PAULO";"71072";"SÃO PAULO";372;13;"Vereador";253540;669;14;0;683;203817;0;49723;"N";203817;156538;156538;132556;23982;23982;0;0;0;0;0;0;0;22678;24601;24601;0;0;"14:11:09";"26/06/2018"
"19/01/2026";"14:01:37";2016;2;"Eleição Ordinária";1;220;"Eleições Municipais 2016";"02/10/2016";"M";"SP";"71072";"SÃO PAULO";"71072";"SÃO PAULO";420;13;"Vereador";123422;359;1;0;360;95892;0;27530;"N";95892;74216;74216;61762;12454;12454;0;0;0;0;0;0;0;8800;12876;12876;0;0;"14:11:09";"26/06/2018"
"19/01/2026";"14:01:37";2016;2;"Eleição Ordinária";1;220;"Eleições Municipais 2016";"02/10/2016";"M";"SP";"61727";"HORTOLÂNDIA";"61727";"HORTOLÂNDIA";361;13;"Vereador";144182;378;13;0;391;117904;0;26278;"N";117904;103177;103177;96967;6210;6210;0;0;0;0;0;0;0;6453;8274;8274;0;0;"16:42:16";"27/10/2016"
"19/01/2026";"14:01:37";2016;2;"Eleição Ordinária";1;220;"Eleições Municipais 2016";"02/10/2016";"M";"SP";"71072";"SÃO PAULO";"71072";"SÃO PAULO";250;13;"Vereador";166865;455;0;0;455;127765;0;39100;"N";127765;104060;104060;85858;18202;18202;0;0;0;0;0;0;0;9212;14493;14493;0;0;"14:11:09";"26/06/2018"
"19/01/2026";"14:01:37";2016;2;"Eleição Ordinária";1;220;"Eleições Municipais 2016";"02/10/2016";"M";"SP";"62910";"CAMPINAS";"62910";"CAMPINAS";33;13;"Vereador";69285;203;4;0;207;48796;0;20489;"N";48796;40738;40738;37072;3666;3666;0;0;0;0;0;0;0;3017;5041;5041;0;0;"14:28:28";"30/11/2016"
"19/01/2026";"14:01:37";2016;2;"Eleição Ordinária";1;220;"Eleições Municipais 2016";"02/10/2016";"M";"SP";"70750";"SÃO BERNARDO DO CAMPO";"70750";"SÃO BERNARDO DO CAMPO";283;13;"Vereador";75366;205;1;0;206;58863;0;16503;"N";58863;46753;46753;41990;4763;4763;0;0;0;0;0;0;0;3662;8448;8448;0;0;"14:02:48";"14/12/2016"
"19/01/2026";"14:01:37";2016;2;"Eleição Ordinária";1;220;"Eleições Municipais 2016";"02/10/2016";"M";"SP";"63452";"CONCHAL";"63452";"CONCHAL";75;13;"Vereador";20373;55;0;0;55;17053;0;3320;"N";17053;15715;15715;14554;1161;1161;0;0;0;0;0;0;0;689;649;649;0;0;"15:11:46";"18/04/2017"
"19/01/2026";"14:01:37";2016;2;"Eleição Ordinária";1;220;"Eleições Municipais 2016";"02/10/2016";"M";"SP";"68098";"PANORAMA";"68098";"PANORAMA";175;13;"Vereador";10734;33;0;0;33;8523;0;2211;"N";8523;7899;7899;7365;534;534;0;0;0;0;0;0;0;324;300;300;0;0;"19:03:53";"02/10/2016"
"19/01/2026";"14:01:37";2016;2;"Eleição Ordinária";1;220;"Eleições Municipais 2016";"02/10/2016";"M";"SP";"71013";"SÃO LUÍS DO PARAITINGA";"71013";"SÃO LUÍS DO PARAITINGA";128;13;"Vereador";10305;30;0;0;30;8726;0;1579;"N";8726;8379;8379;7735;644;644;0;0;0;0;0;0;0;196;151;151;0;0;"18:15:48";"02/10/2016"
"19/01/2026";"14:01:37";2016;2;"Eleição Ordinária";1;220;"Eleições Municipais 2016";"02/10/2016";"M";"SP";"62731";"CACHOEIRA PAULISTA";"62731";"CACHOEIRA PAULISTA";145;13;"Vereador";24970;70;4;0;74;19808;0;5162;"N";19808;18246;18246;17044;1202;1202;0;0;0;0;0;0;0;578;984;984;0;0;"14:25:22";"27/03/2017"
"19/01/2026";"14:01:37";2016;2;"Eleição Ordinária";1;220;"Eleições Municipais 2016";"02/10/2016";"M";"SP";"65811";"ITUPEVA";"65811";"ITUPEVA";65;13;"Vereador";38339;112;0;0;112;31928;0;6411;"N";31928;28335;28335;26305;2030;2030;0;0;0;0;0;0;0;1480;2113;2113;0;0;"20:48:34";"02/10/2016"
"19/01/2026";"14:01:37";2016;2;"Eleição Ordinária";1;220;"Eleições Municipais 2016";"02/10/2016";"M";"SP";"66192";"JUNDIAÍ";"66192";"JUNDIAÍ";424;13;"Vereador";75403;261;0;0;261;61242;0;14161;"N";61242;52252;52252;48208;4044;4044;0;0;0;0;0;0;0;3292;5698;5698;0;0;"20:09:45";"02/10/2016"
"19/01/2026";"14:01:37";2016;2;"Eleição Ordinária";1;220;"Eleições Municipais 2016";"02/10/2016";"M";"SP";"71072";"SÃO PAULO";"71072";"SÃO PAULO";349;13;"Vereador";126642;356;1;0;357;97125;0;29517;"N";97125;73974;73974;61015;12959;12959;0;0;0;0;0;0;0;9486;13665;13665;0;0;"14:11:09";"26/06/2018"
"19/01/2026";"14:01:37";2016;2;"Eleição Ordinária";1;220;"Eleições Municipais 2016";"02/10/2016";"M";"SP";"62952";"CAMPOS DO JORDÃO";"62952";"CAMPOS DO JORDÃO";35;13;"Vereador";39236;109;0;0;109;29486;0;9750;"N";29486;26564;26564;24599;1965;1965;0;0;0;0;0;0;0;1391;1531;1531;0;0;"14:15:41";"13/12/2016"
"19/01/2026";"14:01:37";2016;2;"Eleição Ordinária";1;220;"Eleições Municipais 2016";"02/10/2016";"M";"SP";"63711";"CUBATÃO";"63711";"CUBATÃO";119;13;"Vereador";97388;277;7;0;284;78627;0;18761;"N";78627;70387;70387;67097;3290;3290;0;0;0;0;0;0;0;2480;5760;5760;0;0;"18:13:16";"22/02/2019"
"19/01/2026";"14:01:37";2016;2;"Eleição Ordinária";1;220;"Eleições Municipais 2016";"02/10/2016";"M";"SP";"65196";"IPAUSSU";"65196";"IPAUSSU";114;13;"Vereador";10943;28;0;0;28;8842;0;2101;"N";8842;8228;8228;7731;497;497;0;0;0;0;0;0;0;303;311;311;0;0;"14:12:58";"27/10/2016"
"19/01/2026";"14:01:37";2016;2;"Eleição Ordinária";1;220;"Eleições Municipais 2016";"02/10/2016";"M";"SP";"61948";"ITAPIRAPUÃ PAULISTA";"61948";"ITAPIRAPUÃ PAULISTA";10;13;"Vereador";3347;9;1;0;10;2932;0;415;"N";2932;2823;2823;2675;148;148;0;0;0;0;0;0;0;34;75;75;0;0;"15:02:45";"03/11/2016"
"19/01/2026";"14:01:37";2016;2;"Eleição Ordinária";1;220;"Eleições Municipais 2016";"02/10/2016";"M";"SP";"61689";"ENGENHEIRO COELHO";"61689";"ENGENHEIRO COELHO";75;13;"Vereador";13156;37;0;0;37;10564;0;2592;"N";10564;9536;9536;9040;496;496;0;0;0;0;0;0;0;237;791;791;0;0;"15:36:37";"13/12/2016"
"19/01/2026";"14:01:37";2016;2;"Eleição Ordinária";1;220;"Eleições Municipais 2016";"02/10/2016";"M";"SP";"67776";"ÓLEO";"67776";"ÓLEO";94;13;"Vereador";2872;10;0;0;10;2461;0;411;"N";2461;2365;2365;2255;110;110;0;0;0;0;0;0;0;48;48;48;0;0;"18:49:54";"02/10/2016"
"19/01/2026";"14:01:37";2016;2;"Eleição Ordinária";1;220;"Eleições Municipais 2016";"02/10/2016";"M";"SP";"63851";"DOLCINÓPOLIS";"63851";"DOLCINÓPOLIS";233;13;"Vereador";2417;7;0;0;7;2178;0;239;"N";2178;2127;2127;2033;94;94;0;0;0;0;0;0;0;14;37;37;0;0;"18:05:33";"02/10/2016"
"19/01/2026";"14:01:37";2016;2;"Eleição Ordinária";1;220;"Eleições Municipais 2016";"02/10/2016";"M";"SP";"70173";"SANTA BÁRBARA D OESTE";"70173";"SANTA BÁRBARA D OESTE";186;13;"Vereador";139316;370;8;0;378;114123;0;25193;"N";114123;96422;96422;90402;6020;6020;0;0;0;0;0;0;0;8200;9501;9501;0;0;"19:24:30";"02/10/2016"
"19/01/2026";"14:01:37";2016;2;"Eleição Ordinária";1;220;"Eleições Municipais 2016";"02/10/2016";"M";"SP";"64955";"IBIÚNA";"64955";"IBIÚNA";191;13;"Vereador";59443;166;1;0;167;46642;0;12801;"N";46642;42202;42202;39199;3003;3003;0;0;0;0;0;0;0;2059;2381;2381;0;0;"20:08:13";"02/10/2016"
"19/01/2026";"14:01:37";2016;2;"Eleição Ordinária";1;220;"Eleições Municipais 2016";"02/10/2016";"M";"SP";"69698";"RIBEIRÃO PRETO";"69698";"RIBEIRÃO PRETO";305;13;"Vereador";87622;249;1;0;250;65968;0;21654;"N";65968;53087;53087;49507;3580;3580;0;0;0;0;0;0;0;3794;9087;9087;0;0;"13:53:25";"09/12/2016"
"19/01/2026";"14:01:37";2016;2;"Eleição Ordinária";1;220;"Eleições Municipais 2016";"02/10/2016";"M";"SP";"69493";"REGENTE FEIJÓ";"69493";"REGENTE FEIJÓ";167;13;"Vereador";15693;54;6;0;60;12481;0;3212;"N";12481;11670;11670;11087;583;583;0;0;0;0;0;0;0;433;378;378;0;0;"18:04:35";"02/10/2016"
"19/01/2026";"14:01:37";2016;2;"Eleição Ordinária";1;220;"Eleições Municipais 2016";"02/10/2016";"M";"SP";"70971";"SÃO JOSÉ DO RIO PRETO";"70971";"SÃO JOSÉ DO RIO PRETO";125;13;"Vereador";28347;81;0;0;81;20367;0;7980;"N";20367;17786;17786;16752;1034;1034;0;0;0;0;0;0;0;1050;1531;1531;0;0;"15:15:57";"24/11/2016"
"19/01/2026";"14:01:37";2016;2;"Eleição Ordinária";1;220;"Eleições Municipais 2016";"02/10/2016";"M";"SP";"63177";"CASA BRANCA";"63177";"CASA BRANCA";39;13;"Vereador";21006;63;0;0;63;15580;0;5426;"N";15580;14326;14326;13558;768;768;0;0;0;0;0;0;0;591;663;663;0;0;"18:08:49";"14/12/2016"
"19/01/2026";"14:01:37";2016;2;"Eleição Ordinária";1;220;"Eleições Municipais 2016";"02/10/2016";"M";"SP";"68217";"PARAPUÃ";"68217";"PARAPUÃ";163;13;"Vereador";8736;24;1;0;25;6928;0;1808;"N";6928;6455;6455;5976;479;479;0;0;0;0;0;0;0;236;237;237;0;0;"18:35:27";"02/10/2016"
"19/01/2026";"14:01:37";2016;2;"Eleição Ordinária";1;220;"Eleições Municipais 2016";"02/10/2016";"M";"SP";"69957";"SAGRES";"69957";"SAGRES";163;13;"Vereador";2156;6;0;0;6;1938;0;218;"N";1938;1888;1888;1815;73;73;0;0;0;0;0;0;0;20;30;30;0;0;"19:01:57";"02/10/2016"
"19/01/2026";"14:01:37";2016;2;"Eleição Ordinária";1;220;"Eleições Municipais 2016";"02/10/2016";"M";"SP";"62146";"PRATÂNIA";"62146";"PRATÂNIA";129;13;"Vereador";4691;14;0;0;14;3817;0;874;"N";3817;3653;3653;3423;230;230;0;0;0;0;0;0;0;85;79;79;0;0;"18:50:45";"02/10/2016"
"19/01/2026";"14:01:37";2016;2;"Eleição Ordinária";1;220;"Eleições Municipais 2016";"02/10/2016";"M";"SP";"70734";"SÃO BENTO DO SAPUCAÍ";"70734";"SÃO BENTO DO SAPUCAÍ";120;13;"Vereador";9249;27;0;0;27;7328;0;1921;"N";7328;6801;6801;6249;552;552;0;0;0;0;0;0;0;217;310;310;0;0;"17:25:54";"02/10/2016"
"19/01/2026";"14:01:37";2016;2;"Eleição Ordinária";1;220;"Eleições Municipais 2016";"02/10/2016";"M";"SP";"61808";"PONTALINDA";"61808";"PONTALINDA";152;13;"Vereador";3382;11;0;0;11;2843;0;539;"N";2843;2677;2677;2542;135;135;0;0;0;0;0;0;0;46;120;120;0;0;"17:20:15";"15/12/2016"
"19/01/2026";"14:01:37";2016;2;"Eleição Ordinária";1;220;"Eleições Municipais 2016";"02/10/2016";"M";"SP";"66370";"LENÇÓIS PAULISTA";"66370";"LENÇÓIS PAULISTA";161;13;"Vereador";47110;148;1;0;149;38232;0;8878;"N";38232;33729;33729;31592;2137;2137;0;0;0;0;0;0;0;2237;2266;2266;0;0;"15:10:47";"21/11/2016"
"19/01/2026";"14:01:37";2016;2;"Eleição Ordinária";1;220;"Eleições Municipais 2016";"02/10/2016";"M";"SP";"61476";"ANHUMAS";"61476";"ANHUMAS";182;13;"Vereador";3474;10;0;0;10;3047;0;427;"N";3047;2931;2931;2771;160;160;0;0;0;0;0;0;0;40;76;76;0;0;"11:01:40";"31/10/2016"
"19/01/2026";"14:01:37";2016;2;"Eleição Ordinária";2;221;"Eleições Municipais 2016";"30/10/2016";"M";"SP";"67890";"OSASCO";"67890";"OSASCO";285;11;"Prefeito";49899;133;0;0;133;37736;0;12163;"N";37736;30629;30629;30629;0;0;0;0;0;0;0;0;0;1630;5477;5477;0;0;"19:53:45";"30/10/2016"
"19/01/2026";"14:01:37";2016;2;"Eleição Ordinária";2;221;"Eleições Municipais 2016";"30/10/2016";"M";"SP";"69698";"RIBEIRÃO PRETO";"69698";"RIBEIRÃO PRETO";266;11;"Prefeito";96596;272;1;0;273;69011;0;27585;"N";69011;56846;56846;56846;0;0;0;0;0;0;0;0;0;2490;9675;9675;0;0;"19:35:40";"30/10/2016"
"19/01/2026";"14:01:37";2016;2;"Eleição Ordinária";2;221;"Eleições Municipais 2016";"30/10/2016";"M";"SP";"70572";"SANTO ANDRÉ";"70572";"SANTO ANDRÉ";321;11;"Prefeito";53322;151;1;0;152;39697;0;13625;"N";39697;33262;33262;33262;0;0;0;0;0;0;0;0;0;1617;4818;4818;0;0;"19:47:40";"30/10/2016"
"19/01/2026";"14:01:37";2016;2;"Eleição Ordinária";2;221;"Eleições Municipais 2016";"30/10/2016";"M";"SP";"67890";"OSASCO";"67890";"OSASCO";277;11;"Prefeito";82697;229;0;0;229;62371;0;20326;"N";62371;50569;50569;50569;0;0;0;0;0;0;0;0;0;2931;8871;8871;0;0;"19:53:45";"30/10/2016"
"19/01/2026";"14:01:37";2016;2;"Eleição Ordinária";2;221;"Eleições Municipais 2016";"30/10/2016";"M";"SP";"70572";"SANTO ANDRÉ";"70572";"SANTO ANDRÉ";306;11;"Prefeito";33335;90;0;0;90;23777;0;9558;"N";23777;20316;20316;20316;0;0;0;0;0;0;0;0;0;790;2671;2671;0;0;"19:47:40";"30/10/2016"
"19/01/2026";"14:01:37";2016;2;"Eleição Ordinária";1;220;"Eleições Municipais 2016";"02/10/2016";"M";"SP";"62197";"BAURU";"62197";"BAURU";387;11;"Prefeito";81559;224;12;0;236;65618;0;15941;"N";65618;54704;54704;54704;0;0;0;0;0;0;0;0;0;3809;7105;7105;0;0;"12:12:53";"01/12/2016"
"19/01/2026";"14:01:37";2016;2;"Eleição Ordinária";1;220;"Eleições Municipais 2016";"02/10/2016";"M";"SP";"63134";"CARAPICUÍBA";"63134";"CARAPICUÍBA";388;11;"Prefeito";186246;490;0;0;490;151469;0;34777;"N";151469;120507;120507;120507;0;0;0;0;0;0;0;0;0;11924;19038;19038;0;0;"13:14:37";"31/10/2016"
"19/01/2026";"14:01:37";2016;2;"Eleição Ordinária";1;220;"Eleições Municipais 2016";"02/10/2016";"M";"SP";"66877";"MATÃO";"66877";"MATÃO";170;11;"Prefeito";63012;184;0;0;184;50864;0;12148;"N";50864;37596;37596;37596;0;0;0;0;0;0;0;0;0;2920;10348;10348;0;0;"15:25:08";"14/12/2016"
"19/01/2026";"14:01:37";2016;2;"Eleição Ordinária";1;220;"Eleições Municipais 2016";"02/10/2016";"M";"SP";"69612";"RIBEIRÃO BRANCO";"69612";"RIBEIRÃO BRANCO";53;11;"Prefeito";14696;52;2;0;54;11721;0;2975;"N";11721;10824;10824;10824;0;0;0;0;0;0;0;0;0;215;682;682;0;0;"20:09:38";"02/10/2016"
"19/01/2026";"14:01:37";2016;2;"Eleição Ordinária";1;220;"Eleições Municipais 2016";"02/10/2016";"M";"SP";"61816";"ATIBAIA";"61816";"ATIBAIA";16;11;"Prefeito";104901;309;6;0;315;80646;0;24255;"N";80646;65998;65998;65998;0;0;0;0;0;0;0;0;0;4849;9799;9799;0;0;"15:18:50";"01/12/2016"
"19/01/2026";"14:01:37";2016;2;"Eleição Ordinária";1;220;"Eleições Municipais 2016";"02/10/2016";"M";"SP";"63576";"COSMÓPOLIS";"63576";"COSMÓPOLIS";360;11;"Prefeito";45697;124;0;0;124;35572;0;10125;"N";35572;30966;30966;30966;0;0;0;0;0;0;0;0;0;1691;2915;2915;0;0;"15:54:41";"27/10/2016"
"19/01/2026";"14:01:37";2016;2;"Eleição Ordinária";1;220;"Eleições Municipais 2016";"02/10/2016";"M";"SP";"64831";"IACANGA";"64831";"IACANGA";49;11;"Prefeito";8040;23;2;0;25;6850;0;1190;"N";6850;6512;3299;3299;0;0;0;3213;0;0;0;0;0;135;203;203;0;0;"14:08:25";"22/05/2020"
"19/01/2026";"14:01:37";2016;2;"Eleição Ordinária";1;220;"Eleições Municipais 2016";"02/10/2016";"M";"SP";"69710";"RIVERSUL";"69710";"RIVERSUL";56;11;"Prefeito";4805;16;0;0;16;3844;0;961;"N";3844;3607;3607;3607;0;0;0;0;0;0;0;0;0;73;164;164;0;0;"18:13:19";"02/10/2016"
"19/01/2026";"14:01:37";2016;2;"Eleição Ordinária";1;220;"Eleições Municipais 2016";"02/10/2016";"M";"SP";"72354";"VERA CRUZ";"72354";"VERA CRUZ";180;11;"Prefeito";8835;24;0;0;24;7031;0;1804;"N";7031;6503;6503;6503;0;0;0;0;0;0;0;0;0;147;381;381;0;0;"18:40:05";"02/10/2016"
"19/01/2026";"14:01:37";2016;2;"Eleição Ordinária";1;220;"Eleições Municipais 2016";"02/10/2016";"M";"SP";"70750";"SÃO BERNARDO DO CAMPO";"70750";"SÃO BERNARDO DO CAMPO";414;11;"Prefeito";81983;239;5;0;244;64616;0;17367;"N";64616;49873;49873;49873;0;0;0;0;0;0;0;0;0;4244;10499;10499;0;0;"14:02:48";"14/12/2016"
"19/01/2026";"14:01:37";2016;2;"Eleição Ordinária";1;220;"Eleições Municipais 2016";"02/10/2016";"M";"SP";"67172";"MOGI MIRIM";"67172";"MOGI MIRIM";75;11;"Prefeito";67510;179;1;0;180;52488;0;15022;"N";52488;41781;41781;41781;0;0;0;0;0;0;0;0;0;4052;6655;6655;0;0;"15:42:42";"13/12/2016"
"19/01/2026";"14:01:37";2016;2;"Eleição Ordinária";1;220;"Eleições Municipais 2016";"02/10/2016";"M";"SP";"67199";"MOMBUCA";"67199";"MOMBUCA";38;11;"Prefeito";3351;11;0;0;11;2936;0;415;"N";2936;1390;1390;1390;0;0;0;0;0;0;0;0;0;40;1506;1506;0;0;"16:15:01";"19/05/2017"
"19/01/2026";"14:01:37";2016;2;"Eleição Ordinária";1;220;"Eleições Municipais 2016";"02/10/2016";"M";"SP";"71471";"SUD MENNUCCI";"71471";"SUD MENNUCCI";88;11;"Prefeito";6502;18;0;0;18;5591;0;911;"N";5591;5400;5400;5400;0;0;0;0;0;0;0;0;0;54;137;137;0;0;"18:42:09";"02/10/2016"
"19/01/2026";"14:01:37";2016;2;"Eleição Ordinária";1;220;"Eleições Municipais 2016";"02/10/2016";"M";"SP";"64734";"GUARIBA";"64734";"GUARIBA";197;11;"Prefeito";28503;85;5;0;90;22802;0;5701;"N";22802;19974;19974;19974;0;0;0;0;0;0;0;0;0;1111;1717;1717;0;0;"18:18:56";"02/10/2016"
"19/01/2026";"14:01:37";2016;2;"Eleição Ordinária";1;220;"Eleições Municipais 2016";"02/10/2016";"M";"SP";"64297";"FRANCO DA ROCHA";"64297";"FRANCO DA ROCHA";192;11;"Prefeito";97909;258;6;0;264;78354;0;19555;"N";78354;63550;63550;63550;0;0;0;0;0;0;0;0;0;4892;9912;9912;0;0;"20:13:37";"02/10/2016"
"19/01/2026";"14:01:37";2016;2;"Eleição Ordinária";1;220;"Eleições Municipais 2016";"02/10/2016";"M";"SP";"71072";"SÃO PAULO";"71072";"SÃO PAULO";403;11;"Prefeito";95051;277;5;0;282;76993;0;18058;"N";76993;62075;62075;62075;0;0;0;0;0;0;0;0;0;5031;9887;9887;0;0;"14:11:09";"26/06/2018"
"19/01/2026";"14:01:37";2016;2;"Eleição Ordinária";1;220;"Eleições Municipais 2016";"02/10/2016";"M";"SP";"62090";"BARRETOS";"62090";"BARRETOS";21;11;"Prefeito";85823;240;2;0;242;64555;0;21268;"N";64555;56664;56664;56664;0;0;0;0;0;0;0;0;0;2861;5030;5030;0;0;"19:04:23";"02/10/2016"
"19/01/2026";"14:01:37";2016;2;"Eleição Ordinária";1;220;"Eleições Municipais 2016";"02/10/2016";"M";"SP";"71757";"TAQUARITINGA";"71757";"TAQUARITINGA";139;11;"Prefeito";40410;119;2;0;121;31015;0;9395;"N";31015;27524;27524;27524;0;0;0;0;0;0;0;0;0;1587;1904;1904;0;0;"19:47:44";"02/10/2016"
"19/01/2026";"14:01:37";2016;2;"Eleição Ordinária";1;220;"Eleições Municipais 2016";"02/10/2016";"M";"SP";"61166";"ROSANA";"61166";"ROSANA";330;11;"Prefeito";16332;49;2;0;51;11787;0;4545;"N";11787;10897;10897;10897;0;0;0;0;0;0;0;0;0;255;635;635;0;0;"20:09:38";"02/10/2016"
"19/01/2026";"14:01:37";2016;2;"Eleição Ordinária";1;220;"Eleições Municipais 2016";"02/10/2016";"M";"SP";"61000";"EUCLIDES DA CUNHA PAULISTA";"61000";"EUCLIDES DA CUNHA PAULISTA";330;11;"Prefeito";7859;21;0;0;21;6015;0;1844;"N";6015;5751;5751;5751;0;0;0;0;0;0;0;0;0;69;195;195;0;0;"19:55:34";"02/10/2016"
"19/01/2026";"14:01:37";2016;2;"Eleição Ordinária";1;220;"Eleições Municipais 2016";"02/10/2016";"M";"SP";"61603";"ITAOCA";"61603";"ITAOCA";10;11;"Prefeito";3177;11;1;0;12;2529;0;648;"N";2529;2029;2029;2029;0;0;0;0;0;0;0;0;0;200;300;300;0;0;"19:03:28";"02/10/2016"
"19/01/2026";"14:01:37";2016;2;"Eleição Ordinária";1;220;"Eleições Municipais 2016";"02/10/2016";"M";"SP";"61310";"AMERICANA";"61310";"AMERICANA";158;11;"Prefeito";79953;217;2;0;219;64245;0;15708;"N";64245;54101;54101;54101;0;0;0;0;0;0;0;0;0;3392;6752;6752;0;0;"19:01:44";"02/10/2016"
"19/01/2026";"14:01:37";2016;2;"Eleição Ordinária";1;220;"Eleições Municipais 2016";"02/10/2016";"M";"SP";"69019";"POMPÉIA";"69019";"POMPÉIA";99;11;"Prefeito";16106;45;1;0;46;13641;0;2465;"N";13641;12817;12817;12817;0;0;0;0;0;0;0;0;0;210;614;614;0;0;"18:11:47";"02/10/2016"
"19/01/2026";"14:01:37";2016;2;"Eleição Ordinária";1;220;"Eleições Municipais 2016";"02/10/2016";"M";"SP";"71714";"TAPIRAÍ";"71714";"TAPIRAÍ";89;11;"Prefeito";6659;19;1;0;20;5076;0;1583;"N";5076;4773;4773;4773;0;0;0;0;0;0;0;0;0;88;215;215;0;0;"18:50:39";"02/10/2016"
"19/01/2026";"14:01:37";2016;2;"Eleição Ordinária";1;220;"Eleições Municipais 2016";"02/10/2016";"M";"SP";"66176";"JÚLIO MESQUITA";"66176";"JÚLIO MESQUITA";31;11;"Prefeito";3985;12;0;0;12;3432;0;553;"N";3432;3091;3091;3091;0;0;0;0;0;0;0;0;0;129;212;212;0;0;"18:31:18";"02/10/2016"
"19/01/2026";"14:01:37";2016;2;"Eleição Ordinária";1;220;"Eleições Municipais 2016";"02/10/2016";"M";"SP";"69795";"RIO CLARO";"69795";"RIO CLARO";288;13;"Vereador";66946;189;1;0;190;54468;0;12478;"N";54468;46458;46458;43629;2829;2829;0;0;0;0;0;0;0;2815;5195;5195;0;0;"19:47:47";"02/10/2016"
"19/01/2026";"14:01:37";2016;2;"Eleição Ordinária";1;220;"Eleições Municipais 2016";"02/10/2016";"M";"SP";"71072";"SÃO PAULO";"71072";"SÃO PAULO";256;13;"Vereador";174436;461;0;0;461;134945;0;39491;"N";134945;103324;103324;85158;18166;18166;0;0;0;0;0;0;0;12639;18982;18982;0;0;"14:11:09";"26/06/2018"
"19/01/2026";"14:01:37";2016;2;"Eleição Ordinária";1;220;"Eleições Municipais 2016";"02/10/2016";"M";"SP";"64572";"GUARAÇAÍ";"64572";"GUARAÇAÍ";153;13;"Vereador";6966;21;0;0;21;5519;0;1447;"N";5519;5248;5248;4911;337;337;0;0;0;0;0;0;0;111;160;160;0;0;"18:32:19";"02/10/2016"
"19/01/2026";"14:01:37";2016;2;"Eleição Ordinária";1;220;"Eleições Municipais 2016";"02/10/2016";"M";"SP";"65838";"ITUVERAVA";"65838";"ITUVERAVA";60;13;"Vereador";30166;94;0;0;94;22762;0;7404;"N";22762;21149;21149;19774;1375;1375;0;0;0;0;0;0;0;726;887;887;0;0;"18:07:25";"02/10/2016"
"19/01/2026";"14:01:37";2016;2;"Eleição Ordinária";1;220;"Eleições Municipais 2016";"02/10/2016";"M";"SP";"67130";"MOGI DAS CRUZES";"67130";"MOGI DAS CRUZES";74;13;"Vereador";97857;270;20;0;290;78375;0;19482;"N";78375;67488;67488;63546;3942;3942;0;0;0;0;0;0;0;4298;6589;6589;0;0;"15:17:27";"12/12/2016"
"19/01/2026";"14:01:37";2016;2;"Eleição Ordinária";1;220;"Eleições Municipais 2016";"02/10/2016";"M";"SP";"62065";"ARCO-ÍRIS";"62065";"ARCO-ÍRIS";143;13;"Vereador";2241;6;0;0;6;2037;0;204;"N";2037;2007;2007;1926;81;81;0;0;0;0;0;0;0;8;22;22;0;0;"18:17:13";"02/10/2016"
"19/01/2026";"14:01:37";2016;2;"Eleição Ordinária";1;220;"Eleições Municipais 2016";"02/10/2016";"M";"SP";"65897";"JACAREÍ";"65897";"JACAREÍ";396;13;"Vereador";81369;229;4;0;233;64406;0;16963;"N";64406;55082;55082;50801;4281;4281;0;0;0;0;0;0;0;3757;5567;5567;0;0;"20:23:47";"02/10/2016"
"19/01/2026";"14:01:37";2016;2;"Eleição Ordinária";1;220;"Eleições Municipais 2016";"02/10/2016";"M";"SP";"70750";"SÃO BERNARDO DO CAMPO";"70750";"SÃO BERNARDO DO CAMPO";284;13;"Vereador";83206;231;1;0;232;64379;0;18827;"N";64379;50718;50718;45027;5691;5691;0;0;0;0;0;0;0;4191;9470;9470;0;0;"14:02:48";"14/12/2016"
"19/01/2026";"14:01:37";2016;2;"Eleição Ordinária";1;220;"Eleições Municipais 2016";"02/10/2016";"M";"SP";"63096";"CAPIVARI";"63096";"CAPIVARI";38;13;"Vereador";36467;99;0;0;99;29367;0;7100;"N";29367;26275;26275;24491;1784;1784;0;0;0;0;0;0;0;1347;1745;1745;0;0;"16:06:33";"24/10/2016"
"19/01/2026";"14:01:37";2016;2;"Eleição Ordinária";1;220;"Eleições Municipais 2016";"02/10/2016";"M";"SP";"69094";"POPULINA";"69094";"POPULINA";233;13;"Vereador";3847;11;0;0;11;3419;0;428;"N";3419;3323;3323;3190;133;133;0;0;0;0;0;0;0;20;76;76;0;0;"18:27:58";"02/10/2016"
"19/01/2026";"14:01:37";2016;2;"Eleição Ordinária";1;220;"Eleições Municipais 2016";"02/10/2016";"M";"SP";"61220";"ALUMÍNIO";"61220";"ALUMÍNIO";131;13;"Vereador";14739;43;1;0;44;12384;0;2355;"N";12384;11799;11799;11163;636;636;0;0;0;0;0;0;0;267;318;318;0;0;"20:09:40";"02/10/2016"
"19/01/2026";"14:01:37";2016;2;"Eleição Ordinária";1;220;"Eleições Municipais 2016";"02/10/2016";"M";"SP";"71072";"SÃO PAULO";"71072";"SÃO PAULO";348;13;"Vereador";104505;285;0;0;285;82679;0;21826;"N";82679;63587;63587;52094;11493;11493;0;0;0;0;0;0;0;7046;12046;12046;0;0;"14:11:09";"26/06/2018"
"19/01/2026";"14:01:37";2016;2;"Eleição Ordinária";1;220;"Eleições Municipais 2016";"02/10/2016";"M";"SP";"69132";"PORTO FELIZ";"69132";"PORTO FELIZ";100;13;"Vereador";39589;108;1;0;109;31542;0;8047;"N";31542;26055;26055;23718;2337;2337;0;0;0;0;0;0;0;1801;3686;3686;0;0;"18:42:45";"02/10/2016"
"19/01/2026";"14:01:37";2016;2;"Eleição Ordinária";1;220;"Eleições Municipais 2016";"02/10/2016";"M";"SP";"70211";"SANTA BRANCA";"70211";"SANTA BRANCA";112;13;"Vereador";12352;37;0;0;37;9698;0;2654;"N";9698;9159;9159;8592;567;567;0;0;0;0;0;0;0;254;285;285;0;0;"17:42:22";"03/11/2016"
"19/01/2026";"14:01:37";2016;2;"Eleição Ordinária";1;220;"Eleições Municipais 2016";"02/10/2016";"M";"SP";"61603";"ITAOCA";"61603";"ITAOCA";10;13;"Vereador";3177;11;1;0;12;2529;0;648;"N";2529;2418;2418;2269;149;149;0;0;0;0;0;0;0;37;74;74;0;0;"19:03:28";"02/10/2016"
"19/01/2026";"14:01:37";2016;2;"Eleição Ordinária";1;220;"Eleições Municipais 2016";"02/10/2016";"M";"SP";"61514";"APARECIDA D OESTE";"61514";"APARECIDA D OESTE";232;13;"Vereador";4073;12;0;0;12;3425;0;648;"N";3425;3311;3311;3137;174;174;0;0;0;0;0;0;0;48;66;66;0;0;"17:25:33";"02/10/2016"
"19/01/2026";"14:01:37";2016;2;"Eleição Ordinária";1;220;"Eleições Municipais 2016";"02/10/2016";"M";"SP";"71110";"SÃO PEDRO DO TURVO";"71110";"SÃO PEDRO DO TURVO";114;13;"Vereador";5774;15;0;0;15;4944;0;830;"N";4944;4658;4658;4391;267;267;0;0;0;0;0;0;0;87;199;199;0;0;"17:31:24";"02/10/2016"
"19/01/2026";"14:01:37";2016;2;"Eleição Ordinária";1;220;"Eleições Municipais 2016";"02/10/2016";"M";"SP";"70750";"SÃO BERNARDO DO CAMPO";"70750";"SÃO BERNARDO DO CAMPO";174;13;"Vereador";137650;420;3;0;423;111524;0;26126;"N";111524;92434;92434;84682;7752;7752;0;0;0;0;0;0;0;6144;12946;12946;0;0;"14:02:48";"14/12/2016"
"19/01/2026";"14:01:37";2016;2;"Eleição Ordinária";1;220;"Eleições Municipais 2016";"02/10/2016";"M";"SP";"61522";"ASPÁSIA";"61522";"ASPÁSIA";152;13;"Vereador";1905;7;0;0;7;1723;0;182;"N";1723;1687;1687;1620;67;67;0;0;0;0;0;0;0;7;29;29;0;0;"18:32:54";"02/10/2016"
"19/01/2026";"14:01:37";2016;2;"Eleição Ordinária";1;220;"Eleições Municipais 2016";"02/10/2016";"M";"SP";"71455";"SOROCABA";"71455";"SOROCABA";342;13;"Vereador";80648;214;1;0;215;64530;0;16118;"N";64530;52550;52550;47697;4853;4853;0;0;0;0;0;0;0;4553;7427;7427;0;0;"14:54:33";"20/01/2017"
"19/01/2026";"14:01:37";2016;2;"Eleição Ordinária";1;220;"Eleições Municipais 2016";"02/10/2016";"M";"SP";"70157";"SANTA ALBERTINA";"70157";"SANTA ALBERTINA";152;13;"Vereador";4949;14;0;0;14;4207;0;742;"N";4207;4020;4020;3842;178;178;0;0;0;0;0;0;0;54;133;133;0;0;"18:39:40";"02/10/2016"
"19/01/2026";"14:01:37";2016;2;"Eleição Ordinária";1;220;"Eleições Municipais 2016";"02/10/2016";"M";"SP";"70718";"SANTOS";"70718";"SANTOS";273;13;"Vereador";116704;299;0;0;299;87575;0;29129;"N";87575;76419;76419;71740;4679;4679;0;0;0;0;0;0;0;4123;7033;7033;0;0;"12:11:48";"09/12/2016"
"19/01/2026";"14:01:37";2016;2;"Eleição Ordinária";1;220;"Eleições Municipais 2016";"02/10/2016";"M";"SP";"68659";"ESPÍRITO SANTO DO PINHAL";"68659";"ESPÍRITO SANTO DO PINHAL";91;13;"Vereador";34272;98;12;0;110;25810;0;8462;"N";25810;22997;22997;21350;1647;1647;0;0;0;0;0;0;0;1591;1222;1222;0;0;"14:03:32";"20/10/2016"
"19/01/2026";"14:01:37";2016;2;"Eleição Ordinária";1;220;"Eleições Municipais 2016";"02/10/2016";"M";"SP";"68934";"PLANALTO";"68934";"PLANALTO";214;13;"Vereador";4271;12;0;0;12;3752;0;519;"N";3752;3618;3618;3430;188;188;0;0;0;0;0;0;0;54;80;80;0;0;"18:32:56";"02/10/2016"
"19/01/2026";"14:01:37";2016;2;"Eleição Ordinária";1;220;"Eleições Municipais 2016";"02/10/2016";"M";"SP";"69930";"SABINO";"69930";"SABINO";297;13;"Vereador";4994;14;0;0;14;4082;0;912;"N";4082;3610;3610;3402;208;208;0;0;0;0;0;0;0;65;407;407;0;0;"11:45:43";"09/12/2016"
"19/01/2026";"14:01:37";2016;2;"Eleição Ordinária";1;220;"Eleições Municipais 2016";"02/10/2016";"M";"SP";"61867";"MARAPOAMA";"61867";"MARAPOAMA";79;13;"Vereador";2748;8;1;0;9;2488;0;260;"N";2488;2394;2394;2296;98;98;0;0;0;0;0;0;0;35;59;59;0;0;"18:27:28";"02/10/2016"
"19/01/2026";"14:01:37";2016;2;"Eleição Ordinária";1;220;"Eleições Municipais 2016";"02/10/2016";"M";"SP";"63398";"CLEMENTINA";"63398";"CLEMENTINA";25;13;"Vereador";5515;15;1;0;16;4760;0;755;"N";4760;4550;4550;4336;214;214;0;0;0;0;0;0;0;66;144;144;0;0;"19:39:40";"02/10/2016"
"19/01/2026";"14:01:37";2016;2;"Eleição Ordinária";2;221;"Eleições Municipais 2016";"30/10/2016";"M";"SP";"63770";"DIADEMA";"63770";"DIADEMA";222;11;"Prefeito";85409;230;2;0;232;63313;0;22096;"N";63313;49190;49190;49190;0;0;0;0;0;0;0;0;0;4013;10110;10110;0;0;"20:06:00";"30/10/2016"
"19/01/2026";"14:01:37";2016;2;"Eleição Ordinária";2;221;"Eleições Municipais 2016";"30/10/2016";"M";"SP";"64777";"GUARULHOS";"64777";"GUARULHOS";185;11;"Prefeito";132861;372;1;0;373;104573;0;28288;"N";104573;83211;83211;83211;0;0;0;0;0;0;0;0;0;7202;14160;14160;0;0;"20:25:46";"30/10/2016"
"19/01/2026";"14:01:37";2016;2;"Eleição Ordinária";2;221;"Eleições Municipais 2016";"30/10/2016";"M";"SP";"64750";"GUARUJÁ";"64750";"GUARUJÁ";310;11;"Prefeito";105028;304;9;0;313;82934;0;22094;"N";82934;73757;73757;73757;0;0;0;0;0;0;0;0;0;2334;6843;6843;0;0;"19:30:15";"30/10/2016"
"19/01/2026";"14:01:37";2016;2;"Eleição Ordinária";1;220;"Eleições Municipais 2016";"02/10/2016";"M";"SP";"63754";"DESCALVADO";"63754";"DESCALVADO";44;11;"Prefeito";25221;69;2;0;71;19761;0;5460;"N";19761;16538;16538;16538;0;0;0;0;0;0;0;0;0;1082;2141;2141;0;0;"18:14:59";"02/10/2016"
"19/01/2026";"14:01:37";2016;2;"Eleição Ordinária";1;220;"Eleições Municipais 2016";"02/10/2016";"M";"SP";"66311";"LAVÍNIA";"66311";"LAVÍNIA";153;11;"Prefeito";4337;14;0;0;14;3666;0;671;"N";3666;3517;3517;3517;0;0;0;0;0;0;0;0;0;33;116;116;0;0;"18:29:20";"02/10/2016"
"19/01/2026";"14:01:37";2016;2;"Eleição Ordinária";1;220;"Eleições Municipais 2016";"02/10/2016";"M";"SP";"61557";"ARAÇATUBA";"61557";"ARAÇATUBA";299;11;"Prefeito";73442;207;3;0;210;57355;0;16087;"N";57355;50384;50384;50384;0;0;0;0;0;0;0;0;0;2331;4640;4640;0;0;"20:24:50";"02/10/2016"
"19/01/2026";"14:01:37";2016;2;"Eleição Ordinária";1;220;"Eleições Municipais 2016";"02/10/2016";"M";"SP";"66591";"LUTÉCIA";"66591";"LUTÉCIA";12;11;"Prefeito";2656;8;0;0;8;2327;0;329;"N";2327;2218;2218;2218;0;0;0;0;0;0;0;0;0;31;78;78;0;0;"17:38:19";"02/10/2016"
"19/01/2026";"14:01:37";2016;2;"Eleição Ordinária";1;220;"Eleições Municipais 2016";"02/10/2016";"M";"SP";"70890";"SÃO JOAQUIM DA BARRA";"70890";"SÃO JOAQUIM DA BARRA";123;11;"Prefeito";36040;96;1;0;97;28533;0;7507;"N";28533;26173;26173;26173;0;0;0;0;0;0;0;0;0;862;1498;1498;0;0;"18:29:43";"02/10/2016"
"19/01/2026";"14:01:37";2016;2;"Eleição Ordinária";1;220;"Eleições Municipais 2016";"02/10/2016";"M";"SP";"67296";"MONTE APRAZÍVEL";"67296";"MONTE APRAZÍVEL";77;11;"Prefeito";16658;49;1;0;50;13794;0;2864;"N";13794;12818;12818;12818;0;0;0;0;0;0;0;0;0;290;686;686;0;0;"18:04:22";"02/10/2016"
"19/01/2026";"14:01:37";2016;2;"Eleição Ordinária";1;220;"Eleições Municipais 2016";"02/10/2016";"M";"SP";"68357";"PEDERNEIRAS";"68357";"PEDERNEIRAS";86;11;"Prefeito";32441;94;3;0;97;25721;0;6720;"N";25721;22390;22390;22390;0;0;0;0;0;0;0;0;0;1038;2293;2293;0;0;"17:50:30";"01/11/2016"
"19/01/2026";"14:01:37";2016;2;"Eleição Ordinária";1;220;"Eleições Municipais 2016";"02/10/2016";"M";"SP";"65374";"ITAÍ";"65374";"ITAÍ";301;11;"Prefeito";17087;45;0;0;45;13969;0;3118;"N";13969;12757;12757;12757;0;0;0;0;0;0;0;0;0;423;789;789;0;0;"18:20:26";"02/10/2016"
"19/01/2026";"14:01:37";2016;2;"Eleição Ordinária";1;220;"Eleições Municipais 2016";"02/10/2016";"M";"SP";"70998";"SÃO JOSÉ DOS CAMPOS";"70998";"SÃO JOSÉ DOS CAMPOS";411;11;"Prefeito";133038;350;5;0;355;107393;0;25645;"N";107393;95727;95727;95727;0;0;0;0;0;0;0;0;0;3990;7676;7676;0;0;"22:08:44";"02/10/2016"
"19/01/2026";"14:01:37";2016;2;"Eleição Ordinária";1;220;"Eleições Municipais 2016";"02/10/2016";"M";"SP";"65595";"ITAPUÍ";"65595";"ITAPUÍ";241;11;"Prefeito";9128;24;0;0;24;7556;0;1572;"N";7556;7123;7123;7123;0;0;0;0;0;0;0;0;0;135;298;298;0;0;"18:17:39";"02/10/2016"
"19/01/2026";"14:01:37";2016;2;"Eleição Ordinária";1;220;"Eleições Municipais 2016";"02/10/2016";"M";"SP";"67474";"NATIVIDADE DA SERRA";"67474";"NATIVIDADE DA SERRA";84;11;"Prefeito";6895;20;1;0;21;5531;0;1364;"N";5531;5248;5248;5248;0;0;0;0;0;0;0;0;0;69;214;214;0;0;"20:02:26";"02/10/2016"
"19/01/2026";"14:01:37";2016;2;"Eleição Ordinária";1;220;"Eleições Municipais 2016";"02/10/2016";"M";"SP";"69698";"RIBEIRÃO PRETO";"69698";"RIBEIRÃO PRETO";108;11;"Prefeito";41577;117;1;0;118;29146;0;12431;"N";29146;24752;24752;24752;0;0;0;0;0;0;0;0;0;1039;3355;3355;0;0;"20:23:57";"02/10/2016"
"19/01/2026";"14:01:37";2016;2;"Eleição Ordinária";1;220;"Eleições Municipais 2016";"02/10/2016";"M";"SP";"70513";"SANTA RITA DO PASSA QUATRO";"70513";"SANTA RITA DO PASSA QUATRO";116;11;"Prefeito";21577;58;1;0;59;16401;0;5176;"N";16401;14505;14505;14505;0;0;0;0;0;0;0;0;0;646;1250;1250;0;0;"17:38:20";"02/10/2016"
"19/01/2026";"14:01:37";2016;2;"Eleição Ordinária";1;220;"Eleições Municipais 2016";"02/10/2016";"M";"SP";"68977";"POÁ";"68977";"POÁ";219;11;"Prefeito";93520;256;0;0;256;75692;0;17828;"N";75692;62865;62865;62865;0;0;0;0;0;0;0;0;0;4302;8525;8525;0;0;"19:21:30";"02/10/2016"
"19/01/2026";"14:01:37";2016;2;"Eleição Ordinária";1;220;"Eleições Municipais 2016";"02/10/2016";"M";"SP";"71455";"SOROCABA";"71455";"SOROCABA";342;11;"Prefeito";80648;214;1;0;215;64530;0;16118;"N";64530;51414;51414;51414;0;0;0;0;0;0;0;0;0;3887;9229;9229;0;0;"20:23:50";"02/10/2016"
"19/01/2026";"14:01:37";2016;2;"Eleição Ordinária";1;220;"Eleições Municipais 2016";"02/10/2016";"M";"SP";"68276";"PATROCÍNIO PAULISTA";"68276";"PATROCÍNIO PAULISTA";85;11;"Prefeito";10507;29;0;0;29;8649;0;1858;"N";8649;8074;8074;8074;0;0;0;0;0;0;0;0;0;177;398;398;0;0;"18:23:12";"02/10/2016"
"19/01/2026";"14:01:37";2016;2;"Eleição Ordinária";1;220;"Eleições Municipais 2016";"02/10/2016";"M";"SP";"63150";"CARDOSO";"63150";"CARDOSO";224;11;"Prefeito";10413;35;0;0;35;8167;0;2246;"N";8167;7690;7690;7690;0;0;0;0;0;0;0;0;0;119;358;358;0;0;"17:47:00";"02/10/2016"
"19/01/2026";"14:01:37";2016;2;"Eleição Ordinária";1;220;"Eleições Municipais 2016";"02/10/2016";"M";"SP";"66397";"LIMEIRA";"66397";"LIMEIRA";399;13;"Vereador";96592;281;35;0;316;76912;0;19680;"N";76912;65238;65238;61009;4229;4229;0;0;0;0;0;0;0;5174;6500;6500;0;0;"19:40:26";"02/10/2016"
"19/01/2026";"14:01:37";2016;2;"Eleição Ordinária";1;220;"Eleições Municipais 2016";"02/10/2016";"M";"SP";"69752";"RINCÃO";"69752";"RINCÃO";239;13;"Vereador";8008;26;1;0;27;6349;0;1659;"N";6349;5787;5787;5384;403;403;0;0;0;0;0;0;0;230;332;332;0;0;"14:38:27";"07/11/2016"
"19/01/2026";"14:01:37";2016;2;"Eleição Ordinária";1;220;"Eleições Municipais 2016";"02/10/2016";"M";"SP";"72133";"UCHOA";"72133";"UCHOA";126;13;"Vereador";8119;20;0;0;20;6885;0;1234;"N";6885;6492;6492;6057;435;435;0;0;0;0;0;0;0;167;226;226;0;0;"14:59:07";"13/10/2016"
"19/01/2026";"14:01:37";2016;2;"Eleição Ordinária";1;220;"Eleições Municipais 2016";"02/10/2016";"M";"SP";"63835";"DOIS CÓRREGOS";"63835";"DOIS CÓRREGOS";45;13;"Vereador";19080;51;3;0;54;14780;0;4300;"N";14780;13745;13745;12682;1063;1063;0;0;0;0;0;0;0;601;434;434;0;0;"18:01:31";"02/10/2016"
"19/01/2026";"14:01:37";2016;2;"Eleição Ordinária";1;220;"Eleições Municipais 2016";"02/10/2016";"M";"SP";"64459";"GUAIÇARA";"64459";"GUAIÇARA";67;13;"Vereador";8628;25;1;0;26;6979;0;1649;"N";6979;6594;6594;5894;700;700;0;0;0;0;0;0;0;223;162;162;0;0;"17:29:46";"17/06/2019"
"19/01/2026";"14:01:37";2016;2;"Eleição Ordinária";1;220;"Eleições Municipais 2016";"02/10/2016";"M";"SP";"65056";"IGARATÁ";"65056";"IGARATÁ";115;13;"Vereador";8370;27;0;0;27;7047;0;1323;"N";7047;6715;6715;6201;514;514;0;0;0;0;0;0;0;168;164;164;0;0;"19:01:41";"02/10/2016"
"19/01/2026";"14:01:37";2016;2;"Eleição Ordinária";1;220;"Eleições Municipais 2016";"02/10/2016";"M";"SP";"70572";"SANTO ANDRÉ";"70572";"SANTO ANDRÉ";156;13;"Vereador";22355;66;1;0;67;16368;0;5987;"N";16368;13405;13405;11673;1732;1732;0;0;0;0;0;0;0;747;2216;2216;0;0;"15:33:26";"05/06/2017"
"19/01/2026";"14:01:37";2016;2;"Eleição Ordinária";1;220;"Eleições Municipais 2016";"02/10/2016";"M";"SP";"71072";"SÃO PAULO";"71072";"SÃO PAULO";418;13;"Vereador";176283;467;0;0;467;138619;0;37664;"N";138619;103835;103835;86270;17565;17565;0;0;0;0;0;0;0;15853;18931;18931;0;0;"14:11:09";"26/06/2018"
"19/01/2026";"14:01:37";2016;2;"Eleição Ordinária";1;220;"Eleições Municipais 2016";"02/10/2016";"M";"SP";"71692";"TANABI";"71692";"TANABI";138;13;"Vereador";20130;62;0;0;62;16188;0;3942;"N";16188;15109;15109;14270;839;839;0;0;0;0;0;0;0;419;660;660;0;0;"15:00:22";"21/11/2016"
"19/01/2026";"14:01:37";2016;2;"Eleição Ordinária";1;220;"Eleições Municipais 2016";"02/10/2016";"M";"SP";"61530";"APIAÍ";"61530";"APIAÍ";10;13;"Vereador";20668;68;1;0;69;15674;0;4994;"N";15674;14805;14805;13728;1077;1077;0;0;0;0;0;0;0;461;408;408;0;0;"15:02:45";"03/11/2016"
"19/01/2026";"14:01:37";2016;2;"Eleição Ordinária";1;220;"Eleições Municipais 2016";"02/10/2016";"M";"SP";"66451";"LORENA";"66451";"LORENA";68;13;"Vereador";63596;195;1;0;196;49859;0;13737;"N";49859;45075;45075;42261;2814;2814;0;0;0;0;0;0;0;2456;2328;2328;0;0;"17:50:33";"26/11/2016"
"19/01/2026";"14:01:37";2016;2;"Eleição Ordinária";1;220;"Eleições Municipais 2016";"02/10/2016";"M";"SP";"68136";"PARAIBUNA";"68136";"PARAIBUNA";84;13;"Vereador";14513;39;0;0;39;11609;0;2904;"N";11609;11002;11002;10184;818;818;0;0;0;0;0;0;0;302;305;305;0;0;"17:43:39";"02/10/2016"
"19/01/2026";"14:01:37";2016;2;"Eleição Ordinária";1;220;"Eleições Municipais 2016";"02/10/2016";"M";"SP";"63673";"CRUZÁLIA";"63673";"CRUZÁLIA";363;13;"Vereador";2254;7;1;0;8;2010;0;244;"N";2010;1833;1833;1746;87;87;0;0;0;0;0;0;0;13;164;164;0;0;"14:19:42";"15/12/2016"
"19/01/2026";"14:01:37";2016;2;"Eleição Ordinária";1;220;"Eleições Municipais 2016";"02/10/2016";"M";"SP";"66770";"MARACAÍ";"66770";"MARACAÍ";363;13;"Vereador";10916;36;1;0;37;9323;0;1593;"N";9323;8710;8710;8307;403;403;0;0;0;0;0;0;0;131;482;482;0;0;"14:18:32";"16/03/2017"
"19/01/2026";"14:01:37";2016;2;"Eleição Ordinária";1;220;"Eleições Municipais 2016";"02/10/2016";"M";"SP";"62308";"GAVIÃO PEIXOTO";"62308";"GAVIÃO PEIXOTO";385;13;"Vereador";3928;12;0;0;12;3438;0;490;"N";3438;3305;3305;3142;163;163;0;0;0;0;0;0;0;45;88;88;0;0;"18:42:28";"02/10/2016"
"19/01/2026";"14:01:37";2016;2;"Eleição Ordinária";1;220;"Eleições Municipais 2016";"02/10/2016";"M";"SP";"68438";"PEDREIRA";"68438";"PEDREIRA";333;13;"Vereador";33677;89;5;0;94;26421;0;7256;"N";26421;21941;21941;20186;1755;1755;0;0;0;0;0;0;0;1699;2781;2781;0;0;"15:31:23";"13/07/2018"
"19/01/2026";"14:01:37";2016;2;"Eleição Ordinária";1;220;"Eleições Municipais 2016";"02/10/2016";"M";"SP";"69299";"PRESIDENTE PRUDENTE";"69299";"PRESIDENTE PRUDENTE";101;13;"Vereador";80414;241;1;0;242;59435;0;20979;"N";59435;51616;51616;48155;3461;3461;0;0;0;0;0;0;0;3542;4277;4277;0;0;"14:00:00";"28/10/2016"
"19/01/2026";"14:01:37";2016;2;"Eleição Ordinária";1;220;"Eleições Municipais 2016";"02/10/2016";"M";"SP";"72338";"VÁRZEA PAULISTA";"72338";"VÁRZEA PAULISTA";242;13;"Vereador";84223;233;0;0;233;68924;0;15299;"N";68924;58154;58154;53820;4334;4334;0;0;0;0;0;0;0;4194;6576;6576;0;0;"15:06:36";"12/12/2016"
"19/01/2026";"14:01:37";2016;2;"Eleição Ordinária";1;220;"Eleições Municipais 2016";"02/10/2016";"M";"SP";"62197";"BAURU";"62197";"BAURU";23;13;"Vereador";105106;293;17;0;310;79095;0;26011;"N";79095;65690;65690;61612;4078;4078;0;0;0;0;0;0;0;5057;8348;8348;0;0;"12:12:53";"01/12/2016"
"19/01/2026";"14:01:37";2016;2;"Eleição Ordinária";1;220;"Eleições Municipais 2016";"02/10/2016";"M";"SP";"68039";"PALMARES PAULISTA";"68039";"PALMARES PAULISTA";111;13;"Vereador";7483;22;1;0;23;6399;0;1084;"N";6399;5939;5939;5582;357;357;0;0;0;0;0;0;0;165;295;295;0;0;"13:18:38";"30/11/2016"
"19/01/2026";"14:01:37";2016;2;"Eleição Ordinária";1;220;"Eleições Municipais 2016";"02/10/2016";"M";"SP";"63614";"COTIA";"63614";"COTIA";286;13;"Vereador";52273;146;2;0;148;44447;0;7826;"N";44447;39987;39987;37496;2491;2491;0;0;0;0;0;0;0;2032;2428;2428;0;0;"16:02:37";"29/09/2017"
"19/01/2026";"14:01:37";2016;2;"Eleição Ordinária";1;220;"Eleições Municipais 2016";"02/10/2016";"M";"SP";"64017";"EMBU DAS ARTES";"64017";"EMBU DAS ARTES";341;13;"Vereador";84288;301;6;0;307;73689;0;10599;"N";73689;64255;64255;59785;4470;4470;0;0;0;0;0;0;0;4371;5063;5063;0;0;"14:01:46";"19/05/2017"
"19/01/2026";"14:01:37";2016;2;"Eleição Ordinária";1;220;"Eleições Municipais 2016";"02/10/2016";"M";"SP";"66435";"LINS";"66435";"LINS";297;13;"Vereador";35271;104;0;0;104;27109;0;8162;"N";27109;22932;22932;21476;1456;1456;0;0;0;0;0;0;0;1859;2318;2318;0;0;"14:17:48";"16/12/2016"
"19/01/2026";"14:01:37";2016;2;"Eleição Ordinária";2;221;"Eleições Municipais 2016";"30/10/2016";"M";"SP";"63770";"DIADEMA";"63770";"DIADEMA";426;11;"Prefeito";83785;219;1;0;220;64288;0;19497;"N";64288;51782;51782;51782;0;0;0;0;0;0;0;0;0;3670;8836;8836;0;0;"20:06:00";"30/10/2016"
"19/01/2026";"14:01:37";2016;1;"Eleição Extraordinária";1;279;"Suplementar de Sebastianópolis do Sul";"19/11/2017";"M";"SP";"71277";"SEBASTIANÓPOLIS DO SUL";"71277";"SEBASTIANÓPOLIS DO SUL";77;11;"Prefeito";3012;9;0;0;9;2607;0;405;"N";2607;2527;2527;2527;0;0;0;0;0;0;0;0;0;25;55;55;0;0;"18:01:15";"19/11/2017"
"19/01/2026";"14:01:37";2016;2;"Eleição Ordinária";1;220;"Eleições Municipais 2016";"02/10/2016";"M";"SP";"63614";"COTIA";"63614";"COTIA";227;11;"Prefeito";106598;308;23;0;331;87908;0;18690;"N";87908;67137;67137;67137;0;0;0;0;0;0;0;0;0;6102;14669;14669;0;0;"16:44:21";"03/11/2016"
"19/01/2026";"14:01:37";2016;2;"Eleição Ordinária";1;220;"Eleições Municipais 2016";"02/10/2016";"M";"SP";"69795";"RIO CLARO";"69795";"RIO CLARO";288;11;"Prefeito";66946;189;1;0;190;54468;0;12478;"N";54468;43951;43951;43951;0;0;0;0;0;0;0;0;0;2922;7595;7595;0;0;"19:47:47";"02/10/2016"
"19/01/2026";"14:01:37";2016;2;"Eleição Ordinária";1;220;"Eleições Municipais 2016";"02/10/2016";"M";"SP";"63738";"CUNHA";"63738";"CUNHA";43;11;"Prefeito";19765;57;0;0;57;15693;0;4072;"N";15693;14538;14538;14538;0;0;0;0;0;0;0;0;0;388;767;767;0;0;"15:05:48";"15/12/2016"
"19/01/2026";"14:01:37";2016;2;"Eleição Ordinária";1;220;"Eleições Municipais 2016";"02/10/2016";"M";"SP";"72230";"VALENTIM GENTIL";"72230";"VALENTIM GENTIL";147;11;"Prefeito";9462;25;0;0;25;7568;0;1894;"N";7568;5116;5116;5116;0;0;0;0;0;0;0;0;0;912;1540;1540;0;0;"18:42:31";"02/10/2016"
"19/01/2026";"14:01:37";2016;2;"Eleição Ordinária";1;220;"Eleições Municipais 2016";"02/10/2016";"M";"SP";"67334";"MONTE CASTELO";"67334";"MONTE CASTELO";175;11;"Prefeito";3427;11;0;0;11;2995;0;432;"N";2995;2890;2890;2890;0;0;0;0;0;0;0;0;0;26;79;79;0;0;"17:47:33";"02/10/2016"
"19/01/2026";"14:01:37";2016;2;"Eleição Ordinária";1;220;"Eleições Municipais 2016";"02/10/2016";"M";"SP";"65870";"JABOTICABAL";"65870";"JABOTICABAL";61;11;"Prefeito";53746;144;2;0;146;39802;0;13944;"N";39802;35067;35067;35067;0;0;0;0;0;0;0;0;0;1955;2780;2780;0;0;"18:52:43";"02/10/2016"
"19/01/2026";"14:01:37";2016;2;"Eleição Ordinária";1;220;"Eleições Municipais 2016";"02/10/2016";"M";"SP";"62731";"CACHOEIRA PAULISTA";"62731";"CACHOEIRA PAULISTA";145;11;"Prefeito";24970;70;4;0;74;19808;0;5162;"N";19808;18326;18326;18326;0;0;0;0;0;0;0;0;0;424;1058;1058;0;0;"14:25:22";"27/03/2017"
"19/01/2026";"14:01:37";2016;2;"Eleição Ordinária";1;220;"Eleições Municipais 2016";"02/10/2016";"M";"SP";"65811";"ITUPEVA";"65811";"ITUPEVA";65;11;"Prefeito";38339;112;0;0;112;31928;0;6411;"N";31928;27104;1341;1341;0;0;0;25763;0;0;0;0;0;1574;3250;3250;0;0;"19:16:45";"18/12/2020"
"19/01/2026";"14:01:37";2016;2;"Eleição Ordinária";1;220;"Eleições Municipais 2016";"02/10/2016";"M";"SP";"68870";"PIRASSUNUNGA";"68870";"PIRASSUNUNGA";96;11;"Prefeito";27279;79;10;0;89;21366;0;5913;"N";21366;19154;19154;19154;0;0;0;0;0;0;0;0;0;752;1460;1460;0;0;"16:08:34";"20/10/2016"
"19/01/2026";"14:01:37";2016;2;"Eleição Ordinária";1;220;"Eleições Municipais 2016";"02/10/2016";"M";"SP";"65331";"IRAPURU";"65331";"IRAPURU";154;11;"Prefeito";5493;17;0;0;17;4441;0;1052;"N";4441;4196;4196;4196;0;0;0;0;0;0;0;0;0;73;172;172;0;0;"18:07:19";"02/10/2016"
"19/01/2026";"14:01:37";2016;2;"Eleição Ordinária";1;220;"Eleições Municipais 2016";"02/10/2016";"M";"SP";"69698";"RIBEIRÃO PRETO";"69698";"RIBEIRÃO PRETO";265;11;"Prefeito";36934;107;2;0;109;27632;0;9302;"N";27632;21477;21477;21477;0;0;0;0;0;0;0;0;0;1276;4879;4879;0;0;"20:23:57";"02/10/2016"
"19/01/2026";"14:01:37";2016;2;"Eleição Ordinária";1;220;"Eleições Municipais 2016";"02/10/2016";"M";"SP";"71072";"SÃO PAULO";"71072";"SÃO PAULO";372;11;"Prefeito";253540;669;14;0;683;203817;0;49723;"N";203817;165293;165293;165293;0;0;0;0;0;0;0;0;0;14166;24358;24358;0;0;"14:11:09";"26/06/2018"
"19/01/2026";"14:01:37";2016;2;"Eleição Ordinária";1;220;"Eleições Municipais 2016";"02/10/2016";"M";"SP";"71498";"SUMARÉ";"71498";"SUMARÉ";362;11;"Prefeito";109955;320;1;0;321;88460;0;21495;"N";88460;71457;71457;71457;0;0;0;0;0;0;0;0;0;7138;9865;9865;0;0;"19:21:40";"02/10/2016"
"19/01/2026";"14:01:37";2016;2;"Eleição Ordinária";1;220;"Eleições Municipais 2016";"02/10/2016";"M";"SP";"71633";"TAIAÇU";"71633";"TAIAÇU";61;11;"Prefeito";5019;13;0;0;13;4243;0;776;"N";4243;4041;4041;4041;0;0;0;0;0;0;0;0;0;75;127;127;0;0;"19:01:42";"02/10/2016"
"19/01/2026";"14:01:37";2016;2;"Eleição Ordinária";1;220;"Eleições Municipais 2016";"02/10/2016";"M";"SP";"69299";"PRESIDENTE PRUDENTE";"69299";"PRESIDENTE PRUDENTE";402;11;"Prefeito";88874;256;0;0;256;67057;0;21817;"N";67057;59654;59654;59654;0;0;0;0;0;0;0;0;0;2732;4671;4671;0;0;"14:00:00";"28/10/2016"
"19/01/2026";"14:01:37";2016;2;"Eleição Ordinária";1;220;"Eleições Municipais 2016";"02/10/2016";"M";"SP";"71072";"SÃO PAULO";"71072";"SÃO PAULO";392;11;"Prefeito";124594;392;0;0;392;99837;0;24757;"N";99837;80031;80031;80031;0;0;0;0;0;0;0;0;0;5884;13922;13922;0;0;"14:11:09";"26/06/2018"
"19/01/2026";"14:01:37";2016;2;"Eleição Ordinária";1;220;"Eleições Municipais 2016";"02/10/2016";"M";"SP";"68896";"PIRATININGA";"68896";"PIRATININGA";97;11;"Prefeito";9328;26;0;0;26;7700;0;1628;"N";7700;7184;7184;7184;0;0;0;0;0;0;0;0;0;158;358;358;0;0;"18:15:59";"02/10/2016"
"19/01/2026";"14:01:37";2016;2;"Eleição Ordinária";1;220;"Eleições Municipais 2016";"02/10/2016";"M";"SP";"67350";"MONTEIRO LOBATO";"67350";"MONTEIRO LOBATO";282;11;"Prefeito";3713;12;0;0;12;3122;0;591;"N";3122;2963;2963;2963;0;0;0;0;0;0;0;0;0;44;115;115;0;0;"20:09:40";"02/10/2016"
"19/01/2026";"14:01:37";2016;2;"Eleição Ordinária";1;220;"Eleições Municipais 2016";"02/10/2016";"M";"SP";"63819";"DOBRADA";"63819";"DOBRADA";170;11;"Prefeito";5859;17;0;0;17;5015;0;844;"N";5015;4732;4732;4732;0;0;0;0;0;0;0;0;0;123;160;160;0;0;"19:21:41";"02/10/2016"
"19/01/2026";"14:01:37";2016;2;"Eleição Ordinária";1;220;"Eleições Municipais 2016";"02/10/2016";"M";"SP";"63339";"CESÁRIO LANGE";"63339";"CESÁRIO LANGE";140;11;"Prefeito";12028;33;0;0;33;9699;0;2329;"N";9699;8677;8677;8677;0;0;0;0;0;0;0;0;0;333;689;689;0;0;"20:23:45";"02/10/2016"
"19/01/2026";"14:01:37";2016;2;"Eleição Ordinária";1;220;"Eleições Municipais 2016";"02/10/2016";"M";"SP";"61530";"APIAÍ";"61530";"APIAÍ";10;11;"Prefeito";20668;68;1;0;69;15674;0;4994;"N";15674;14385;14385;14385;0;0;0;0;0;0;0;0;0;440;849;849;0;0;"19:30:34";"02/10/2016"
"19/01/2026";"14:01:37";2016;2;"Eleição Ordinária";1;220;"Eleições Municipais 2016";"02/10/2016";"M";"SP";"70092";"SALTO GRANDE";"70092";"SALTO GRANDE";313;11;"Prefeito";7117;19;0;0;19;5618;0;1499;"N";5618;3538;3538;3538;0;0;0;0;0;0;0;0;0;103;1977;1977;0;0;"18:41:28";"02/10/2016"
"19/01/2026";"14:01:37";2016;2;"Eleição Ordinária";1;220;"Eleições Municipais 2016";"02/10/2016";"M";"SP";"69035";"PONGAÍ";"69035";"PONGAÍ";95;11;"Prefeito";3307;9;0;0;9;2988;0;319;"N";2988;2905;2905;2905;0;0;0;0;0;0;0;0;0;15;68;68;0;0;"18:28:59";"02/10/2016"
"19/01/2026";"14:01:37";2016;2;"Eleição Ordinária";1;220;"Eleições Municipais 2016";"02/10/2016";"M";"SP";"66737";"MANDURI";"66737";"MANDURI";94;11;"Prefeito";7387;22;0;0;22;5927;0;1460;"N";5927;5237;5237;5237;0;0;0;0;0;0;0;0;0;235;455;455;0;0;"18:39:36";"02/10/2016"
"19/01/2026";"14:01:37";2016;2;"Eleição Ordinária";1;220;"Eleições Municipais 2016";"02/10/2016";"M";"SP";"61255";"ÁLVARES MACHADO";"61255";"ÁLVARES MACHADO";182;11;"Prefeito";18137;51;0;0;51;14302;0;3835;"N";14302;12538;12538;12538;0;0;0;0;0;0;0;0;0;767;997;997;0;0;"13:44:59";"03/03/2017"
"19/01/2026";"14:01:37";2016;2;"Eleição Ordinária";1;220;"Eleições Municipais 2016";"02/10/2016";"M";"SP";"65293";"IRACEMÁPOLIS";"65293";"IRACEMÁPOLIS";243;11;"Prefeito";16495;47;1;0;48;14007;0;2488;"N";14007;13136;13136;13136;0;0;0;0;0;0;0;0;0;322;549;549;0;0;"18:19:28";"02/10/2016"
"19/01/2026";"14:01:37";2016;2;"Eleição Ordinária";1;220;"Eleições Municipais 2016";"02/10/2016";"M";"SP";"68691";"PIQUEROBI";"68691";"PIQUEROBI";117;11;"Prefeito";3164;9;0;0;9;2789;0;375;"N";2789;1376;1376;1376;0;0;0;0;0;0;0;0;0;40;1373;1373;0;0;"18:06:01";"02/10/2016"
"19/01/2026";"14:01:37";2016;2;"Eleição Ordinária";1;220;"Eleições Municipais 2016";"02/10/2016";"M";"SP";"70777";"SÃO CAETANO DO SUL";"70777";"SÃO CAETANO DO SUL";166;11;"Prefeito";58773;162;0;0;162;49388;0;9385;"N";49388;42796;42796;42796;0;0;0;0;0;0;0;0;0;1639;4953;4953;0;0;"19:55:43";"02/10/2016"
"19/01/2026";"14:01:37";2016;2;"Eleição Ordinária";1;220;"Eleições Municipais 2016";"02/10/2016";"M";"SP";"68659";"ESPÍRITO SANTO DO PINHAL";"68659";"ESPÍRITO SANTO DO PINHAL";91;11;"Prefeito";34272;98;12;0;110;25810;0;8462;"N";25810;23272;23272;23272;0;0;0;0;0;0;0;0;0;1073;1465;1465;0;0;"19:11:54";"02/10/2016"
"19/01/2026";"14:01:37";2016;2;"Eleição Ordinária";1;220;"Eleições Municipais 2016";"02/10/2016";"M";"SP";"65412";"ITAJU";"65412";"ITAJU";19;11;"Prefeito";3264;9;0;0;9;2624;0;640;"N";2624;1705;1705;1705;0;0;0;0;0;0;0;0;0;126;793;793;0;0;"18:04:19";"02/10/2016"
"19/01/2026";"14:01:37";2016;2;"Eleição Ordinária";1;220;"Eleições Municipais 2016";"02/10/2016";"M";"SP";"65676";"ITARIRI";"65676";"ITARIRI";295;11;"Prefeito";9958;29;0;0;29;7459;0;2499;"N";7459;6858;6858;6858;0;0;0;0;0;0;0;0;0;192;409;409;0;0;"18:50:59";"01/11/2016"
"19/01/2026";"14:01:37";2016;2;"Eleição Ordinária";1;220;"Eleições Municipais 2016";"02/10/2016";"M";"SP";"68616";"PINDAMONHANGABA";"68616";"PINDAMONHANGABA";90;11;"Prefeito";110237;336;7;0;343;86105;0;24132;"N";86105;74231;74231;74231;0;0;0;0;0;0;0;0;0;4324;7550;7550;0;0;"20:16:40";"02/10/2016"
"19/01/2026";"14:01:37";2016;2;"Eleição Ordinária";1;220;"Eleições Municipais 2016";"02/10/2016";"M";"SP";"63517";"COROADOS";"63517";"COROADOS";25;11;"Prefeito";4181;12;0;0;12;3608;0;573;"N";3608;3436;3436;3436;0;0;0;0;0;0;0;0;0;41;131;131;0;0;"19:21:43";"02/10/2016"
"19/01/2026";"14:01:37";2016;2;"Eleição Ordinária";1;220;"Eleições Municipais 2016";"02/10/2016";"M";"SP";"70432";"SANTA MERCEDES";"70432";"SANTA MERCEDES";175;11;"Prefeito";2741;10;0;0;10;2275;0;466;"N";2275;2191;2191;2191;0;0;0;0;0;0;0;0;0;28;56;56;0;0;"18:07:01";"02/10/2016"
"19/01/2026";"14:01:37";2016;2;"Eleição Ordinária";1;220;"Eleições Municipais 2016";"02/10/2016";"M";"SP";"67890";"OSASCO";"67890";"OSASCO";285;13;"Vereador";49899;133;0;0;133;38892;0;11007;"N";38892;31065;31065;28299;2766;2766;0;0;0;0;0;0;0;2447;5380;5380;0;0;"21:36:44";"02/10/2016"
"19/01/2026";"14:01:37";2016;2;"Eleição Ordinária";1;220;"Eleições Municipais 2016";"02/10/2016";"M";"SP";"69698";"RIBEIRÃO PRETO";"69698";"RIBEIRÃO PRETO";322;13;"Vereador";100649;270;1;0;271;77064;0;23585;"N";77064;59016;59016;54417;4599;4599;0;0;0;0;0;0;0;5546;12502;12502;0;0;"13:53:25";"09/12/2016"
"19/01/2026";"14:01:37";2016;2;"Eleição Ordinária";1;220;"Eleições Municipais 2016";"02/10/2016";"M";"SP";"66052";"JARINU";"66052";"JARINU";16;13;"Vereador";20467;61;2;0;63;16636;0;3831;"N";16636;15518;15518;14521;997;997;0;0;0;0;0;0;0;538;580;580;0;0;"15:23:38";"31/10/2016"
"19/01/2026";"14:01:37";2016;2;"Eleição Ordinária";1;220;"Eleições Municipais 2016";"02/10/2016";"M";"SP";"64777";"GUARULHOS";"64777";"GUARULHOS";394;13;"Vereador";183535;491;2;0;493;155500;0;28035;"N";155500;129773;129773;120695;9078;9078;0;0;0;0;0;0;0;9322;16405;16405;0;0;"18:30:53";"18/12/2020"
"19/01/2026";"14:01:37";2016;2;"Eleição Ordinária";1;220;"Eleições Municipais 2016";"02/10/2016";"M";"SP";"72117";"UBIRAJARA";"72117";"UBIRAJARA";159;13;"Vereador";4312;12;0;0;12;3811;0;501;"N";3811;3697;3697;3541;156;156;0;0;0;0;0;0;0;37;77;77;0;0;"17:48:22";"02/10/2016"
"19/01/2026";"14:01:37";2016;2;"Eleição Ordinária";1;220;"Eleições Municipais 2016";"02/10/2016";"M";"SP";"71072";"SÃO PAULO";"71072";"SÃO PAULO";346;13;"Vereador";135630;353;1;0;354;104089;0;31541;"N";104089;85212;85212;69446;15766;15766;0;0;0;0;0;0;0;8823;10054;10054;0;0;"14:11:09";"26/06/2018"
"19/01/2026";"14:01:37";2016;2;"Eleição Ordinária";1;220;"Eleições Municipais 2016";"02/10/2016";"M";"SP";"71072";"SÃO PAULO";"71072";"SÃO PAULO";352;13;"Vereador";200999;590;1;0;591;161569;0;39430;"N";161569;119459;119459;100407;19052;19052;0;0;0;0;0;0;0;19137;22973;22973;0;0;"14:11:09";"26/06/2018"
"19/01/2026";"14:01:37";2016;2;"Eleição Ordinária";1;220;"Eleições Municipais 2016";"02/10/2016";"M";"SP";"71072";"SÃO PAULO";"71072";"SÃO PAULO";421;13;"Vereador";137692;379;2;0;381;110840;0;26852;"N";110840;82774;82774;68918;13856;13856;0;0;0;0;0;0;0;11784;16282;16282;0;0;"14:11:09";"26/06/2018"
"19/01/2026";"14:01:37";2016;2;"Eleição Ordinária";1;220;"Eleições Municipais 2016";"02/10/2016";"M";"SP";"69299";"PRESIDENTE PRUDENTE";"69299";"PRESIDENTE PRUDENTE";402;13;"Vereador";88874;256;0;0;256;67057;0;21817;"N";67057;57862;57862;54246;3616;3616;0;0;0;0;0;0;0;4217;4978;4978;0;0;"14:00:00";"28/10/2016"
"19/01/2026";"14:01:37";2016;2;"Eleição Ordinária";1;220;"Eleições Municipais 2016";"02/10/2016";"M";"SP";"61204";"ILHA SOLTEIRA";"61204";"ILHA SOLTEIRA";368;13;"Vereador";21656;56;0;0;56;15620;0;6036;"N";15620;14279;14279;13525;754;754;0;0;0;0;0;0;0;444;897;897;0;0;"18:06:11";"02/10/2016"
"19/01/2026";"14:01:37";2016;2;"Eleição Ordinária";1;220;"Eleições Municipais 2016";"02/10/2016";"M";"SP";"64718";"GUAREÍ";"64718";"GUAREÍ";140;13;"Vereador";8908;25;3;0;28;7331;0;1577;"N";7331;6540;6540;6012;528;528;0;0;0;0;0;0;0;334;457;457;0;0;"14:22:19";"03/11/2016"
"19/01/2026";"14:01:37";2016;2;"Eleição Ordinária";1;220;"Eleições Municipais 2016";"02/10/2016";"M";"SP";"61824";"PARISI";"61824";"PARISI";147;13;"Vereador";2523;7;1;0;8;2283;0;240;"N";2283;2193;2193;2114;79;79;0;0;0;0;0;0;0;23;67;67;0;0;"18:29:33";"02/10/2016"
"19/01/2026";"14:01:37";2016;2;"Eleição Ordinária";1;220;"Eleições Municipais 2016";"02/10/2016";"M";"SP";"69213";"PRAIA GRANDE";"69213";"PRAIA GRANDE";406;13;"Vereador";103626;303;5;0;308;79725;0;23901;"N";79725;69936;69936;65428;4508;4508;0;0;0;0;0;0;0;4431;5358;5358;0;0;"15:12:46";"25/01/2017"
"19/01/2026";"14:01:37";2016;2;"Eleição Ordinária";1;220;"Eleições Municipais 2016";"02/10/2016";"M";"SP";"62855";"CAJAMAR";"62855";"CAJAMAR";354;13;"Vereador";57753;164;1;0;165;48863;0;8890;"N";48863;44050;44050;40841;3209;3209;0;0;0;0;0;0;0;2231;2582;2582;0;0;"17:09:05";"07/06/2019"
"19/01/2026";"14:01:37";2016;2;"Eleição Ordinária";1;220;"Eleições Municipais 2016";"02/10/2016";"M";"SP";"70335";"SANTA FÉ DO SUL";"70335";"SANTA FÉ DO SUL";187;13;"Vereador";24779;70;0;0;70;18814;0;5965;"N";18814;17121;17121;16007;1114;1114;0;0;0;0;0;0;0;874;819;819;0;0;"18:52:42";"02/10/2016"
"19/01/2026";"14:01:37";2016;2;"Eleição Ordinária";1;220;"Eleições Municipais 2016";"02/10/2016";"M";"SP";"65510";"ITAPEVI";"65510";"ITAPEVI";359;13;"Vereador";145961;434;10;0;444;119815;0;26146;"N";119815;104467;104467;97917;6550;6550;0;0;0;0;0;0;0;7228;8120;8120;0;0;"21:47:29";"02/10/2016"
"19/01/2026";"14:01:37";2016;2;"Eleição Ordinária";1;220;"Eleições Municipais 2016";"02/10/2016";"M";"SP";"64815";"HERCULÂNDIA";"64815";"HERCULÂNDIA";184;13;"Vereador";7280;20;0;0;20;6035;0;1245;"N";6035;5710;5710;5395;315;315;0;0;0;0;0;0;0;112;213;213;0;0;"18:51:56";"02/10/2016"
"19/01/2026";"14:01:37";2016;2;"Eleição Ordinária";1;220;"Eleições Municipais 2016";"02/10/2016";"M";"SP";"70955";"SÃO JOSÉ DO RIO PARDO";"70955";"SÃO JOSÉ DO RIO PARDO";124;13;"Vereador";41562;107;3;0;110;31509;0;10053;"N";31509;26968;26968;25169;1799;1799;0;0;0;0;0;0;0;2118;2423;2423;0;0;"18:12:41";"02/10/2016"
"19/01/2026";"14:01:37";2016;2;"Eleição Ordinária";1;220;"Eleições Municipais 2016";"02/10/2016";"M";"SP";"71951";"TORRINHA";"71951";"TORRINHA";28;13;"Vereador";7404;19;0;0;19;5998;0;1406;"N";5998;5626;5626;5327;299;299;0;0;0;0;0;0;0;208;164;164;0;0;"18:19:09";"02/10/2016"
"19/01/2026";"14:01:37";2016;2;"Eleição Ordinária";1;220;"Eleições Municipais 2016";"02/10/2016";"M";"SP";"61018";"ADAMANTINA";"61018";"ADAMANTINA";157;13;"Vereador";27748;77;1;0;78;20953;0;6795;"N";20953;18215;18215;17025;1190;1190;0;0;0;0;0;0;0;1383;1355;1355;0;0;"18:18:54";"02/10/2016"
"19/01/2026";"14:01:37";2016;2;"Eleição Ordinária";1;220;"Eleições Municipais 2016";"02/10/2016";"M";"SP";"71315";"SERRANA";"71315";"SERRANA";109;13;"Vereador";32277;85;0;0;85;26648;0;5629;"N";26648;24954;24954;23427;1527;1527;0;0;0;0;0;0;0;788;906;906;0;0;"13:44:36";"23/02/2017"
"19/01/2026";"14:01:37";2016;2;"Eleição Ordinária";1;220;"Eleições Municipais 2016";"02/10/2016";"M";"SP";"62634";"BURITAMA";"62634";"BURITAMA";214;13;"Vereador";12892;37;0;0;37;10635;0;2257;"N";10635;10121;10121;9569;552;552;0;0;0;0;0;0;0;190;324;324;0;0;"17:58:06";"02/10/2016"
"19/01/2026";"14:01:37";2016;2;"Eleição Ordinária";1;220;"Eleições Municipais 2016";"02/10/2016";"M";"SP";"70319";"SANTA ERNESTINA";"70319";"SANTA ERNESTINA";139;13;"Vereador";5331;15;0;0;15;4675;0;656;"N";4675;4549;4549;4303;246;246;0;0;0;0;0;0;0;41;85;85;0;0;"19:33:03";"02/10/2016"
"19/01/2026";"14:01:37";2016;1;"Eleição Extraordinária";1;251;"Eleição Suplem. São José da Bela Vista";"02/04/2017";"M";"SP";"70912";"SÃO JOSÉ DA BELA VISTA";"70912";"SÃO JOSÉ DA BELA VISTA";240;11;"Prefeito";7421;21;0;0;21;5632;0;1789;"N";5632;5429;5429;5429;0;0;0;0;0;0;0;0;0;80;123;123;0;0;"18:05:03";"02/04/2017"
"19/01/2026";"14:01:37";2016;2;"Eleição Ordinária";1;220;"Eleições Municipais 2016";"02/10/2016";"M";"SP";"68314";"PAULÍNIA";"68314";"PAULÍNIA";323;11;"Prefeito";69520;183;8;0;191;58939;0;10581;"N";58939;33989;33989;33989;0;0;0;0;0;0;0;0;0;2155;22795;22795;0;0;"15:23:21";"09/11/2018"
"19/01/2026";"14:01:37";2016;2;"Eleição Ordinária";1;220;"Eleições Municipais 2016";"02/10/2016";"M";"SP";"68292";"PAULICÉIA";"68292";"PAULICÉIA";175;11;"Prefeito";6094;17;0;0;17;5185;0;909;"N";5185;4943;4943;4943;0;0;0;0;0;0;0;0;0;70;172;172;0;0;"18:04:26";"02/10/2016"
"19/01/2026";"14:01:37";2016;2;"Eleição Ordinária";1;220;"Eleições Municipais 2016";"02/10/2016";"M";"SP";"61760";"ELISIÁRIO";"61760";"ELISIÁRIO";40;11;"Prefeito";2802;8;0;0;8;2510;0;292;"N";2510;2361;2361;2361;0;0;0;0;0;0;0;0;0;32;117;117;0;0;"18:18:33";"02/10/2016"
"19/01/2026";"14:01:37";2016;2;"Eleição Ordinária";1;220;"Eleições Municipais 2016";"02/10/2016";"M";"SP";"67130";"MOGI DAS CRUZES";"67130";"MOGI DAS CRUZES";319;11;"Prefeito";61189;173;13;0;186;49660;0;11529;"N";49660;41076;41076;41076;0;0;0;0;0;0;0;0;0;3076;5508;5508;0;0;"20:36:36";"02/10/2016"
"19/01/2026";"14:01:37";2016;2;"Eleição Ordinária";1;220;"Eleições Municipais 2016";"02/10/2016";"M";"SP";"61794";"ASSIS";"61794";"ASSIS";15;11;"Prefeito";38770;106;0;0;106;29140;0;9630;"N";29140;25794;25794;25794;0;0;0;0;0;0;0;0;0;1383;1963;1963;0;0;"14:06:43";"09/02/2018"
"19/01/2026";"14:01:37";2016;2;"Eleição Ordinária";1;220;"Eleições Municipais 2016";"02/10/2016";"M";"SP";"63371";"CHAVANTES";"63371";"CHAVANTES";313;11;"Prefeito";9739;28;3;0;31;7715;0;2024;"N";7715;6730;6730;6730;0;0;0;0;0;0;0;0;0;294;691;691;0;0;"17:38:49";"02/10/2016"
"19/01/2026";"14:01:37";2016;2;"Eleição Ordinária";1;220;"Eleições Municipais 2016";"02/10/2016";"M";"SP";"70351";"SANTA GERTRUDES";"70351";"SANTA GERTRUDES";245;11;"Prefeito";16656;53;0;0;53;14679;0;1977;"N";14679;13576;13576;13576;0;0;0;0;0;0;0;0;0;317;786;786;0;0;"19:12:45";"02/10/2016"
"19/01/2026";"14:01:37";2016;2;"Eleição Ordinária";1;220;"Eleições Municipais 2016";"02/10/2016";"M";"SP";"71897";"TERRA ROXA";"71897";"TERRA ROXA";203;11;"Prefeito";7042;21;1;0;22;5820;0;1222;"N";5820;5484;5484;5484;0;0;0;0;0;0;0;0;0;91;245;245;0;0;"13:53:43";"27/10/2016"
"19/01/2026";"14:01:37";2016;2;"Eleição Ordinária";1;220;"Eleições Municipais 2016";"02/10/2016";"M";"SP";"62979";"CAMPOS NOVOS PAULISTA";"62979";"CAMPOS NOVOS PAULISTA";83;11;"Prefeito";3999;11;0;0;11;3525;0;474;"N";3525;3415;3415;3415;0;0;0;0;0;0;0;0;0;30;80;80;0;0;"17:11:36";"05/02/2018"
"19/01/2026";"14:01:37";2016;2;"Eleição Ordinária";1;220;"Eleições Municipais 2016";"02/10/2016";"M";"SP";"65218";"IPERÓ";"65218";"IPERÓ";369;11;"Prefeito";18809;52;1;0;53;15046;0;3763;"N";15046;9215;9215;9215;0;0;0;0;0;0;0;0;0;708;5123;5123;0;0;"19:33:07";"02/10/2016"
"19/01/2026";"14:01:37";2016;2;"Eleição Ordinária";1;220;"Eleições Municipais 2016";"02/10/2016";"M";"SP";"71072";"SÃO PAULO";"71072";"SÃO PAULO";408;11;"Prefeito";144660;404;4;0;408;114103;0;30557;"N";114103;95497;95497;95497;0;0;0;0;0;0;0;0;0;6649;11957;11957;0;0;"14:11:09";"26/06/2018"
"19/01/2026";"14:01:37";2016;2;"Eleição Ordinária";1;220;"Eleições Municipais 2016";"02/10/2016";"M";"SP";"61298";"ALVINLÂNDIA";"61298";"ALVINLÂNDIA";47;11;"Prefeito";2899;9;1;0;10;2504;0;395;"N";2504;2029;2029;2029;0;0;0;0;0;0;0;0;0;34;441;441;0;0;"14:29:36";"12/12/2016"
"19/01/2026";"14:01:37";2016;2;"Eleição Ordinária";1;220;"Eleições Municipais 2016";"02/10/2016";"M";"SP";"61069";"MOTUCA";"61069";"MOTUCA";385;11;"Prefeito";3760;11;0;0;11;3033;0;727;"N";3033;2870;2870;2870;0;0;0;0;0;0;0;0;0;54;109;109;0;0;"18:32:38";"02/10/2016"
"19/01/2026";"14:01:37";2016;2;"Eleição Ordinária";1;220;"Eleições Municipais 2016";"02/10/2016";"M";"SP";"63070";"CAPELA DO ALTO";"63070";"CAPELA DO ALTO";140;11;"Prefeito";13293;38;1;0;39;11149;0;2144;"N";11149;10227;10227;10227;0;0;0;0;0;0;0;0;0;360;562;562;0;0;"20:23:47";"02/10/2016"
"19/01/2026";"14:01:37";2016;2;"Eleição Ordinária";1;220;"Eleições Municipais 2016";"02/10/2016";"M";"SP";"61700";"RIBEIRÃO GRANDE";"61700";"RIBEIRÃO GRANDE";37;11;"Prefeito";6893;22;1;0;23;5614;0;1279;"N";5614;4974;4974;4974;0;0;0;0;0;0;0;0;0;252;388;388;0;0;"19:45:00";"02/10/2016"
"19/01/2026";"14:01:37";2016;2;"Eleição Ordinária";1;220;"Eleições Municipais 2016";"02/10/2016";"M";"SP";"66451";"LORENA";"66451";"LORENA";68;11;"Prefeito";63596;195;1;0;196;49859;0;13737;"N";49859;45562;45562;45562;0;0;0;0;0;0;0;0;0;1654;2643;2643;0;0;"17:50:33";"26/11/2016"
"19/01/2026";"14:01:37";2016;2;"Eleição Ordinária";1;220;"Eleições Municipais 2016";"02/10/2016";"M";"SP";"61689";"ENGENHEIRO COELHO";"61689";"ENGENHEIRO COELHO";75;11;"Prefeito";13156;37;0;0;37;10564;0;2592;"N";10564;9903;9903;9903;0;0;0;0;0;0;0;0;0;191;470;470;0;0;"20:12:19";"02/10/2016"
"19/01/2026";"14:01:37";2016;2;"Eleição Ordinária";1;220;"Eleições Municipais 2016";"02/10/2016";"M";"SP";"61239";"ÁLVARES FLORENCE";"61239";"ÁLVARES FLORENCE";147;11;"Prefeito";4277;12;0;0;12;3836;0;441;"N";3836;3683;3683;3683;0;0;0;0;0;0;0;0;0;42;111;111;0;0;"18:42:15";"02/10/2016"
"19/01/2026";"14:01:37";2016;2;"Eleição Ordinária";1;220;"Eleições Municipais 2016";"02/10/2016";"M";"SP";"71099";"SÃO PEDRO";"71099";"SÃO PEDRO";130;11;"Prefeito";24390;70;1;0;71;20028;0;4362;"N";20028;17933;17933;17933;0;0;0;0;0;0;0;0;0;650;1445;1445;0;0;"18:40:09";"02/10/2016"
"19/01/2026";"14:01:37";2016;2;"Eleição Ordinária";1;220;"Eleições Municipais 2016";"02/10/2016";"M";"SP";"64858";"IACRI";"64858";"IACRI";184;11;"Prefeito";5475;16;0;0;16;4629;0;846;"N";4629;4411;4411;4411;0;0;0;0;0;0;0;0;0;57;161;161;0;0;"18:28:29";"02/10/2016"
"19/01/2026";"14:01:37";2016;2;"Eleição Ordinária";1;220;"Eleições Municipais 2016";"02/10/2016";"M";"SP";"63215";"CASTILHO";"63215";"CASTILHO";9;11;"Prefeito";14542;42;0;0;42;12242;0;2300;"N";12242;11532;11532;11532;0;0;0;0;0;0;0;0;0;237;473;473;0;0;"19:12:50";"02/10/2016"
"19/01/2026";"14:01:37";2016;2;"Eleição Ordinária";1;220;"Eleições Municipais 2016";"02/10/2016";"M";"SP";"69590";"RIBEIRÃO BONITO";"69590";"RIBEIRÃO BONITO";107;11;"Prefeito";9091;25;0;0;25;7282;0;1809;"N";7282;6531;6531;6531;0;0;0;0;0;0;0;0;0;226;525;525;0;0;"18:06:49";"02/10/2016"
"19/01/2026";"14:01:37";2016;2;"Eleição Ordinária";1;220;"Eleições Municipais 2016";"02/10/2016";"M";"SP";"71218";"SÃO VICENTE";"71218";"SÃO VICENTE";340;11;"Prefeito";157476;443;1;0;444;125694;0;31782;"N";125694;107755;107755;107755;0;0;0;0;0;0;0;0;0;6419;11520;11520;0;0;"20:48:34";"02/10/2016"
"19/01/2026";"14:01:37";2016;2;"Eleição Ordinária";1;220;"Eleições Municipais 2016";"02/10/2016";"M";"SP";"64750";"GUARUJÁ";"64750";"GUARUJÁ";310;11;"Prefeito";105028;304;9;0;313;86747;0;18281;"N";86747;71425;71425;71425;0;0;0;0;0;0;0;0;0;5233;10089;10089;0;0;"20:09:29";"02/10/2016"
"19/01/2026";"14:01:37";2016;2;"Eleição Ordinária";1;220;"Eleições Municipais 2016";"02/10/2016";"M";"SP";"65773";"ITOBI";"65773";"ITOBI";39;11;"Prefeito";6568;18;0;0;18;5275;0;1293;"N";5275;4870;4870;4870;0;0;0;0;0;0;0;0;0;145;260;260;0;0;"18:20:32";"02/10/2016"
"19/01/2026";"14:01:37";2016;2;"Eleição Ordinária";1;220;"Eleições Municipais 2016";"02/10/2016";"M";"SP";"69973";"SALES";"69973";"SALES";207;11;"Prefeito";5060;14;0;0;14;4398;0;662;"N";4398;4183;4183;4183;0;0;0;0;0;0;0;0;0;57;158;158;0;0;"15:49:31";"20/03/2018"
"19/01/2026";"14:01:37";2016;2;"Eleição Ordinária";1;220;"Eleições Municipais 2016";"02/10/2016";"M";"SP";"65935";"JACUPIRANGA";"65935";"JACUPIRANGA";228;11;"Prefeito";13740;42;3;0;45;10085;0;3655;"N";10085;9358;9358;9358;0;0;0;0;0;0;0;0;0;248;479;479;0;0;"18:39:28";"02/10/2016"
"19/01/2026";"14:01:37";2016;2;"Eleição Ordinária";1;220;"Eleições Municipais 2016";"02/10/2016";"M";"SP";"62910";"CAMPINAS";"62910";"CAMPINAS";380;11;"Prefeito";119996;334;9;0;343;93076;0;26920;"N";93076;73484;73484;73484;0;0;0;0;0;0;0;0;0;5003;14589;14589;0;0;"13:34:25";"30/11/2016"
"19/01/2026";"14:01:37";2016;2;"Eleição Ordinária";1;220;"Eleições Municipais 2016";"02/10/2016";"M";"SP";"70653";"SANTO ANTÔNIO DO PINHAL";"70653";"SANTO ANTÔNIO DO PINHAL";120;11;"Prefeito";6171;18;0;0;18;4922;0;1249;"N";4922;4470;4470;4470;0;0;0;0;0;0;0;0;0;155;297;297;0;0;"18:11:21";"02/10/2016"
"19/01/2026";"14:01:37";2016;2;"Eleição Ordinária";1;220;"Eleições Municipais 2016";"02/10/2016";"M";"SP";"62243";"IPIGUÁ";"62243";"IPIGUÁ";268;11;"Prefeito";4242;12;0;0;12;3695;0;547;"N";3695;3540;3540;3540;0;0;0;0;0;0;0;0;0;46;109;109;0;0;"20:02:28";"02/10/2016"
"19/01/2026";"14:01:37";2016;2;"Eleição Ordinária";1;220;"Eleições Municipais 2016";"02/10/2016";"M";"SP";"61697";"AREIAS";"61697";"AREIAS";105;13;"Vereador";3524;10;1;0;11;2979;0;545;"N";2979;2877;2877;2736;141;141;0;0;0;0;0;0;0;36;66;66;0;0;"18:01:38";"02/10/2016"
"19/01/2026";"14:01:37";2016;2;"Eleição Ordinária";1;220;"Eleições Municipais 2016";"02/10/2016";"M";"SP";"63371";"CHAVANTES";"63371";"CHAVANTES";313;13;"Vereador";9739;28;3;0;31;7715;0;2024;"N";7715;6945;6945;6531;414;414;0;0;0;0;0;0;0;284;486;486;0;0;"17:38:49";"02/10/2016"
"19/01/2026";"14:01:37";2016;2;"Eleição Ordinária";1;220;"Eleições Municipais 2016";"02/10/2016";"M";"SP";"67857";"ORINDIÚVA";"67857";"ORINDIÚVA";164;13;"Vereador";4765;13;1;0;14;3991;0;774;"N";3991;3786;3786;3612;174;174;0;0;0;0;0;0;0;64;141;141;0;0;"20:36:33";"02/10/2016"
"19/01/2026";"14:01:37";2016;2;"Eleição Ordinária";1;220;"Eleições Municipais 2016";"02/10/2016";"M";"SP";"65099";"ILHABELA";"65099";"ILHABELA";132;13;"Vereador";23401;71;1;0;72;18772;0;4629;"N";18772;17673;17673;16740;933;933;0;0;0;0;0;0;0;370;729;729;0;0;"21:30:39";"02/10/2016"
"19/01/2026";"14:01:37";2016;2;"Eleição Ordinária";1;220;"Eleições Municipais 2016";"02/10/2016";"M";"SP";"65595";"ITAPUÍ";"65595";"ITAPUÍ";241;13;"Vereador";9128;24;0;0;24;7556;0;1572;"N";7556;6967;6967;6448;519;519;0;0;0;0;0;0;0;204;385;385;0;0;"18:17:39";"02/10/2016"
"19/01/2026";"14:01:37";2016;2;"Eleição Ordinária";1;220;"Eleições Municipais 2016";"02/10/2016";"M";"SP";"69574";"RIBEIRA";"69574";"RIBEIRA";10;13;"Vereador";3029;11;1;0;12;2566;0;463;"N";2566;2458;2458;2306;152;152;0;0;0;0;0;0;0;18;90;90;0;0;"19:01:47";"02/10/2016"
"19/01/2026";"14:01:37";2016;2;"Eleição Ordinária";1;220;"Eleições Municipais 2016";"02/10/2016";"M";"SP";"61239";"ÁLVARES FLORENCE";"61239";"ÁLVARES FLORENCE";147;13;"Vereador";4277;12;0;0;12;3836;0;441;"N";3836;3689;3689;3500;189;189;0;0;0;0;0;0;0;47;100;100;0;0;"13:59:14";"24/10/2016"
"19/01/2026";"14:01:37";2016;2;"Eleição Ordinária";1;220;"Eleições Municipais 2016";"02/10/2016";"M";"SP";"62103";"CANAS";"62103";"CANAS";68;13;"Vereador";3904;11;0;0;11;3359;0;545;"N";3359;3244;3244;3094;150;150;0;0;0;0;0;0;0;53;62;62;0;0;"18:28:26";"02/10/2016"
"19/01/2026";"14:01:37";2016;2;"Eleição Ordinária";1;220;"Eleições Municipais 2016";"02/10/2016";"M";"SP";"66850";"MARTINÓPOLIS";"66850";"MARTINÓPOLIS";71;13;"Vereador";19180;57;0;0;57;15041;0;4139;"N";15041;14288;14288;13467;821;821;0;0;0;0;0;0;0;377;376;376;0;0;"18:05:52";"02/10/2016"
"19/01/2026";"14:01:37";2016;2;"Eleição Ordinária";1;220;"Eleições Municipais 2016";"02/10/2016";"M";"SP";"64777";"GUARULHOS";"64777";"GUARULHOS";393;13;"Vereador";125918;352;5;0;357;102089;0;23829;"N";102089;83209;83209;76456;6753;6753;0;0;0;0;0;0;0;6467;12413;12413;0;0;"18:30:53";"18/12/2020"
"19/01/2026";"14:01:37";2016;2;"Eleição Ordinária";1;220;"Eleições Municipais 2016";"02/10/2016";"M";"SP";"66796";"MARIÁPOLIS";"66796";"MARIÁPOLIS";157;13;"Vereador";3348;10;0;0;10;2819;0;529;"N";2819;2659;2659;2478;181;181;0;0;0;0;0;0;0;72;88;88;0;0;"18:31:10";"02/10/2016"
"19/01/2026";"14:01:37";2016;2;"Eleição Ordinária";1;220;"Eleições Municipais 2016";"02/10/2016";"M";"SP";"62383";"OUROESTE";"62383";"OUROESTE";302;13;"Vereador";8042;21;0;0;21;6917;0;1125;"N";6917;6640;6640;6296;344;344;0;0;0;0;0;0;0;99;178;178;0;0;"18:46:09";"02/10/2016"
"19/01/2026";"14:01:37";2016;2;"Eleição Ordinária";1;220;"Eleições Municipais 2016";"02/10/2016";"M";"SP";"64599";"GUARACI";"64599";"GUARACI";80;13;"Vereador";8746;25;1;0;26;7073;0;1673;"N";7073;6822;6822;6431;391;391;0;0;0;0;0;0;0;104;147;147;0;0;"18:50:41";"02/10/2016"
"19/01/2026";"14:01:37";2016;2;"Eleição Ordinária";1;220;"Eleições Municipais 2016";"02/10/2016";"M";"SP";"70076";"SALTO DE PIRAPORA";"70076";"SALTO DE PIRAPORA";294;13;"Vereador";29771;76;1;0;77;23743;0;6028;"N";23743;20068;20068;18192;1876;1876;0;0;0;0;0;0;0;1722;1953;1953;0;0;"15:11:40";"10/12/2016"
"19/01/2026";"14:01:37";2016;2;"Eleição Ordinária";1;220;"Eleições Municipais 2016";"02/10/2016";"M";"SP";"70572";"SANTO ANDRÉ";"70572";"SANTO ANDRÉ";309;13;"Vereador";41909;122;1;0;123;32622;0;9287;"N";32622;24391;24391;21042;3349;3349;0;0;0;0;0;0;0;2218;6013;6013;0;0;"15:33:26";"05/06/2017"
"19/01/2026";"14:01:37";2016;2;"Eleição Ordinária";1;220;"Eleições Municipais 2016";"02/10/2016";"M";"SP";"65714";"ITATINGA";"65714";"ITATINGA";26;13;"Vereador";14263;42;3;0;45;11553;0;2710;"N";11553;10359;10359;9512;847;847;0;0;0;0;0;0;0;422;772;772;0;0;"18:30:33";"02/10/2016"
"19/01/2026";"14:01:37";2016;2;"Eleição Ordinária";1;220;"Eleições Municipais 2016";"02/10/2016";"M";"SP";"62715";"CAÇAPAVA";"62715";"CAÇAPAVA";29;13;"Vereador";69719;195;0;0;195;54835;0;14884;"N";54835;47277;47277;44225;3052;3052;0;0;0;0;0;0;0;3336;4222;4222;0;0;"14:06:21";"26/10/2016"
"19/01/2026";"14:01:37";2016;2;"Eleição Ordinária";1;220;"Eleições Municipais 2016";"02/10/2016";"M";"SP";"68411";"PEDREGULHO";"68411";"PEDREGULHO";155;13;"Vereador";13915;41;0;0;41;11057;0;2858;"N";11057;10166;10166;9505;661;661;0;0;0;0;0;0;0;288;603;603;0;0;"18:50:27";"02/10/2016"
"19/01/2026";"14:01:37";2016;2;"Eleição Ordinária";1;220;"Eleições Municipais 2016";"02/10/2016";"M";"SP";"61549";"VARGEM";"61549";"VARGEM";298;13;"Vereador";6964;20;0;0;20;5498;0;1466;"N";5498;4955;4955;4598;357;357;0;0;0;0;0;0;0;257;286;286;0;0;"17:39:01";"02/10/2016"
"19/01/2026";"14:01:37";2016;2;"Eleição Ordinária";1;220;"Eleições Municipais 2016";"02/10/2016";"M";"SP";"62898";"CAJURU";"62898";"CAJURU";32;13;"Vereador";18942;53;2;0;55;15052;0;3890;"N";15052;13976;13976;12966;1010;1010;0;0;0;0;0;0;0;540;536;536;0;0;"14:32:03";"24/10/2016"
"19/01/2026";"14:01:37";2016;2;"Eleição Ordinária";1;220;"Eleições Municipais 2016";"02/10/2016";"M";"SP";"61174";"ALTAIR";"61174";"ALTAIR";80;13;"Vereador";3284;9;0;0;9;2797;0;487;"N";2797;2704;2704;2541;163;163;0;0;0;0;0;0;0;36;57;57;0;0;"18:32:55";"02/10/2016"
"19/01/2026";"14:01:37";2016;2;"Eleição Ordinária";1;220;"Eleições Municipais 2016";"02/10/2016";"M";"SP";"70653";"SANTO ANTÔNIO DO PINHAL";"70653";"SANTO ANTÔNIO DO PINHAL";120;13;"Vereador";6171;18;0;0;18;4922;0;1249;"N";4922;4606;4606;4249;357;357;0;0;0;0;0;0;0;165;151;151;0;0;"18:11:21";"02/10/2016"
"19/01/2026";"14:01:37";2016;2;"Eleição Ordinária";1;220;"Eleições Municipais 2016";"02/10/2016";"M";"SP";"62448";"TRABIJU";"62448";"TRABIJU";107;13;"Vereador";1663;5;0;0;5;1500;0;163;"N";1500;1466;1466;1409;57;57;0;0;0;0;0;0;0;12;22;22;0;0;"10:52:38";"15/12/2016"
"19/01/2026";"14:01:37";2016;2;"Eleição Ordinária";1;220;"Eleições Municipais 2016";"02/10/2016";"M";"SP";"62120";"PRACINHA";"62120";"PRACINHA";69;13;"Vereador";1546;5;0;0;5;1409;0;137;"N";1409;1388;1388;1334;54;54;0;0;0;0;0;0;0;5;16;16;0;0;"18:06:05";"02/10/2016"
"19/01/2026";"14:01:37";2016;2;"Eleição Ordinária";2;221;"Eleições Municipais 2016";"30/10/2016";"M";"SP";"67890";"OSASCO";"67890";"OSASCO";276;11;"Prefeito";93429;246;2;0;248;70577;0;22852;"N";70577;60006;60006;60006;0;0;0;0;0;0;0;0;0;3108;7463;7463;0;0;"19:53:45";"30/10/2016"
"19/01/2026";"14:01:37";2016;2;"Eleição Ordinária";2;221;"Eleições Municipais 2016";"30/10/2016";"M";"SP";"69698";"RIBEIRÃO PRETO";"69698";"RIBEIRÃO PRETO";293;11;"Prefeito";72003;212;8;0;220;52730;0;19273;"N";52730;43004;43004;43004;0;0;0;0;0;0;0;0;0;1929;7797;7797;0;0;"19:35:40";"30/10/2016"
"19/01/2026";"14:01:37";2016;2;"Eleição Ordinária";2;221;"Eleições Municipais 2016";"30/10/2016";"M";"SP";"69698";"RIBEIRÃO PRETO";"69698";"RIBEIRÃO PRETO";108;11;"Prefeito";41577;117;1;0;118;28307;0;13270;"N";28307;24562;24562;24562;0;0;0;0;0;0;0;0;0;754;2991;2991;0;0;"19:35:40";"30/10/2016"
"19/01/2026";"14:01:37";2016;2;"Eleição Ordinária";2;221;"Eleições Municipais 2016";"30/10/2016";"M";"SP";"66192";"JUNDIAÍ";"66192";"JUNDIAÍ";424;11;"Prefeito";75403;261;0;0;261;58779;0;16624;"N";58779;50456;50456;50456;0;0;0;0;0;0;0;0;0;2003;6320;6320;0;0;"19:53:45";"30/10/2016"
"19/01/2026";"14:01:37";2016;1;"Eleição Extraordinária";1;311;"Suplementar Turmalina";"03/06/2018";"M";"SP";"72079";"TURMALINA";"72079";"TURMALINA";233;11;"Prefeito";1945;6;0;0;6;1676;0;269;"N";1676;1636;1636;1636;0;0;0;0;0;0;0;0;0;12;28;28;0;0;"18:05:11";"03/06/2018"
"19/01/2026";"14:01:37";2016;2;"Eleição Ordinária";1;220;"Eleições Municipais 2016";"02/10/2016";"M";"SP";"71153";"SÃO SEBASTIÃO";"71153";"SÃO SEBASTIÃO";132;11;"Prefeito";58936;176;1;0;177;46712;0;12224;"N";46712;23948;23948;23948;0;0;0;0;0;0;0;0;0;1327;21437;21437;0;0;"19:30:34";"02/10/2016"
"19/01/2026";"14:01:37";2016;2;"Eleição Ordinária";1;220;"Eleições Municipais 2016";"02/10/2016";"M";"SP";"72010";"TUPÃ";"72010";"TUPÃ";143;11;"Prefeito";50960;143;7;0;150;38277;0;12683;"N";38277;21081;21081;21081;0;0;0;0;0;0;0;0;0;1281;15915;15915;0;0;"18:40:33";"02/10/2016"
"19/01/2026";"14:01:37";2016;2;"Eleição Ordinária";1;220;"Eleições Municipais 2016";"02/10/2016";"M";"SP";"63550";"CORUMBATAÍ";"63550";"CORUMBATAÍ";245;11;"Prefeito";3067;14;0;0;14;2743;0;324;"N";2743;2513;2513;2513;0;0;0;0;0;0;0;0;0;67;163;163;0;0;"18:50:26";"02/10/2016"
"19/01/2026";"14:01:37";2016;2;"Eleição Ordinária";1;220;"Eleições Municipais 2016";"02/10/2016";"M";"SP";"68330";"PAULO DE FARIA";"68330";"PAULO DE FARIA";164;11;"Prefeito";6676;19;1;0;20;5432;0;1244;"N";5432;5103;5103;5103;0;0;0;0;0;0;0;0;0;59;270;270;0;0;"18:19:09";"02/10/2016"
"19/01/2026";"14:01:37";2016;2;"Eleição Ordinária";1;220;"Eleições Municipais 2016";"02/10/2016";"M";"SP";"68853";"PIRAPOZINHO";"68853";"PIRAPOZINHO";261;11;"Prefeito";20586;62;0;0;62;16155;0;4431;"N";16155;15109;15109;15109;0;0;0;0;0;0;0;0;0;330;716;716;0;0;"16:51:29";"14/12/2016"
"19/01/2026";"14:01:37";2016;2;"Eleição Ordinária";1;220;"Eleições Municipais 2016";"02/10/2016";"M";"SP";"61085";"IARAS";"61085";"IARAS";205;11;"Prefeito";4401;19;0;0;19;3415;0;986;"N";3415;3177;3177;3177;0;0;0;0;0;0;0;0;0;66;172;172;0;0;"19:04:11";"02/10/2016"
"19/01/2026";"14:01:37";2016;2;"Eleição Ordinária";1;220;"Eleições Municipais 2016";"02/10/2016";"M";"SP";"61786";"BOM SUCESSO DE ITARARÉ";"61786";"BOM SUCESSO DE ITARARÉ";57;11;"Prefeito";3376;10;1;0;11;2880;0;496;"N";2880;2809;2809;2809;0;0;0;0;0;0;0;0;0;18;53;53;0;0;"18:56:57";"02/10/2016"
"19/01/2026";"14:01:37";2016;2;"Eleição Ordinária";1;220;"Eleições Municipais 2016";"02/10/2016";"M";"SP";"63770";"DIADEMA";"63770";"DIADEMA";426;11;"Prefeito";83785;219;1;0;220;67504;0;16281;"N";67504;50080;50080;50080;0;0;0;0;0;0;0;0;0;6433;10991;10991;0;0;"20:05:39";"02/10/2016"
"19/01/2026";"14:01:37";2016;2;"Eleição Ordinária";1;220;"Eleições Municipais 2016";"02/10/2016";"M";"SP";"67830";"ORIENTE";"67830";"ORIENTE";180;11;"Prefeito";5418;15;0;0;15;4706;0;712;"N";4706;4419;4419;4419;0;0;0;0;0;0;0;0;0;75;212;212;0;0;"18:13:34";"02/10/2016"
"19/01/2026";"14:01:37";2016;2;"Eleição Ordinária";1;220;"Eleições Municipais 2016";"02/10/2016";"M";"SP";"66575";"LUPÉRCIO";"66575";"LUPÉRCIO";47;11;"Prefeito";3739;11;2;0;13;3032;0;707;"N";3032;2898;2898;2898;0;0;0;0;0;0;0;0;0;34;100;100;0;0;"15:21:43";"08/11/2016"
"19/01/2026";"14:01:37";2016;2;"Eleição Ordinária";1;220;"Eleições Municipais 2016";"02/10/2016";"M";"SP";"71170";"SÃO SEBASTIÃO DA GRAMA";"71170";"SÃO SEBASTIÃO DA GRAMA";366;11;"Prefeito";9616;29;1;0;30;7434;0;2182;"N";7434;6804;6804;6804;0;0;0;0;0;0;0;0;0;197;433;433;0;0;"17:39:44";"02/10/2016"
"19/01/2026";"14:01:37";2016;2;"Eleição Ordinária";1;220;"Eleições Municipais 2016";"02/10/2016";"M";"SP";"71277";"SEBASTIANÓPOLIS DO SUL";"71277";"SEBASTIANÓPOLIS DO SUL";77;11;"Prefeito";3070;9;0;0;9;2732;0;338;"N";2732;2619;1083;1083;0;0;0;1536;0;0;0;0;0;32;81;81;0;0;"13:53:41";"22/09/2017"
"19/01/2026";"14:01:37";2016;2;"Eleição Ordinária";1;220;"Eleições Municipais 2016";"02/10/2016";"M";"SP";"61824";"PARISI";"61824";"PARISI";147;11;"Prefeito";2523;7;1;0;8;2283;0;240;"N";2283;2222;2222;2222;0;0;0;0;0;0;0;0;0;10;51;51;0;0;"18:29:33";"02/10/2016"
"19/01/2026";"14:01:37";2016;2;"Eleição Ordinária";1;220;"Eleições Municipais 2016";"02/10/2016";"M";"SP";"71250";"SARUTAIÁ";"71250";"SARUTAIÁ";94;11;"Prefeito";3387;9;0;0;9;2884;0;503;"N";2884;2721;2721;2721;0;0;0;0;0;0;0;0;0;40;123;123;0;0;"18:07:36";"02/10/2016"
"19/01/2026";"14:01:37";2016;2;"Eleição Ordinária";1;220;"Eleições Municipais 2016";"02/10/2016";"M";"SP";"63770";"DIADEMA";"63770";"DIADEMA";329;11;"Prefeito";161717;431;2;0;433;130387;0;31330;"N";130387;95753;95753;95753;0;0;0;0;0;0;0;0;0;11802;22832;22832;0;0;"20:05:39";"02/10/2016"
"19/01/2026";"14:01:37";2016;2;"Eleição Ordinária";1;220;"Eleições Municipais 2016";"02/10/2016";"M";"SP";"68039";"PALMARES PAULISTA";"68039";"PALMARES PAULISTA";111;11;"Prefeito";7483;22;1;0;23;6399;0;1084;"N";6399;6021;6021;6021;0;0;0;0;0;0;0;0;0;98;280;280;0;0;"18:43:17";"02/10/2016"
"19/01/2026";"14:01:37";2016;2;"Eleição Ordinária";1;220;"Eleições Municipais 2016";"02/10/2016";"M";"SP";"69957";"SAGRES";"69957";"SAGRES";163;11;"Prefeito";2156;6;0;0;6;1938;0;218;"N";1938;1868;1868;1868;0;0;0;0;0;0;0;0;0;23;47;47;0;0;"19:01:57";"02/10/2016"
"19/01/2026";"14:01:37";2016;2;"Eleição Ordinária";1;220;"Eleições Municipais 2016";"02/10/2016";"M";"SP";"70912";"SÃO JOSÉ DA BELA VISTA";"70912";"SÃO JOSÉ DA BELA VISTA";240;11;"Prefeito";7476;21;0;0;21;6098;0;1378;"N";6098;2779;2779;2779;0;0;0;0;0;0;0;0;0;89;3230;3230;0;0;"17:54:32";"02/10/2016"
"19/01/2026";"14:01:37";2016;2;"Eleição Ordinária";1;220;"Eleições Municipais 2016";"02/10/2016";"M";"SP";"68756";"PIRACICABA";"68756";"PIRACICABA";93;11;"Prefeito";142180;394;11;0;405;111897;0;30283;"N";111897;94811;94811;94811;0;0;0;0;0;0;0;0;0;6055;11031;11031;0;0;"19:47:50";"02/10/2016"
"19/01/2026";"14:01:37";2016;2;"Eleição Ordinária";1;220;"Eleições Municipais 2016";"02/10/2016";"M";"SP";"67890";"OSASCO";"67890";"OSASCO";213;11;"Prefeito";26113;76;0;0;76;19163;0;6950;"N";19163;12404;12404;12404;0;0;0;0;0;0;0;0;0;1121;5638;5638;0;0;"11:28:37";"29/10/2016"
"19/01/2026";"14:01:37";2016;2;"Eleição Ordinária";1;220;"Eleições Municipais 2016";"02/10/2016";"M";"SP";"63010";"CÂNDIDO MOTA";"63010";"CÂNDIDO MOTA";226;11;"Prefeito";24770;69;1;0;70;19433;0;5337;"N";19433;16999;16999;16999;0;0;0;0;0;0;0;0;0;991;1443;1443;0;0;"13:37:40";"14/10/2016"
"19/01/2026";"14:01:37";2016;2;"Eleição Ordinária";1;220;"Eleições Municipais 2016";"02/10/2016";"M";"SP";"62073";"BARRA DO TURVO";"62073";"BARRA DO TURVO";228;11;"Prefeito";7442;24;0;0;24;5590;0;1852;"N";5590;5298;5298;5298;0;0;0;0;0;0;0;0;0;58;234;234;0;0;"19:21:32";"02/10/2016"
"19/01/2026";"14:01:37";2016;2;"Eleição Ordinária";1;220;"Eleições Municipais 2016";"02/10/2016";"M";"SP";"64637";"GUARANTÃ";"64637";"GUARANTÃ";31;11;"Prefeito";5608;16;0;0;16;4623;0;985;"N";4623;4400;4400;4400;0;0;0;0;0;0;0;0;0;90;133;133;0;0;"16:25:44";"31/10/2016"
"19/01/2026";"14:01:37";2016;2;"Eleição Ordinária";1;220;"Eleições Municipais 2016";"02/10/2016";"M";"SP";"63231";"CATANDUVA";"63231";"CATANDUVA";40;13;"Vereador";86829;224;2;0;226;68203;0;18626;"N";68203;60579;60579;55684;4895;4895;0;0;0;0;0;0;0;3486;4138;4138;0;0;"17:18:30";"07/12/2016"
"19/01/2026";"14:01:37";2016;2;"Eleição Ordinária";1;220;"Eleições Municipais 2016";"02/10/2016";"M";"SP";"63134";"CARAPICUÍBA";"63134";"CARAPICUÍBA";388;13;"Vereador";186246;490;0;0;490;151469;0;34777;"N";151469;123515;123515;113851;9664;9664;0;0;0;0;0;0;0;13586;14368;14368;0;0;"14:08:47";"12/12/2016"
"19/01/2026";"14:01:37";2016;2;"Eleição Ordinária";1;220;"Eleições Municipais 2016";"02/10/2016";"M";"SP";"67130";"MOGI DAS CRUZES";"67130";"MOGI DAS CRUZES";287;13;"Vereador";137886;372;8;0;380;112634;0;25252;"N";112634;96373;96373;90012;6361;6361;0;0;0;0;0;0;0;7755;8506;8506;0;0;"15:17:27";"12/12/2016"
"19/01/2026";"14:01:37";2016;2;"Eleição Ordinária";1;220;"Eleições Municipais 2016";"02/10/2016";"M";"SP";"65692";"ITATIBA";"65692";"ITATIBA";58;13;"Vereador";77171;207;2;0;209;61986;0;15185;"N";61986;54564;54564;50681;3883;3883;0;0;0;0;0;0;0;3453;3969;3969;0;0;"14:28:49";"09/12/2016"
"19/01/2026";"14:01:37";2016;2;"Eleição Ordinária";1;220;"Eleições Municipais 2016";"02/10/2016";"M";"SP";"64351";"GARÇA";"64351";"GARÇA";47;13;"Vereador";35137;111;6;0;117;26569;0;8568;"N";26569;23755;23755;21941;1814;1814;0;0;0;0;0;0;0;1592;1222;1222;0;0;"14:41:34";"30/03/2017"
"19/01/2026";"14:01:37";2016;2;"Eleição Ordinária";1;220;"Eleições Municipais 2016";"02/10/2016";"M";"SP";"68870";"PIRASSUNUNGA";"68870";"PIRASSUNUNGA";311;13;"Vereador";29502;91;1;0;92;22205;0;7297;"N";22205;19233;19233;17875;1358;1358;0;0;0;0;0;0;0;1438;1534;1534;0;0;"18:29:09";"02/10/2016"
"19/01/2026";"14:01:37";2016;2;"Eleição Ordinária";1;220;"Eleições Municipais 2016";"02/10/2016";"M";"SP";"69396";"QUELUZ";"69396";"QUELUZ";105;13;"Vereador";7910;23;1;0;24;6219;0;1691;"N";6219;5932;5932;5513;419;419;0;0;0;0;0;0;0;120;167;167;0;0;"17:38:51";"02/10/2016"
"19/01/2026";"14:01:37";2016;2;"Eleição Ordinária";1;220;"Eleições Municipais 2016";"02/10/2016";"M";"SP";"68110";"PARAGUAÇU PAULISTA";"68110";"PARAGUAÇU PAULISTA";12;13;"Vereador";32465;91;0;0;91;25034;0;7431;"N";25034;23160;23160;21657;1503;1503;0;0;0;0;0;0;0;1108;766;766;0;0;"18:29:25";"02/10/2016"
"19/01/2026";"14:01:37";2016;2;"Eleição Ordinária";1;220;"Eleições Municipais 2016";"02/10/2016";"M";"SP";"63550";"CORUMBATAÍ";"63550";"CORUMBATAÍ";245;13;"Vereador";3067;14;0;0;14;2743;0;324;"N";2743;2569;2569;2433;136;136;0;0;0;0;0;0;0;65;109;109;0;0;"09:20:27";"03/12/2016"
"19/01/2026";"14:01:37";2016;2;"Eleição Ordinária";1;220;"Eleições Municipais 2016";"02/10/2016";"M";"SP";"65730";"ITIRAPINA";"65730";"ITIRAPINA";245;13;"Vereador";9531;33;0;0;33;8166;0;1365;"N";8166;7776;7776;7426;350;350;0;0;0;0;0;0;0;169;221;221;0;0;"09:25:12";"03/12/2016"
"19/01/2026";"14:01:37";2016;2;"Eleição Ordinária";1;220;"Eleições Municipais 2016";"02/10/2016";"M";"SP";"63916";"DUARTINA";"63916";"DUARTINA";159;13;"Vereador";10276;27;0;0;27;8304;0;1972;"N";8304;7663;7663;7159;504;504;0;0;0;0;0;0;0;283;358;358;0;0;"17:38:11";"02/10/2016"
"19/01/2026";"14:01:37";2016;2;"Eleição Ordinária";1;220;"Eleições Municipais 2016";"02/10/2016";"M";"SP";"66630";"MACAUBAL";"66630";"MACAUBAL";77;13;"Vereador";6125;17;0;0;17;5218;0;907;"N";5218;4950;4950;4700;250;250;0;0;0;0;0;0;0;142;126;126;0;0;"12:11:34";"18/11/2016"
"19/01/2026";"14:01:37";2016;2;"Eleição Ordinária";1;220;"Eleições Municipais 2016";"02/10/2016";"M";"SP";"71790";"TARABAI";"71790";"TARABAI";261;13;"Vereador";5725;16;1;0;17;4834;0;891;"N";4834;4624;4624;4403;221;221;0;0;0;0;0;0;0;52;158;158;0;0;"17:36:44";"14/12/2016"
"19/01/2026";"14:01:37";2016;2;"Eleição Ordinária";1;220;"Eleições Municipais 2016";"02/10/2016";"M";"SP";"65455";"ITAPECERICA DA SERRA";"65455";"ITAPECERICA DA SERRA";201;13;"Vereador";113323;311;6;0;317;90494;0;22829;"N";90494;78277;78277;72370;5907;5907;0;0;0;0;0;0;0;6133;6084;6084;0;0;"14:03:43";"09/11/2016"
"19/01/2026";"14:01:37";2016;2;"Eleição Ordinária";1;220;"Eleições Municipais 2016";"02/10/2016";"M";"SP";"71510";"SUZANO";"71510";"SUZANO";415;13;"Vereador";98607;288;3;0;291;79943;0;18664;"N";79943;68823;68823;64483;4340;4340;0;0;0;0;0;0;0;4946;6174;6174;0;0;"14:16:50";"02/12/2016"
"19/01/2026";"14:01:37";2016;2;"Eleição Ordinária";1;220;"Eleições Municipais 2016";"02/10/2016";"M";"SP";"66893";"MAUÁ";"66893";"MAUÁ";365;13;"Vereador";111702;319;4;0;323;92710;0;18992;"N";92710;78475;78475;73763;4712;4712;0;0;0;0;0;0;0;4868;9367;9367;0;0;"15:14:43";"14/12/2016"
"19/01/2026";"14:01:37";2016;2;"Eleição Ordinária";1;220;"Eleições Municipais 2016";"02/10/2016";"M";"SP";"62006";"ILHA COMPRIDA";"62006";"ILHA COMPRIDA";51;13;"Vereador";10894;30;0;0;30;8792;0;2102;"N";8792;8356;8356;7967;389;389;0;0;0;0;0;0;0;100;336;336;0;0;"12:19:35";"07/10/2016"
"19/01/2026";"14:01:37";2016;2;"Eleição Ordinária";1;220;"Eleições Municipais 2016";"02/10/2016";"M";"SP";"65439";"ITANHAÉM";"65439";"ITANHAÉM";189;13;"Vereador";73881;200;0;0;200;53689;0;20192;"N";53689;48696;48696;44074;4622;4622;0;0;0;0;0;0;0;2073;2920;2920;0;0;"16:26:35";"27/04/2018"
"19/01/2026";"14:01:37";2016;2;"Eleição Ordinária";1;220;"Eleições Municipais 2016";"02/10/2016";"M";"SP";"61409";"NOVAIS";"61409";"NOVAIS";179;13;"Vereador";3713;11;0;0;11;3267;0;446;"N";3267;3122;3122;2964;158;158;0;0;0;0;0;0;0;30;115;115;0;0;"19:03:06";"02/10/2016"
"19/01/2026";"14:01:37";2016;2;"Eleição Ordinária";1;220;"Eleições Municipais 2016";"02/10/2016";"M";"SP";"64831";"IACANGA";"64831";"IACANGA";49;13;"Vereador";8040;23;2;0;25;6850;0;1190;"N";6850;6552;6552;6118;434;434;0;0;0;0;0;0;0;169;129;129;0;0;"18:39:29";"02/10/2016"
"19/01/2026";"14:01:37";2016;2;"Eleição Ordinária";1;220;"Eleições Municipais 2016";"02/10/2016";"M";"SP";"66230";"JUQUIÁ";"66230";"JUQUIÁ";223;13;"Vereador";17351;64;7;0;71;12199;0;5152;"N";12199;11678;11678;10899;779;779;0;0;0;0;0;0;0;231;290;290;0;0;"16:50:38";"06/07/2017"
"19/01/2026";"14:01:37";2016;2;"Eleição Ordinária";1;220;"Eleições Municipais 2016";"02/10/2016";"M";"SP";"61190";"ALTINÓPOLIS";"61190";"ALTINÓPOLIS";202;13;"Vereador";13376;38;1;0;39;10426;0;2950;"N";10426;9837;9837;9259;578;578;0;0;0;0;0;0;0;252;337;337;0;0;"18:15:48";"02/10/2016"
"19/01/2026";"14:01:37";2016;2;"Eleição Ordinária";1;220;"Eleições Municipais 2016";"02/10/2016";"M";"SP";"61956";"BÁLSAMO";"61956";"BÁLSAMO";72;13;"Vereador";7143;20;0;0;20;6415;0;728;"N";6415;6175;6175;5875;300;300;0;0;0;0;0;0;0;123;117;117;0;0;"14:19:58";"05/10/2016"
"19/01/2026";"14:01:37";2016;2;"Eleição Ordinária";1;220;"Eleições Municipais 2016";"02/10/2016";"M";"SP";"69779";"RINÓPOLIS";"69779";"RINÓPOLIS";184;13;"Vereador";7758;22;0;0;22;6213;0;1545;"N";6213;5897;5897;5595;302;302;0;0;0;0;0;0;0;147;169;169;0;0;"18:54:33";"02/10/2016"
"19/01/2026";"14:01:37";2016;2;"Eleição Ordinária";1;220;"Eleições Municipais 2016";"02/10/2016";"M";"SP";"71072";"SÃO PAULO";"71072";"SÃO PAULO";353;13;"Vereador";167732;490;3;0;493;135168;0;32564;"N";135168;99466;99466;84380;15086;15086;0;0;0;0;0;0;0;16194;19508;19508;0;0;"14:11:09";"26/06/2018"
"19/01/2026";"14:01:37";2016;2;"Eleição Ordinária";1;220;"Eleições Municipais 2016";"02/10/2016";"M";"SP";"61352";"AMÉRICO DE CAMPOS";"61352";"AMÉRICO DE CAMPOS";138;13;"Vereador";4879;15;0;0;15;4326;0;553;"N";4326;4168;4168;4007;161;161;0;0;0;0;0;0;0;53;105;105;0;0;"15:02:23";"31/10/2016"
"19/01/2026";"14:01:37";2016;2;"Eleição Ordinária";1;220;"Eleições Municipais 2016";"02/10/2016";"M";"SP";"63770";"DIADEMA";"63770";"DIADEMA";329;13;"Vereador";161717;431;2;0;433;130387;0;31330;"N";130387;105892;105892;97320;8572;8572;0;0;0;0;0;0;0;9721;14774;14774;0;0;"15:40:28";"04/11/2016"
"19/01/2026";"14:01:37";2016;2;"Eleição Ordinária";1;220;"Eleições Municipais 2016";"02/10/2016";"M";"SP";"63878";"DOURADO";"63878";"DOURADO";107;13;"Vereador";7572;20;0;0;20;6120;0;1452;"N";6120;5618;5618;5282;336;336;0;0;0;0;0;0;0;178;324;324;0;0;"10:52:14";"15/12/2016"
"19/01/2026";"14:01:37";2016;2;"Eleição Ordinária";1;220;"Eleições Municipais 2016";"02/10/2016";"M";"SP";"61646";"ARAPEÍ";"61646";"ARAPEÍ";18;13;"Vereador";2571;8;0;0;8;2163;0;408;"N";2163;2087;2087;1947;140;140;0;0;0;0;0;0;0;17;59;59;0;0;"18:27:34";"02/10/2016"
"19/01/2026";"14:01:37";2016;2;"Eleição Ordinária";1;220;"Eleições Municipais 2016";"02/10/2016";"M";"SP";"61891";"AVARÉ";"61891";"AVARÉ";17;13;"Vereador";64269;173;0;0;173;49379;0;14890;"N";49379;42299;42299;39190;3109;3109;0;0;0;0;0;0;0;2986;4094;4094;0;0;"12:32:58";"28/10/2016"
"19/01/2026";"14:01:37";2016;2;"Eleição Ordinária";1;220;"Eleições Municipais 2016";"02/10/2016";"M";"SP";"67539";"NHANDEARA";"67539";"NHANDEARA";162;13;"Vereador";8206;25;0;0;25;6854;0;1352;"N";6854;6270;6270;5959;311;311;0;0;0;0;0;0;0;179;405;405;0;0;"15:30:49";"30/11/2016"
"19/01/2026";"14:01:37";2016;2;"Eleição Ordinária";1;220;"Eleições Municipais 2016";"02/10/2016";"M";"SP";"67717";"NOVO HORIZONTE";"67717";"NOVO HORIZONTE";79;13;"Vereador";28979;83;5;0;88;22671;0;6308;"N";22671;20913;20913;19691;1222;1222;0;0;0;0;0;0;0;995;763;763;0;0;"18:37:30";"31/10/2016"
"19/01/2026";"14:01:37";2016;2;"Eleição Ordinária";1;220;"Eleições Municipais 2016";"02/10/2016";"M";"SP";"65951";"JAGUARIÚNA";"65951";"JAGUARIÚNA";333;13;"Vereador";37449;100;2;0;102;30144;0;7305;"N";30144;26543;26543;24910;1633;1633;0;0;0;0;0;0;0;1351;2250;2250;0;0;"15:42:42";"13/12/2016"
"19/01/2026";"14:01:37";2016;2;"Eleição Ordinária";1;220;"Eleições Municipais 2016";"02/10/2016";"M";"SP";"70718";"SANTOS";"70718";"SANTOS";272;13;"Vereador";109360;308;3;0;311;82700;0;26660;"N";82700;72199;72199;67897;4302;4302;0;0;0;0;0;0;0;3672;6829;6829;0;0;"12:11:48";"09/12/2016"
"19/01/2026";"14:01:37";2016;2;"Eleição Ordinária";1;220;"Eleições Municipais 2016";"02/10/2016";"M";"SP";"61832";"AURIFLAMA";"61832";"AURIFLAMA";225;13;"Vereador";11532;32;0;0;32;9394;0;2138;"N";9394;8568;8568;8043;525;525;0;0;0;0;0;0;0;273;553;553;0;0;"13:55:35";"26/10/2016"
"19/01/2026";"14:01:37";2016;2;"Eleição Ordinária";1;220;"Eleições Municipais 2016";"02/10/2016";"M";"SP";"72214";"URUPÊS";"72214";"URUPÊS";207;13;"Vereador";10880;32;1;0;33;8623;0;2257;"N";8623;7955;7955;7487;468;468;0;0;0;0;0;0;0;246;422;422;0;0;"15:45:31";"12/12/2016"
"19/01/2026";"14:01:37";2016;2;"Eleição Ordinária";1;220;"Eleições Municipais 2016";"02/10/2016";"M";"SP";"61123";"DIRCE REIS";"61123";"DIRCE REIS";152;13;"Vereador";1685;5;1;0;6;1575;0;110;"N";1575;1547;1547;1483;64;64;0;0;0;0;0;0;0;7;21;21;0;0;"18:43:32";"02/10/2016"
"19/01/2026";"14:01:37";2016;2;"Eleição Ordinária";1;220;"Eleições Municipais 2016";"02/10/2016";"M";"SP";"66974";"MINEIROS DO TIETÊ";"66974";"MINEIROS DO TIETÊ";241;11;"Prefeito";9315;24;0;0;24;7520;0;1795;"N";7520;5020;5020;5020;0;0;0;0;0;0;0;0;0;308;2192;2192;0;0;"14:12:32";"23/12/2016"
"19/01/2026";"14:01:37";2016;2;"Eleição Ordinária";1;220;"Eleições Municipais 2016";"02/10/2016";"M";"SP";"71072";"SÃO PAULO";"71072";"SÃO PAULO";246;11;"Prefeito";119008;336;0;0;336;89470;0;29538;"N";89470;80240;80240;80240;0;0;0;0;0;0;0;0;0;2591;6639;6639;0;0;"14:11:09";"26/06/2018"
"19/01/2026";"14:01:37";2016;2;"Eleição Ordinária";1;220;"Eleições Municipais 2016";"02/10/2016";"M";"SP";"64092";"FARTURA";"64092";"FARTURA";234;11;"Prefeito";13152;37;1;0;38;10396;0;2756;"N";10396;9874;9874;9874;0;0;0;0;0;0;0;0;0;141;381;381;0;0;"18:06:02";"02/10/2016"
"19/01/2026";"14:01:37";2016;2;"Eleição Ordinária";1;220;"Eleições Municipais 2016";"02/10/2016";"M";"SP";"66893";"MAUÁ";"66893";"MAUÁ";217;11;"Prefeito";49680;143;1;0;144;40304;0;9376;"N";40304;30299;30299;30299;0;0;0;0;0;0;0;0;0;2557;7448;7448;0;0;"20:02:34";"02/10/2016"
"19/01/2026";"14:01:37";2016;2;"Eleição Ordinária";1;220;"Eleições Municipais 2016";"02/10/2016";"M";"SP";"71218";"SÃO VICENTE";"71218";"SÃO VICENTE";177;11;"Prefeito";99040;277;0;0;277;75350;0;23690;"N";75350;65372;65372;65372;0;0;0;0;0;0;0;0;0;3373;6605;6605;0;0;"20:48:34";"02/10/2016"
"19/01/2026";"14:01:37";2016;2;"Eleição Ordinária";1;220;"Eleições Municipais 2016";"02/10/2016";"M";"SP";"71994";"TRÊS FRONTEIRAS";"71994";"TRÊS FRONTEIRAS";187;11;"Prefeito";5088;16;0;0;16;4276;0;812;"N";4276;4036;4036;4036;0;0;0;0;0;0;0;0;0;82;158;158;0;0;"18:20:07";"02/10/2016"
"19/01/2026";"14:01:37";2016;2;"Eleição Ordinária";1;220;"Eleições Municipais 2016";"02/10/2016";"M";"SP";"64777";"GUARULHOS";"64777";"GUARULHOS";279;11;"Prefeito";130120;360;2;0;362;108760;0;21360;"N";108760;89002;89002;89002;0;0;0;0;0;0;0;0;0;6514;13244;13244;0;0;"14:52:34";"26/10/2016"
"19/01/2026";"14:01:37";2016;2;"Eleição Ordinária";1;220;"Eleições Municipais 2016";"02/10/2016";"M";"SP";"63495";"CORDEIRÓPOLIS";"63495";"CORDEIRÓPOLIS";243;11;"Prefeito";17934;56;2;0;58;14816;0;3118;"N";14816;13565;13565;13565;0;0;0;0;0;0;0;0;0;409;842;842;0;0;"13:06:26";"14/12/2016"
"19/01/2026";"14:01:37";2016;2;"Eleição Ordinária";1;220;"Eleições Municipais 2016";"02/10/2016";"M";"SP";"65951";"JAGUARIÚNA";"65951";"JAGUARIÚNA";333;11;"Prefeito";37449;100;2;0;102;30144;0;7305;"N";30144;27916;27916;27916;0;0;0;0;0;0;0;0;0;678;1550;1550;0;0;"15:42:42";"13/12/2016"
"19/01/2026";"14:01:37";2016;2;"Eleição Ordinária";1;220;"Eleições Municipais 2016";"02/10/2016";"M";"SP";"67156";"MOGI GUAÇU";"67156";"MOGI GUAÇU";216;11;"Prefeito";111433;290;17;0;307;88939;0;22494;"N";88939;70510;70510;70510;0;0;0;0;0;0;0;0;0;6071;12358;12358;0;0;"19:55:34";"02/10/2016"
"19/01/2026";"14:01:37";2016;2;"Eleição Ordinária";1;220;"Eleições Municipais 2016";"02/10/2016";"M";"SP";"62030";"BARIRI";"62030";"BARIRI";19;11;"Prefeito";24662;65;0;0;65;18647;0;6015;"N";18647;17003;10112;10112;0;0;0;6891;0;0;0;0;0;642;1002;1002;0;0;"13:25:26";"27/03/2018"
"19/01/2026";"14:01:37";2016;2;"Eleição Ordinária";1;220;"Eleições Municipais 2016";"02/10/2016";"M";"SP";"61921";"ZACARIAS";"61921";"ZACARIAS";214;11;"Prefeito";2576;8;0;0;8;2305;0;271;"N";2305;2213;2213;2213;0;0;0;0;0;0;0;0;0;15;77;77;0;0;"18:32:07";"02/10/2016"
"19/01/2026";"14:01:37";2016;2;"Eleição Ordinária";1;220;"Eleições Municipais 2016";"02/10/2016";"M";"SP";"67016";"MIRA ESTRELA";"67016";"MIRA ESTRELA";224;11;"Prefeito";2684;8;0;0;8;2264;0;420;"N";2264;1811;1811;1811;0;0;0;0;0;0;0;0;0;130;323;323;0;0;"17:56:52";"02/10/2016"
